[2025-10-31T22:56:59.839+0000] {manager.py:469} INFO - Processing files using up to 2 processes at a time 
[2025-10-31T22:56:59.848+0000] {manager.py:470} INFO - Process each file at most once every 30 seconds
[2025-10-31T22:56:59.858+0000] {manager.py:471} INFO - Checking for new files in /opt/airflow/dags every 300 seconds
[2025-10-31T22:56:59.894+0000] {manager.py:738} INFO - Searching for files in /opt/airflow/dags
[2025-10-31T22:57:00.477+0000] {manager.py:741} INFO - There are 2 files in /opt/airflow/dags
[2025-10-31T22:57:02.073+0000] {manager.py:879} INFO - 
================================================================================
DAG File Processing Stats

File Path                                  PID  Runtime      # DAGs    # Errors  Last Runtime    Last Run
---------------------------------------  -----  ---------  --------  ----------  --------------  ----------
/opt/airflow/dags/load_to_clickhouse.py    170  0.75s             0           0
/opt/airflow/dags/validate.py              167  0.92s             0           0
================================================================================
[2025-10-31T22:57:31.544+0000] {manager.py:879} INFO - 
================================================================================
DAG File Processing Stats

File Path                                PID    Runtime      # DAGs    # Errors  Last Runtime    Last Run
---------------------------------------  -----  ---------  --------  ----------  --------------  -------------------
/opt/airflow/dags/load_to_clickhouse.py                           0           1  0.85s           2025-10-31T22:57:02
/opt/airflow/dags/validate.py                                     1           0  5.94s           2025-10-31T22:57:07
================================================================================
[2025-10-31T22:58:01.599+0000] {manager.py:879} INFO - 
================================================================================
DAG File Processing Stats

File Path                                PID    Runtime      # DAGs    # Errors  Last Runtime    Last Run
---------------------------------------  -----  ---------  --------  ----------  --------------  -------------------
/opt/airflow/dags/load_to_clickhouse.py                           0           1  0.34s           2025-10-31T22:57:32
/opt/airflow/dags/validate.py                                     1           0  14.27s          2025-10-31T22:57:51
================================================================================
[2025-10-31T22:58:31.578+0000] {manager.py:879} INFO - 
================================================================================
DAG File Processing Stats

File Path                                PID    Runtime      # DAGs    # Errors  Last Runtime    Last Run
---------------------------------------  -----  ---------  --------  ----------  --------------  -------------------
/opt/airflow/dags/load_to_clickhouse.py                           0           1  6.74s           2025-10-31T22:58:11
/opt/airflow/dags/validate.py                                     1           0  7.51s           2025-10-31T22:58:30
================================================================================
[2025-10-31T22:59:01.769+0000] {manager.py:879} INFO - 
================================================================================
DAG File Processing Stats

File Path                                  PID  Runtime      # DAGs    # Errors  Last Runtime    Last Run
---------------------------------------  -----  ---------  --------  ----------  --------------  -------------------
/opt/airflow/dags/load_to_clickhouse.py                           0           1  0.23s           2025-10-31T22:58:42
/opt/airflow/dags/validate.py              205  1.03s             1           0  7.51s           2025-10-31T22:58:30
================================================================================
[2025-10-31T22:59:12.167+0000] {manager.py:451} INFO - Exiting gracefully upon receiving signal 15
[2025-10-31T23:02:17.199+0000] {manager.py:469} INFO - Processing files using up to 2 processes at a time 
[2025-10-31T23:02:17.205+0000] {manager.py:470} INFO - Process each file at most once every 30 seconds
[2025-10-31T23:02:17.207+0000] {manager.py:471} INFO - Checking for new files in /opt/airflow/dags every 300 seconds
[2025-10-31T23:02:17.209+0000] {manager.py:738} INFO - Searching for files in /opt/airflow/dags
[2025-10-31T23:02:17.398+0000] {manager.py:741} INFO - There are 2 files in /opt/airflow/dags
[2025-10-31T23:02:18.409+0000] {manager.py:879} INFO - 
================================================================================
DAG File Processing Stats

File Path                                  PID  Runtime      # DAGs    # Errors  Last Runtime    Last Run
---------------------------------------  -----  ---------  --------  ----------  --------------  ----------
/opt/airflow/dags/load_to_clickhouse.py    170  0.68s             0           0
/opt/airflow/dags/validate.py              167  0.74s             0           0
================================================================================
[2025-10-31T23:02:53.536+0000] {manager.py:879} INFO - 
================================================================================
DAG File Processing Stats

File Path                                  PID  Runtime      # DAGs    # Errors  Last Runtime    Last Run
---------------------------------------  -----  ---------  --------  ----------  --------------  -------------------
/opt/airflow/dags/load_to_clickhouse.py    178  2.02s             0           1  0.91s           2025-10-31T23:02:18
/opt/airflow/dags/validate.py                                     1           0  10.29s          2025-10-31T23:02:27
================================================================================
[2025-10-31T23:03:24.927+0000] {manager.py:879} INFO - 
================================================================================
DAG File Processing Stats

File Path                                PID    Runtime      # DAGs    # Errors  Last Runtime    Last Run
---------------------------------------  -----  ---------  --------  ----------  --------------  -------------------
/opt/airflow/dags/load_to_clickhouse.py                           0           1  8.28s           2025-10-31T23:02:58
/opt/airflow/dags/validate.py                                     1           0  5.41s           2025-10-31T23:03:03
================================================================================
[2025-10-31T23:03:54.687+0000] {manager.py:879} INFO - 
================================================================================
DAG File Processing Stats

File Path                                PID    Runtime      # DAGs    # Errors  Last Runtime    Last Run
---------------------------------------  -----  ---------  --------  ----------  --------------  -------------------
/opt/airflow/dags/load_to_clickhouse.py                           0           1  11.37s          2025-10-31T23:03:40
/opt/airflow/dags/validate.py                                     1           0  7.97s           2025-10-31T23:03:43
================================================================================
[2025-10-31T23:04:24.550+0000] {manager.py:879} INFO - 
================================================================================
DAG File Processing Stats

File Path                                  PID  Runtime      # DAGs    # Errors  Last Runtime    Last Run
---------------------------------------  -----  ---------  --------  ----------  --------------  -------------------
/opt/airflow/dags/load_to_clickhouse.py                           0           1  10.88s          2025-10-31T23:04:23
/opt/airflow/dags/validate.py              203  4.76s             1           0  7.97s           2025-10-31T23:03:43
================================================================================
[2025-10-31T23:04:54.808+0000] {manager.py:879} INFO - 
================================================================================
DAG File Processing Stats

File Path                                  PID  Runtime      # DAGs    # Errors  Last Runtime    Last Run
---------------------------------------  -----  ---------  --------  ----------  --------------  -------------------
/opt/airflow/dags/load_to_clickhouse.py    211  0.82s             0           1  10.88s          2025-10-31T23:04:23
/opt/airflow/dags/validate.py                                     1           0  7.00s           2025-10-31T23:04:26
================================================================================
[2025-10-31T23:05:25.043+0000] {manager.py:879} INFO - 
================================================================================
DAG File Processing Stats

File Path                                PID    Runtime      # DAGs    # Errors  Last Runtime    Last Run
---------------------------------------  -----  ---------  --------  ----------  --------------  -------------------
/opt/airflow/dags/load_to_clickhouse.py                           0           1  1.70s           2025-10-31T23:04:55
/opt/airflow/dags/validate.py                                     1           0  16.69s          2025-10-31T23:05:14
================================================================================
[2025-10-31T23:05:55.485+0000] {manager.py:879} INFO - 
================================================================================
DAG File Processing Stats

File Path                                  PID  Runtime      # DAGs    # Errors  Last Runtime    Last Run
---------------------------------------  -----  ---------  --------  ----------  --------------  -------------------
/opt/airflow/dags/load_to_clickhouse.py                           0           1  0.36s           2025-10-31T23:05:27
/opt/airflow/dags/validate.py              227  4.36s             1           0  16.69s          2025-10-31T23:05:14
================================================================================
[2025-10-31T23:06:29.434+0000] {manager.py:879} INFO - 
================================================================================
DAG File Processing Stats

File Path                                PID    Runtime      # DAGs    # Errors  Last Runtime    Last Run
---------------------------------------  -----  ---------  --------  ----------  --------------  -------------------
/opt/airflow/dags/load_to_clickhouse.py                           0           1  1.34s           2025-10-31T23:05:59
/opt/airflow/dags/validate.py                                     1           0  24.14s          2025-10-31T23:06:15
================================================================================
[2025-10-31T23:07:09.461+0000] {manager.py:879} INFO - 
================================================================================
DAG File Processing Stats

File Path                                PID    Runtime      # DAGs    # Errors  Last Runtime    Last Run
---------------------------------------  -----  ---------  --------  ----------  --------------  -------------------
/opt/airflow/dags/load_to_clickhouse.py                           0           1  3.20s           2025-10-31T23:06:41
/opt/airflow/dags/validate.py                                     1           0  17.58s          2025-10-31T23:07:04
================================================================================
[2025-10-31T23:07:18.235+0000] {manager.py:738} INFO - Searching for files in /opt/airflow/dags
[2025-10-31T23:07:18.979+0000] {manager.py:741} INFO - There are 2 files in /opt/airflow/dags
[2025-10-31T23:07:40.223+0000] {manager.py:879} INFO - 
================================================================================
DAG File Processing Stats

File Path                                  PID  Runtime      # DAGs    # Errors  Last Runtime    Last Run
---------------------------------------  -----  ---------  --------  ----------  --------------  -------------------
/opt/airflow/dags/load_to_clickhouse.py                           0           1  4.16s           2025-10-31T23:07:19
/opt/airflow/dags/validate.py              254  3.91s             1           0  17.58s          2025-10-31T23:07:04
================================================================================
[2025-10-31T23:08:10.551+0000] {manager.py:879} INFO - 
================================================================================
DAG File Processing Stats

File Path                                PID    Runtime      # DAGs    # Errors  Last Runtime    Last Run
---------------------------------------  -----  ---------  --------  ----------  --------------  -------------------
/opt/airflow/dags/load_to_clickhouse.py                           0           1  2.16s           2025-10-31T23:07:52
/opt/airflow/dags/validate.py                                     1           0  20.20s          2025-10-31T23:07:56
================================================================================
[2025-10-31T23:08:41.588+0000] {manager.py:879} INFO - 
================================================================================
DAG File Processing Stats

File Path                                PID    Runtime      # DAGs    # Errors  Last Runtime    Last Run
---------------------------------------  -----  ---------  --------  ----------  --------------  -------------------
/opt/airflow/dags/load_to_clickhouse.py                           0           1  5.02s           2025-10-31T23:08:28
/opt/airflow/dags/validate.py                                     1           0  3.12s           2025-10-31T23:08:31
================================================================================
[2025-10-31T23:09:12.047+0000] {manager.py:879} INFO - 
================================================================================
DAG File Processing Stats

File Path                                  PID  Runtime      # DAGs    # Errors  Last Runtime    Last Run
---------------------------------------  -----  ---------  --------  ----------  --------------  -------------------
/opt/airflow/dags/load_to_clickhouse.py                           0           1  1.70s           2025-10-31T23:09:10
/opt/airflow/dags/validate.py              276  4.31s             1           0  3.12s           2025-10-31T23:08:31
================================================================================
[2025-10-31T23:09:41.764+0000] {manager.py:879} INFO - 
================================================================================
DAG File Processing Stats

File Path                                PID    Runtime      # DAGs    # Errors  Last Runtime    Last Run
---------------------------------------  -----  ---------  --------  ----------  --------------  -------------------
/opt/airflow/dags/load_to_clickhouse.py                           0           1  1.22s           2025-10-31T23:09:41
/opt/airflow/dags/validate.py                                     1           0  7.97s           2025-10-31T23:09:15
================================================================================
[2025-10-31T23:10:11.463+0000] {manager.py:879} INFO - 
================================================================================
DAG File Processing Stats

File Path                                PID    Runtime      # DAGs    # Errors  Last Runtime    Last Run
---------------------------------------  -----  ---------  --------  ----------  --------------  -------------------
/opt/airflow/dags/load_to_clickhouse.py                           0           1  1.22s           2025-10-31T23:09:41
/opt/airflow/dags/validate.py                                     1           0  14.38s          2025-10-31T23:10:00
================================================================================
[2025-10-31T23:10:42.144+0000] {manager.py:879} INFO - 
================================================================================
DAG File Processing Stats

File Path                                PID    Runtime      # DAGs    # Errors  Last Runtime    Last Run
---------------------------------------  -----  ---------  --------  ----------  --------------  -------------------
/opt/airflow/dags/load_to_clickhouse.py                           0           1  4.02s           2025-10-31T23:10:17
/opt/airflow/dags/validate.py                                     1           0  3.71s           2025-10-31T23:10:34
================================================================================
[2025-10-31T23:11:12.666+0000] {manager.py:879} INFO - 
================================================================================
DAG File Processing Stats

File Path                                PID    Runtime      # DAGs    # Errors  Last Runtime    Last Run
---------------------------------------  -----  ---------  --------  ----------  --------------  -------------------
/opt/airflow/dags/load_to_clickhouse.py                           0           1  1.81s           2025-10-31T23:10:51
/opt/airflow/dags/validate.py                                     1           0  1.22s           2025-10-31T23:11:05
================================================================================
[2025-10-31T23:11:42.436+0000] {manager.py:879} INFO - 
================================================================================
DAG File Processing Stats

File Path                                PID    Runtime      # DAGs    # Errors  Last Runtime    Last Run
---------------------------------------  -----  ---------  --------  ----------  --------------  -------------------
/opt/airflow/dags/load_to_clickhouse.py                           0           1  6.10s           2025-10-31T23:11:28
/opt/airflow/dags/validate.py                                     1           0  1.04s           2025-10-31T23:11:37
================================================================================
[2025-10-31T23:12:12.253+0000] {manager.py:879} INFO - 
================================================================================
DAG File Processing Stats

File Path                                PID    Runtime      # DAGs    # Errors  Last Runtime    Last Run
---------------------------------------  -----  ---------  --------  ----------  --------------  -------------------
/opt/airflow/dags/load_to_clickhouse.py                           0           1  0.47s           2025-10-31T23:11:59
/opt/airflow/dags/validate.py                                     1           0  1.89s           2025-10-31T23:12:10
================================================================================
[2025-10-31T23:12:18.346+0000] {manager.py:738} INFO - Searching for files in /opt/airflow/dags
[2025-10-31T23:12:18.621+0000] {manager.py:741} INFO - There are 2 files in /opt/airflow/dags
[2025-10-31T23:12:42.204+0000] {manager.py:879} INFO - 
================================================================================
DAG File Processing Stats

File Path                                PID    Runtime      # DAGs    # Errors  Last Runtime    Last Run
---------------------------------------  -----  ---------  --------  ----------  --------------  -------------------
/opt/airflow/dags/load_to_clickhouse.py                           0           1  0.35s           2025-10-31T23:12:29
/opt/airflow/dags/validate.py                                     1           0  1.67s           2025-10-31T23:12:41
================================================================================
[2025-10-31T23:13:12.432+0000] {manager.py:879} INFO - 
================================================================================
DAG File Processing Stats

File Path                                  PID  Runtime      # DAGs    # Errors  Last Runtime    Last Run
---------------------------------------  -----  ---------  --------  ----------  --------------  -------------------
/opt/airflow/dags/load_to_clickhouse.py                           0           1  0.27s           2025-10-31T23:13:00
/opt/airflow/dags/validate.py              358  0.01s             1           0  1.67s           2025-10-31T23:12:41
================================================================================
[2025-10-31T23:13:43.112+0000] {manager.py:879} INFO - 
================================================================================
DAG File Processing Stats

File Path                                PID    Runtime      # DAGs    # Errors  Last Runtime    Last Run
---------------------------------------  -----  ---------  --------  ----------  --------------  -------------------
/opt/airflow/dags/load_to_clickhouse.py                           0           1  0.31s           2025-10-31T23:13:31
/opt/airflow/dags/validate.py                                     1           0  1.14s           2025-10-31T23:13:13
================================================================================
[2025-10-31T23:14:12.815+0000] {manager.py:879} INFO - 
================================================================================
DAG File Processing Stats

File Path                                PID    Runtime      # DAGs    # Errors  Last Runtime    Last Run
---------------------------------------  -----  ---------  --------  ----------  --------------  -------------------
/opt/airflow/dags/load_to_clickhouse.py                           0           1  0.42s           2025-10-31T23:14:01
/opt/airflow/dags/validate.py                                     1           0  8.87s           2025-10-31T23:13:54
================================================================================
[2025-10-31T23:14:43.256+0000] {manager.py:879} INFO - 
================================================================================
DAG File Processing Stats

File Path                                PID    Runtime      # DAGs    # Errors  Last Runtime    Last Run
---------------------------------------  -----  ---------  --------  ----------  --------------  -------------------
/opt/airflow/dags/load_to_clickhouse.py                           0           1  0.28s           2025-10-31T23:14:32
/opt/airflow/dags/validate.py                                     1           0  1.22s           2025-10-31T23:14:25
================================================================================
[2025-10-31T23:15:13.479+0000] {manager.py:879} INFO - 
================================================================================
DAG File Processing Stats

File Path                                PID    Runtime      # DAGs    # Errors  Last Runtime    Last Run
---------------------------------------  -----  ---------  --------  ----------  --------------  -------------------
/opt/airflow/dags/load_to_clickhouse.py                           0           1  0.31s           2025-10-31T23:15:02
/opt/airflow/dags/validate.py                                     1           0  1.82s           2025-10-31T23:14:57
================================================================================
[2025-10-31T23:15:43.691+0000] {manager.py:879} INFO - 
================================================================================
DAG File Processing Stats

File Path                                PID    Runtime      # DAGs    # Errors  Last Runtime    Last Run
---------------------------------------  -----  ---------  --------  ----------  --------------  -------------------
/opt/airflow/dags/load_to_clickhouse.py                           0           1  0.25s           2025-10-31T23:15:33
/opt/airflow/dags/validate.py                                     1           0  1.10s           2025-10-31T23:15:29
================================================================================
[2025-10-31T23:16:13.317+0000] {manager.py:879} INFO - 
================================================================================
DAG File Processing Stats

File Path                                PID    Runtime      # DAGs    # Errors  Last Runtime    Last Run
---------------------------------------  -----  ---------  --------  ----------  --------------  -------------------
/opt/airflow/dags/load_to_clickhouse.py                           0           1  0.29s           2025-10-31T23:16:04
/opt/airflow/dags/validate.py                                     1           0  1.06s           2025-10-31T23:16:00
================================================================================
[2025-10-31T23:16:43.467+0000] {manager.py:879} INFO - 
================================================================================
DAG File Processing Stats

File Path                                PID    Runtime      # DAGs    # Errors  Last Runtime    Last Run
---------------------------------------  -----  ---------  --------  ----------  --------------  -------------------
/opt/airflow/dags/load_to_clickhouse.py                           0           1  0.29s           2025-10-31T23:16:34
/opt/airflow/dags/validate.py                                     1           0  1.64s           2025-10-31T23:16:32
================================================================================
[2025-10-31T23:17:13.139+0000] {manager.py:879} INFO - 
================================================================================
DAG File Processing Stats

File Path                                PID    Runtime      # DAGs    # Errors  Last Runtime    Last Run
---------------------------------------  -----  ---------  --------  ----------  --------------  -------------------
/opt/airflow/dags/load_to_clickhouse.py                           0           1  0.22s           2025-10-31T23:17:04
/opt/airflow/dags/validate.py                                     1           0  1.96s           2025-10-31T23:17:04
================================================================================
[2025-10-31T23:17:19.007+0000] {manager.py:738} INFO - Searching for files in /opt/airflow/dags
[2025-10-31T23:17:19.177+0000] {manager.py:741} INFO - There are 2 files in /opt/airflow/dags
[2025-10-31T23:17:43.300+0000] {manager.py:879} INFO - 
================================================================================
DAG File Processing Stats

File Path                                PID    Runtime      # DAGs    # Errors  Last Runtime    Last Run
---------------------------------------  -----  ---------  --------  ----------  --------------  -------------------
/opt/airflow/dags/load_to_clickhouse.py                           0           1  0.20s           2025-10-31T23:17:35
/opt/airflow/dags/validate.py                                     1           0  1.06s           2025-10-31T23:17:36
================================================================================
[2025-10-31T23:18:13.185+0000] {manager.py:879} INFO - 
================================================================================
DAG File Processing Stats

File Path                                PID    Runtime      # DAGs    # Errors  Last Runtime    Last Run
---------------------------------------  -----  ---------  --------  ----------  --------------  -------------------
/opt/airflow/dags/load_to_clickhouse.py                           0           1  0.21s           2025-10-31T23:18:05
/opt/airflow/dags/validate.py                                     1           0  2.01s           2025-10-31T23:18:08
================================================================================
[2025-10-31T23:18:43.134+0000] {manager.py:879} INFO - 
================================================================================
DAG File Processing Stats

File Path                                PID    Runtime      # DAGs    # Errors  Last Runtime    Last Run
---------------------------------------  -----  ---------  --------  ----------  --------------  -------------------
/opt/airflow/dags/load_to_clickhouse.py                           0           1  0.30s           2025-10-31T23:18:36
/opt/airflow/dags/validate.py                                     1           0  1.26s           2025-10-31T23:18:40
================================================================================
[2025-10-31T23:19:13.609+0000] {manager.py:879} INFO - 
================================================================================
DAG File Processing Stats

File Path                                PID    Runtime      # DAGs    # Errors  Last Runtime    Last Run
---------------------------------------  -----  ---------  --------  ----------  --------------  -------------------
/opt/airflow/dags/load_to_clickhouse.py                           0           1  0.25s           2025-10-31T23:19:06
/opt/airflow/dags/validate.py                                     1           0  1.10s           2025-10-31T23:19:11
================================================================================
[2025-10-31T23:19:43.895+0000] {manager.py:879} INFO - 
================================================================================
DAG File Processing Stats

File Path                                PID    Runtime      # DAGs    # Errors  Last Runtime    Last Run
---------------------------------------  -----  ---------  --------  ----------  --------------  -------------------
/opt/airflow/dags/load_to_clickhouse.py                           0           1  0.30s           2025-10-31T23:19:36
/opt/airflow/dags/validate.py                                     1           0  0.96s           2025-10-31T23:19:42
================================================================================
[2025-10-31T23:20:14.390+0000] {manager.py:879} INFO - 
================================================================================
DAG File Processing Stats

File Path                                  PID  Runtime      # DAGs    # Errors  Last Runtime    Last Run
---------------------------------------  -----  ---------  --------  ----------  --------------  -------------------
/opt/airflow/dags/load_to_clickhouse.py                           0           1  0.22s           2025-10-31T23:20:07
/opt/airflow/dags/validate.py              506  1.03s             1           0  0.96s           2025-10-31T23:19:42
================================================================================
[2025-11-01T16:16:56.264+0000] {manager.py:469} INFO - Processing files using up to 2 processes at a time 
[2025-11-01T16:16:56.266+0000] {manager.py:470} INFO - Process each file at most once every 30 seconds
[2025-11-01T16:16:56.270+0000] {manager.py:471} INFO - Checking for new files in /opt/airflow/dags every 300 seconds
[2025-11-01T16:16:56.273+0000] {manager.py:738} INFO - Searching for files in /opt/airflow/dags
[2025-11-01T16:16:56.558+0000] {manager.py:741} INFO - There are 2 files in /opt/airflow/dags
[2025-11-01T16:16:59.324+0000] {manager.py:879} INFO - 
================================================================================
DAG File Processing Stats

File Path                                  PID  Runtime      # DAGs    # Errors  Last Runtime    Last Run
---------------------------------------  -----  ---------  --------  ----------  --------------  ----------
/opt/airflow/dags/load_to_clickhouse.py    170  1.55s             0           0
/opt/airflow/dags/validate.py              167  1.82s             0           0
================================================================================
[2025-11-01T16:17:17.756+0000] {manager.py:1017} ERROR - Processor for /opt/airflow/dags/validate.py exited with return code 1.
[2025-11-01T16:17:28.696+0000] {manager.py:879} INFO - 
================================================================================
DAG File Processing Stats

File Path                                PID    Runtime      # DAGs    # Errors  Last Runtime    Last Run
---------------------------------------  -----  ---------  --------  ----------  --------------  -------------------
/opt/airflow/dags/load_to_clickhouse.py                           0           1  1.89s           2025-11-01T16:16:59
/opt/airflow/dags/validate.py                                     0          -1  20.54s          2025-11-01T16:17:17
================================================================================
[2025-11-01T16:17:57.785+0000] {manager.py:879} INFO - 
================================================================================
DAG File Processing Stats

File Path                                PID    Runtime      # DAGs    # Errors  Last Runtime    Last Run
---------------------------------------  -----  ---------  --------  ----------  --------------  -------------------
/opt/airflow/dags/load_to_clickhouse.py                           0           1  1.69s           2025-11-01T16:17:31
/opt/airflow/dags/validate.py                                     0           1  9.32s           2025-11-01T16:17:57
================================================================================
[2025-11-01T16:18:26.995+0000] {manager.py:879} INFO - 
================================================================================
DAG File Processing Stats

File Path                                PID    Runtime      # DAGs    # Errors  Last Runtime    Last Run
---------------------------------------  -----  ---------  --------  ----------  --------------  -------------------
/opt/airflow/dags/load_to_clickhouse.py                           0           1  0.84s           2025-11-01T16:18:02
/opt/airflow/dags/validate.py                                     0           1  9.32s           2025-11-01T16:17:57
================================================================================
[2025-11-01T16:18:56.206+0000] {manager.py:879} INFO - 
================================================================================
DAG File Processing Stats

File Path                                PID    Runtime      # DAGs    # Errors  Last Runtime    Last Run
---------------------------------------  -----  ---------  --------  ----------  --------------  -------------------
/opt/airflow/dags/load_to_clickhouse.py                           0           1  0.37s           2025-11-01T16:18:32
/opt/airflow/dags/validate.py                                     0           1  1.46s           2025-11-01T16:18:29
================================================================================
[2025-11-01T16:19:25.713+0000] {manager.py:879} INFO - 
================================================================================
DAG File Processing Stats

File Path                                PID    Runtime      # DAGs    # Errors  Last Runtime    Last Run
---------------------------------------  -----  ---------  --------  ----------  --------------  -------------------
/opt/airflow/dags/load_to_clickhouse.py                           0           1  0.34s           2025-11-01T16:19:03
/opt/airflow/dags/validate.py                                     0           1  0.85s           2025-11-01T16:19:00
================================================================================
[2025-11-01T16:19:40.691+0000] {manager.py:451} INFO - Exiting gracefully upon receiving signal 15
[2025-11-01T16:20:16.863+0000] {manager.py:469} INFO - Processing files using up to 2 processes at a time 
[2025-11-01T16:20:16.865+0000] {manager.py:470} INFO - Process each file at most once every 30 seconds
[2025-11-01T16:20:16.867+0000] {manager.py:471} INFO - Checking for new files in /opt/airflow/dags every 300 seconds
[2025-11-01T16:20:16.868+0000] {manager.py:738} INFO - Searching for files in /opt/airflow/dags
[2025-11-01T16:20:16.961+0000] {manager.py:741} INFO - There are 2 files in /opt/airflow/dags
[2025-11-01T16:20:16.781+0000] {manager.py:879} INFO - 
================================================================================
DAG File Processing Stats

File Path                                  PID  Runtime      # DAGs    # Errors  Last Runtime    Last Run
---------------------------------------  -----  ---------  --------  ----------  --------------  ----------
/opt/airflow/dags/load_to_clickhouse.py    174  0.58s             0           0
/opt/airflow/dags/validate.py              177  0.49s             0           0
================================================================================
[2025-11-01T16:20:45.968+0000] {manager.py:879} INFO - 
================================================================================
DAG File Processing Stats

File Path                                PID    Runtime      # DAGs    # Errors  Last Runtime    Last Run
---------------------------------------  -----  ---------  --------  ----------  --------------  -------------------
/opt/airflow/dags/load_to_clickhouse.py                           0           1  0.79s           2025-11-01T16:20:16
/opt/airflow/dags/validate.py                                     0           1  2.46s           2025-11-01T16:20:18
================================================================================
[2025-11-01T16:21:15.198+0000] {manager.py:879} INFO - 
================================================================================
DAG File Processing Stats

File Path                                PID    Runtime      # DAGs    # Errors  Last Runtime    Last Run
---------------------------------------  -----  ---------  --------  ----------  --------------  -------------------
/opt/airflow/dags/load_to_clickhouse.py                           0           1  0.26s           2025-11-01T16:20:47
/opt/airflow/dags/validate.py                                     0           1  2.64s           2025-11-01T16:20:51
================================================================================
[2025-11-01T16:21:44.859+0000] {manager.py:879} INFO - 
================================================================================
DAG File Processing Stats

File Path                                PID    Runtime      # DAGs    # Errors  Last Runtime    Last Run
---------------------------------------  -----  ---------  --------  ----------  --------------  -------------------
/opt/airflow/dags/load_to_clickhouse.py                           0           1  3.78s           2025-11-01T16:21:21
/opt/airflow/dags/validate.py                                     0           1  5.89s           2025-11-01T16:21:28
================================================================================
[2025-11-01T16:22:13.964+0000] {manager.py:879} INFO - 
================================================================================
DAG File Processing Stats

File Path                                PID    Runtime      # DAGs    # Errors  Last Runtime    Last Run
---------------------------------------  -----  ---------  --------  ----------  --------------  -------------------
/opt/airflow/dags/load_to_clickhouse.py                           0           1  0.27s           2025-11-01T16:21:52
/opt/airflow/dags/validate.py                                     0           1  1.32s           2025-11-01T16:22:00
================================================================================
[2025-11-01T16:22:43.548+0000] {manager.py:879} INFO - 
================================================================================
DAG File Processing Stats

File Path                                PID    Runtime      # DAGs    # Errors  Last Runtime    Last Run
---------------------------------------  -----  ---------  --------  ----------  --------------  -------------------
/opt/airflow/dags/load_to_clickhouse.py                           0           1  0.95s           2025-11-01T16:22:23
/opt/airflow/dags/validate.py                                     1           0  4.01s           2025-11-01T16:22:24
================================================================================
[2025-11-01T16:23:13.002+0000] {manager.py:879} INFO - 
================================================================================
DAG File Processing Stats

File Path                                PID    Runtime      # DAGs    # Errors  Last Runtime    Last Run
---------------------------------------  -----  ---------  --------  ----------  --------------  -------------------
/opt/airflow/dags/load_to_clickhouse.py                           0           1  0.21s           2025-11-01T16:22:53
/opt/airflow/dags/validate.py                                     1           0  1.07s           2025-11-01T16:22:55
================================================================================
[2025-11-01T16:23:42.493+0000] {manager.py:879} INFO - 
================================================================================
DAG File Processing Stats

File Path                                PID    Runtime      # DAGs    # Errors  Last Runtime    Last Run
---------------------------------------  -----  ---------  --------  ----------  --------------  -------------------
/opt/airflow/dags/load_to_clickhouse.py                           0           1  0.23s           2025-11-01T16:23:24
/opt/airflow/dags/validate.py                                     1           0  2.11s           2025-11-01T16:23:28
================================================================================
[2025-11-01T16:24:11.624+0000] {manager.py:879} INFO - 
================================================================================
DAG File Processing Stats

File Path                                PID    Runtime      # DAGs    # Errors  Last Runtime    Last Run
---------------------------------------  -----  ---------  --------  ----------  --------------  -------------------
/opt/airflow/dags/load_to_clickhouse.py                           0           1  0.24s           2025-11-01T16:23:54
/opt/airflow/dags/validate.py                                     1           0  1.77s           2025-11-01T16:24:00
================================================================================
[2025-11-01T16:24:40.653+0000] {manager.py:879} INFO - 
================================================================================
DAG File Processing Stats

File Path                                PID    Runtime      # DAGs    # Errors  Last Runtime    Last Run
---------------------------------------  -----  ---------  --------  ----------  --------------  -------------------
/opt/airflow/dags/load_to_clickhouse.py                           0           1  0.25s           2025-11-01T16:24:25
/opt/airflow/dags/validate.py                                     1           0  1.03s           2025-11-01T16:24:31
================================================================================
[2025-11-01T16:25:09.540+0000] {manager.py:879} INFO - 
================================================================================
DAG File Processing Stats

File Path                                PID    Runtime      # DAGs    # Errors  Last Runtime    Last Run
---------------------------------------  -----  ---------  --------  ----------  --------------  -------------------
/opt/airflow/dags/load_to_clickhouse.py                           0           1  0.22s           2025-11-01T16:24:55
/opt/airflow/dags/validate.py                                     1           0  1.78s           2025-11-01T16:25:03
================================================================================
[2025-11-01T16:25:17.077+0000] {manager.py:738} INFO - Searching for files in /opt/airflow/dags
[2025-11-01T16:25:17.177+0000] {manager.py:741} INFO - There are 2 files in /opt/airflow/dags
[2025-11-01T16:25:38.859+0000] {manager.py:879} INFO - 
================================================================================
DAG File Processing Stats

File Path                                PID    Runtime      # DAGs    # Errors  Last Runtime    Last Run
---------------------------------------  -----  ---------  --------  ----------  --------------  -------------------
/opt/airflow/dags/load_to_clickhouse.py                           1           0  6.78s           2025-11-01T16:25:33
/opt/airflow/dags/validate.py                                     1           0  1.07s           2025-11-01T16:25:34
================================================================================
[2025-11-01T16:26:08.242+0000] {manager.py:879} INFO - 
================================================================================
DAG File Processing Stats

File Path                                PID    Runtime      # DAGs    # Errors  Last Runtime    Last Run
---------------------------------------  -----  ---------  --------  ----------  --------------  -------------------
/opt/airflow/dags/load_to_clickhouse.py                           1           0  0.16s           2025-11-01T16:26:03
/opt/airflow/dags/validate.py                                     1           0  1.00s           2025-11-01T16:26:06
================================================================================
[2025-11-01T16:26:37.344+0000] {manager.py:879} INFO - 
================================================================================
DAG File Processing Stats

File Path                                  PID  Runtime      # DAGs    # Errors  Last Runtime    Last Run
---------------------------------------  -----  ---------  --------  ----------  --------------  -------------------
/opt/airflow/dags/load_to_clickhouse.py                           1           0  1.75s           2025-11-01T16:26:35
/opt/airflow/dags/validate.py              389  1.03s             1           0  1.00s           2025-11-01T16:26:06
================================================================================
[2025-11-01T16:27:06.198+0000] {manager.py:879} INFO - 
================================================================================
DAG File Processing Stats

File Path                                  PID  Runtime      # DAGs    # Errors  Last Runtime    Last Run
---------------------------------------  -----  ---------  --------  ----------  --------------  -------------------
/opt/airflow/dags/load_to_clickhouse.py    395  0.19s             1           0  1.75s           2025-11-01T16:26:35
/opt/airflow/dags/validate.py                                     1           0  1.06s           2025-11-01T16:26:37
================================================================================
[2025-11-01T16:27:35.572+0000] {manager.py:879} INFO - 
================================================================================
DAG File Processing Stats

File Path                                PID    Runtime      # DAGs    # Errors  Last Runtime    Last Run
---------------------------------------  -----  ---------  --------  ----------  --------------  -------------------
/opt/airflow/dags/load_to_clickhouse.py                           1           0  2.87s           2025-11-01T16:27:08
/opt/airflow/dags/validate.py                                     1           0  1.71s           2025-11-01T16:27:09
================================================================================
[2025-11-01T16:28:04.972+0000] {manager.py:879} INFO - 
================================================================================
DAG File Processing Stats

File Path                                PID    Runtime      # DAGs    # Errors  Last Runtime    Last Run
---------------------------------------  -----  ---------  --------  ----------  --------------  -------------------
/opt/airflow/dags/load_to_clickhouse.py                           1           0  1.26s           2025-11-01T16:27:40
/opt/airflow/dags/validate.py                                     1           0  0.94s           2025-11-01T16:27:41
================================================================================
[2025-11-01T16:28:34.659+0000] {manager.py:879} INFO - 
================================================================================
DAG File Processing Stats

File Path                                PID    Runtime      # DAGs    # Errors  Last Runtime    Last Run
---------------------------------------  -----  ---------  --------  ----------  --------------  -------------------
/opt/airflow/dags/load_to_clickhouse.py                           1           0  9.95s           2025-11-01T16:28:21
/opt/airflow/dags/validate.py                                     1           0  4.59s           2025-11-01T16:28:21
================================================================================
[2025-11-01T16:28:45.824+0000] {manager.py:451} INFO - Exiting gracefully upon receiving signal 15
[2025-11-01T16:29:38.162+0000] {manager.py:469} INFO - Processing files using up to 2 processes at a time 
[2025-11-01T16:29:38.169+0000] {manager.py:470} INFO - Process each file at most once every 30 seconds
[2025-11-01T16:29:38.171+0000] {manager.py:471} INFO - Checking for new files in /opt/airflow/dags every 300 seconds
[2025-11-01T16:29:38.173+0000] {manager.py:738} INFO - Searching for files in /opt/airflow/dags
[2025-11-01T16:29:38.291+0000] {manager.py:741} INFO - There are 2 files in /opt/airflow/dags
[2025-11-01T16:29:40.212+0000] {manager.py:879} INFO - 
================================================================================
DAG File Processing Stats

File Path                                  PID  Runtime      # DAGs    # Errors  Last Runtime    Last Run
---------------------------------------  -----  ---------  --------  ----------  --------------  ----------
/opt/airflow/dags/load_to_clickhouse.py    170  0.71s             0           0
/opt/airflow/dags/validate.py              167  0.86s             0           0
================================================================================
[2025-11-01T16:30:09.144+0000] {manager.py:879} INFO - 
================================================================================
DAG File Processing Stats

File Path                                PID    Runtime      # DAGs    # Errors  Last Runtime    Last Run
---------------------------------------  -----  ---------  --------  ----------  --------------  -------------------
/opt/airflow/dags/load_to_clickhouse.py                           1           0  8.59s           2025-11-01T16:29:48
/opt/airflow/dags/validate.py                                     1           0  8.65s           2025-11-01T16:29:47
================================================================================
[2025-11-01T16:30:38.587+0000] {manager.py:879} INFO - 
================================================================================
DAG File Processing Stats

File Path                                PID    Runtime      # DAGs    # Errors  Last Runtime    Last Run
---------------------------------------  -----  ---------  --------  ----------  --------------  -------------------
/opt/airflow/dags/load_to_clickhouse.py                           1           0  2.16s           2025-11-01T16:30:20
/opt/airflow/dags/validate.py                                     1           0  2.02s           2025-11-01T16:30:20
================================================================================
[2025-11-01T16:31:07.312+0000] {manager.py:879} INFO - 
================================================================================
DAG File Processing Stats

File Path                                PID    Runtime      # DAGs    # Errors  Last Runtime    Last Run
---------------------------------------  -----  ---------  --------  ----------  --------------  -------------------
/opt/airflow/dags/load_to_clickhouse.py                           1           0  5.02s           2025-11-01T16:30:57
/opt/airflow/dags/validate.py                                     1           0  6.34s           2025-11-01T16:30:56
================================================================================
[2025-11-01T16:31:36.483+0000] {manager.py:879} INFO - 
================================================================================
DAG File Processing Stats

File Path                                PID    Runtime      # DAGs    # Errors  Last Runtime    Last Run
---------------------------------------  -----  ---------  --------  ----------  --------------  -------------------
/opt/airflow/dags/load_to_clickhouse.py                           1           0  2.43s           2025-11-01T16:31:29
/opt/airflow/dags/validate.py                                     1           0  2.14s           2025-11-01T16:31:29
================================================================================
[2025-11-01T16:32:05.718+0000] {manager.py:879} INFO - 
================================================================================
DAG File Processing Stats

File Path                                PID    Runtime      # DAGs    # Errors  Last Runtime    Last Run
---------------------------------------  -----  ---------  --------  ----------  --------------  -------------------
/opt/airflow/dags/load_to_clickhouse.py                           1           0  1.58s           2025-11-01T16:32:01
/opt/airflow/dags/validate.py                                     1           0  1.39s           2025-11-01T16:32:01
================================================================================
[2025-11-01T16:32:35.057+0000] {manager.py:879} INFO - 
================================================================================
DAG File Processing Stats

File Path                                PID    Runtime      # DAGs    # Errors  Last Runtime    Last Run
---------------------------------------  -----  ---------  --------  ----------  --------------  -------------------
/opt/airflow/dags/load_to_clickhouse.py                           1           0  1.18s           2025-11-01T16:32:33
/opt/airflow/dags/validate.py                                     1           0  0.94s           2025-11-01T16:32:32
================================================================================
[2025-11-01T16:33:04.544+0000] {manager.py:879} INFO - 
================================================================================
DAG File Processing Stats

File Path                                  PID  Runtime      # DAGs    # Errors  Last Runtime    Last Run
---------------------------------------  -----  ---------  --------  ----------  --------------  -------------------
/opt/airflow/dags/load_to_clickhouse.py    249  1.14s             1           0  1.18s           2025-11-01T16:32:33
/opt/airflow/dags/validate.py                                     1           0  1.13s           2025-11-01T16:33:03
================================================================================
[2025-11-01T16:33:33.964+0000] {manager.py:879} INFO - 
================================================================================
DAG File Processing Stats

File Path                                  PID  Runtime      # DAGs    # Errors  Last Runtime    Last Run
---------------------------------------  -----  ---------  --------  ----------  --------------  -------------------
/opt/airflow/dags/load_to_clickhouse.py                           1           0  1.43s           2025-11-01T16:33:04
/opt/airflow/dags/validate.py              257  0.04s             1           0  1.13s           2025-11-01T16:33:03
================================================================================
[2025-11-01T16:34:03.310+0000] {manager.py:879} INFO - 
================================================================================
DAG File Processing Stats

File Path                                PID    Runtime      # DAGs    # Errors  Last Runtime    Last Run
---------------------------------------  -----  ---------  --------  ----------  --------------  -------------------
/opt/airflow/dags/load_to_clickhouse.py                           1           0  3.90s           2025-11-01T16:33:39
/opt/airflow/dags/validate.py                                     1           0  3.23s           2025-11-01T16:33:37
================================================================================
[2025-11-01T16:34:32.626+0000] {manager.py:879} INFO - 
================================================================================
DAG File Processing Stats

File Path                                PID    Runtime      # DAGs    # Errors  Last Runtime    Last Run
---------------------------------------  -----  ---------  --------  ----------  --------------  -------------------
/opt/airflow/dags/load_to_clickhouse.py                           1           0  1.17s           2025-11-01T16:34:10
/opt/airflow/dags/validate.py                                     1           0  1.31s           2025-11-01T16:34:08
================================================================================
[2025-11-01T16:34:38.698+0000] {manager.py:738} INFO - Searching for files in /opt/airflow/dags
[2025-11-01T16:34:38.798+0000] {manager.py:741} INFO - There are 2 files in /opt/airflow/dags
[2025-11-01T16:35:02.083+0000] {manager.py:879} INFO - 
================================================================================
DAG File Processing Stats

File Path                                PID    Runtime      # DAGs    # Errors  Last Runtime    Last Run
---------------------------------------  -----  ---------  --------  ----------  --------------  -------------------
/opt/airflow/dags/load_to_clickhouse.py                           1           0  1.38s           2025-11-01T16:34:42
/opt/airflow/dags/validate.py                                     1           0  0.83s           2025-11-01T16:34:39
================================================================================
[2025-11-01T16:35:31.564+0000] {manager.py:879} INFO - 
================================================================================
DAG File Processing Stats

File Path                                PID    Runtime      # DAGs    # Errors  Last Runtime    Last Run
---------------------------------------  -----  ---------  --------  ----------  --------------  -------------------
/opt/airflow/dags/load_to_clickhouse.py                           1           0  1.33s           2025-11-01T16:35:13
/opt/airflow/dags/validate.py                                     1           0  0.95s           2025-11-01T16:35:11
================================================================================
[2025-11-01T16:36:00.586+0000] {manager.py:879} INFO - 
================================================================================
DAG File Processing Stats

File Path                                PID    Runtime      # DAGs    # Errors  Last Runtime    Last Run
---------------------------------------  -----  ---------  --------  ----------  --------------  -------------------
/opt/airflow/dags/load_to_clickhouse.py                           1           0  1.59s           2025-11-01T16:35:45
/opt/airflow/dags/validate.py                                     1           0  -0.02s          2025-11-01T16:35:41
================================================================================
[2025-11-01T16:36:29.438+0000] {manager.py:879} INFO - 
================================================================================
DAG File Processing Stats

File Path                                PID    Runtime      # DAGs    # Errors  Last Runtime    Last Run
---------------------------------------  -----  ---------  --------  ----------  --------------  -------------------
/opt/airflow/dags/load_to_clickhouse.py                           1           0  1.51s           2025-11-01T16:36:17
/opt/airflow/dags/validate.py                                     1           0  2.69s           2025-11-01T16:36:14
================================================================================
[2025-11-01T16:36:58.318+0000] {manager.py:879} INFO - 
================================================================================
DAG File Processing Stats

File Path                                PID    Runtime      # DAGs    # Errors  Last Runtime    Last Run
---------------------------------------  -----  ---------  --------  ----------  --------------  -------------------
/opt/airflow/dags/load_to_clickhouse.py                           1           0  1.54s           2025-11-01T16:36:49
/opt/airflow/dags/validate.py                                     1           0  1.09s           2025-11-01T16:36:46
================================================================================
[2025-11-01T16:37:27.252+0000] {manager.py:879} INFO - 
================================================================================
DAG File Processing Stats

File Path                                PID    Runtime      # DAGs    # Errors  Last Runtime    Last Run
---------------------------------------  -----  ---------  --------  ----------  --------------  -------------------
/opt/airflow/dags/load_to_clickhouse.py                           1           0  1.52s           2025-11-01T16:37:22
/opt/airflow/dags/validate.py                                     1           0  1.10s           2025-11-01T16:37:13
================================================================================
[2025-11-01T16:37:58.450+0000] {manager.py:879} INFO - 
================================================================================
DAG File Processing Stats

File Path                                  PID  Runtime      # DAGs    # Errors  Last Runtime    Last Run
---------------------------------------  -----  ---------  --------  ----------  --------------  -------------------
/opt/airflow/dags/load_to_clickhouse.py    359  4.88s             1           0  1.52s           2025-11-01T16:37:22
/opt/airflow/dags/validate.py                                     1           0  1.12s           2025-11-01T16:37:44
================================================================================
[2025-11-01T16:38:04.371+0000] {manager.py:451} INFO - Exiting gracefully upon receiving signal 15
[2025-11-01T16:38:37.042+0000] {manager.py:469} INFO - Processing files using up to 2 processes at a time 
[2025-11-01T16:38:37.045+0000] {manager.py:470} INFO - Process each file at most once every 30 seconds
[2025-11-01T16:38:37.046+0000] {manager.py:471} INFO - Checking for new files in /opt/airflow/dags every 300 seconds
[2025-11-01T16:38:37.048+0000] {manager.py:738} INFO - Searching for files in /opt/airflow/dags
[2025-11-01T16:38:37.126+0000] {manager.py:741} INFO - There are 2 files in /opt/airflow/dags
[2025-11-01T16:38:37.815+0000] {manager.py:879} INFO - 
================================================================================
DAG File Processing Stats

File Path                                  PID  Runtime      # DAGs    # Errors  Last Runtime    Last Run
---------------------------------------  -----  ---------  --------  ----------  --------------  ----------
/opt/airflow/dags/load_to_clickhouse.py    171  0.33s             0           0
/opt/airflow/dags/validate.py              168  0.42s             0           0
================================================================================
[2025-11-01T16:39:07.362+0000] {manager.py:879} INFO - 
================================================================================
DAG File Processing Stats

File Path                                PID    Runtime      # DAGs    # Errors  Last Runtime    Last Run
---------------------------------------  -----  ---------  --------  ----------  --------------  -------------------
/opt/airflow/dags/load_to_clickhouse.py                           1           0  2.57s           2025-11-01T16:38:40
/opt/airflow/dags/validate.py                                     1           0  2.28s           2025-11-01T16:38:39
================================================================================
[2025-11-01T16:39:36.429+0000] {manager.py:879} INFO - 
================================================================================
DAG File Processing Stats

File Path                                PID    Runtime      # DAGs    # Errors  Last Runtime    Last Run
---------------------------------------  -----  ---------  --------  ----------  --------------  -------------------
/opt/airflow/dags/load_to_clickhouse.py                           1           0  16.15s          2025-11-01T16:39:26
/opt/airflow/dags/validate.py                                     1           0  15.92s          2025-11-01T16:39:26
================================================================================
[2025-11-01T16:40:06.867+0000] {manager.py:879} INFO - 
================================================================================
DAG File Processing Stats

File Path                                PID    Runtime      # DAGs    # Errors  Last Runtime    Last Run
---------------------------------------  -----  ---------  --------  ----------  --------------  -------------------
/opt/airflow/dags/load_to_clickhouse.py                           1           0  1.51s           2025-11-01T16:39:58
/opt/airflow/dags/validate.py                                     1           0  1.21s           2025-11-01T16:39:57
================================================================================
[2025-11-01T16:40:35.481+0000] {manager.py:879} INFO - 
================================================================================
DAG File Processing Stats

File Path                                PID    Runtime      # DAGs    # Errors  Last Runtime    Last Run
---------------------------------------  -----  ---------  --------  ----------  --------------  -------------------
/opt/airflow/dags/load_to_clickhouse.py                           1           0  1.96s           2025-11-01T16:40:30
/opt/airflow/dags/validate.py                                     1           0  2.12s           2025-11-01T16:40:30
================================================================================
[2025-11-01T16:41:05.030+0000] {manager.py:879} INFO - 
================================================================================
DAG File Processing Stats

File Path                                PID    Runtime      # DAGs    # Errors  Last Runtime    Last Run
---------------------------------------  -----  ---------  --------  ----------  --------------  -------------------
/opt/airflow/dags/load_to_clickhouse.py                           1           0  1.46s           2025-11-01T16:41:02
/opt/airflow/dags/validate.py                                     1           0  1.23s           2025-11-01T16:41:01
================================================================================
[2025-11-01T16:41:34.392+0000] {manager.py:879} INFO - 
================================================================================
DAG File Processing Stats

File Path                                  PID  Runtime      # DAGs    # Errors  Last Runtime    Last Run
---------------------------------------  -----  ---------  --------  ----------  --------------  -------------------
/opt/airflow/dags/load_to_clickhouse.py    237  2.04s             1           0  1.46s           2025-11-01T16:41:02
/opt/airflow/dags/validate.py              234  2.08s             1           0  1.23s           2025-11-01T16:41:01
================================================================================
[2025-11-01T16:42:00.865+0000] {manager.py:879} INFO - 
================================================================================
DAG File Processing Stats

File Path                                PID    Runtime      # DAGs    # Errors  Last Runtime    Last Run
---------------------------------------  -----  ---------  --------  ----------  --------------  -------------------
/opt/airflow/dags/load_to_clickhouse.py                           1           0  3.59s           2025-11-01T16:41:35
/opt/airflow/dags/validate.py                                     1           0  3.08s           2025-11-01T16:41:35
================================================================================
[2025-11-01T16:42:32.341+0000] {manager.py:879} INFO - 
================================================================================
DAG File Processing Stats

File Path                                PID    Runtime      # DAGs    # Errors  Last Runtime    Last Run
---------------------------------------  -----  ---------  --------  ----------  --------------  -------------------
/opt/airflow/dags/load_to_clickhouse.py                           1           0  4.45s           2025-11-01T16:42:10
/opt/airflow/dags/validate.py                                     1           0  4.73s           2025-11-01T16:42:10
================================================================================
[2025-11-01T16:43:01.763+0000] {manager.py:879} INFO - 
================================================================================
DAG File Processing Stats

File Path                                PID    Runtime      # DAGs    # Errors  Last Runtime    Last Run
---------------------------------------  -----  ---------  --------  ----------  --------------  -------------------
/opt/airflow/dags/load_to_clickhouse.py                           1           0  2.31s           2025-11-01T16:42:43
/opt/airflow/dags/validate.py                                     1           0  1.96s           2025-11-01T16:42:43
================================================================================
[2025-11-01T16:43:30.811+0000] {manager.py:879} INFO - 
================================================================================
DAG File Processing Stats

File Path                                PID    Runtime      # DAGs    # Errors  Last Runtime    Last Run
---------------------------------------  -----  ---------  --------  ----------  --------------  -------------------
/opt/airflow/dags/load_to_clickhouse.py                           1           0  1.69s           2025-11-01T16:43:15
/opt/airflow/dags/validate.py                                     1           0  1.43s           2025-11-01T16:43:15
================================================================================
[2025-11-01T16:43:37.604+0000] {manager.py:738} INFO - Searching for files in /opt/airflow/dags
[2025-11-01T16:43:37.789+0000] {manager.py:741} INFO - There are 2 files in /opt/airflow/dags
[2025-11-01T16:44:00.827+0000] {manager.py:879} INFO - 
================================================================================
DAG File Processing Stats

File Path                                PID    Runtime      # DAGs    # Errors  Last Runtime    Last Run
---------------------------------------  -----  ---------  --------  ----------  --------------  -------------------
/opt/airflow/dags/load_to_clickhouse.py                           1           0  1.39s           2025-11-01T16:43:47
/opt/airflow/dags/validate.py                                     1           0  1.15s           2025-11-01T16:43:47
================================================================================
[2025-11-01T16:44:30.496+0000] {manager.py:879} INFO - 
================================================================================
DAG File Processing Stats

File Path                                PID    Runtime      # DAGs    # Errors  Last Runtime    Last Run
---------------------------------------  -----  ---------  --------  ----------  --------------  -------------------
/opt/airflow/dags/load_to_clickhouse.py                           1           0  1.36s           2025-11-01T16:44:19
/opt/airflow/dags/validate.py                                     1           0  1.11s           2025-11-01T16:44:18
================================================================================
[2025-11-01T16:44:51.621+0000] {manager.py:451} INFO - Exiting gracefully upon receiving signal 15
[2025-11-01T16:44:51.621+0000] {manager.py:451} INFO - Exiting gracefully upon receiving signal 15
[2025-11-01T16:44:51.624+0000] {manager.py:451} INFO - Exiting gracefully upon receiving signal 15
[2025-11-01T16:44:54.321+0000] {manager.py:451} INFO - Exiting gracefully upon receiving signal 15
[2025-11-01T16:44:55.105+0000] {manager.py:451} INFO - Exiting gracefully upon receiving signal 15
[2025-11-01T16:45:37.975+0000] {manager.py:469} INFO - Processing files using up to 2 processes at a time 
[2025-11-01T16:45:37.977+0000] {manager.py:470} INFO - Process each file at most once every 30 seconds
[2025-11-01T16:45:37.978+0000] {manager.py:471} INFO - Checking for new files in /opt/airflow/dags every 300 seconds
[2025-11-01T16:45:37.980+0000] {manager.py:738} INFO - Searching for files in /opt/airflow/dags
[2025-11-01T16:45:38.067+0000] {manager.py:741} INFO - There are 2 files in /opt/airflow/dags
[2025-11-01T16:45:38.695+0000] {manager.py:879} INFO - 
================================================================================
DAG File Processing Stats

File Path                                  PID  Runtime      # DAGs    # Errors  Last Runtime    Last Run
---------------------------------------  -----  ---------  --------  ----------  --------------  ----------
/opt/airflow/dags/load_to_clickhouse.py    167  0.34s             0           0
/opt/airflow/dags/validate.py              170  0.27s             0           0
================================================================================
[2025-11-01T16:46:07.929+0000] {manager.py:879} INFO - 
================================================================================
DAG File Processing Stats

File Path                                PID    Runtime      # DAGs    # Errors  Last Runtime    Last Run
---------------------------------------  -----  ---------  --------  ----------  --------------  -------------------
/opt/airflow/dags/load_to_clickhouse.py                           1           0  3.05s           2025-11-01T16:45:41
/opt/airflow/dags/validate.py                                     1           0  2.58s           2025-11-01T16:45:40
================================================================================
[2025-11-01T16:46:36.958+0000] {manager.py:879} INFO - 
================================================================================
DAG File Processing Stats

File Path                                PID    Runtime      # DAGs    # Errors  Last Runtime    Last Run
---------------------------------------  -----  ---------  --------  ----------  --------------  -------------------
/opt/airflow/dags/load_to_clickhouse.py                           1           0  2.70s           2025-11-01T16:46:14
/opt/airflow/dags/validate.py                                     1           0  3.06s           2025-11-01T16:46:14
================================================================================
[2025-11-01T16:47:06.532+0000] {manager.py:879} INFO - 
================================================================================
DAG File Processing Stats

File Path                                PID    Runtime      # DAGs    # Errors  Last Runtime    Last Run
---------------------------------------  -----  ---------  --------  ----------  --------------  -------------------
/opt/airflow/dags/load_to_clickhouse.py                           1           0  2.57s           2025-11-01T16:46:47
/opt/airflow/dags/validate.py                                     1           0  1.67s           2025-11-01T16:46:47
================================================================================
[2025-11-01T16:47:35.745+0000] {manager.py:879} INFO - 
================================================================================
DAG File Processing Stats

File Path                                PID    Runtime      # DAGs    # Errors  Last Runtime    Last Run
---------------------------------------  -----  ---------  --------  ----------  --------------  -------------------
/opt/airflow/dags/load_to_clickhouse.py                           1           0  0.65s           2025-11-01T16:47:18
/opt/airflow/dags/validate.py                                     1           0  0.40s           2025-11-01T16:47:18
================================================================================
[2025-11-01T16:48:04.628+0000] {manager.py:879} INFO - 
================================================================================
DAG File Processing Stats

File Path                                PID    Runtime      # DAGs    # Errors  Last Runtime    Last Run
---------------------------------------  -----  ---------  --------  ----------  --------------  -------------------
/opt/airflow/dags/load_to_clickhouse.py                           1           0  3.86s           2025-11-01T16:47:52
/opt/airflow/dags/validate.py                                     1           0  3.69s           2025-11-01T16:47:52
================================================================================
[2025-11-01T16:48:34.086+0000] {manager.py:879} INFO - 
================================================================================
DAG File Processing Stats

File Path                                PID    Runtime      # DAGs    # Errors  Last Runtime    Last Run
---------------------------------------  -----  ---------  --------  ----------  --------------  -------------------
/opt/airflow/dags/load_to_clickhouse.py                           1           0  1.41s           2025-11-01T16:48:24
/opt/airflow/dags/validate.py                                     1           0  1.08s           2025-11-01T16:48:23
================================================================================
[2025-11-01T16:49:03.780+0000] {manager.py:879} INFO - 
================================================================================
DAG File Processing Stats

File Path                                PID    Runtime      # DAGs    # Errors  Last Runtime    Last Run
---------------------------------------  -----  ---------  --------  ----------  --------------  -------------------
/opt/airflow/dags/load_to_clickhouse.py                           1           0  1.67s           2025-11-01T16:48:55
/opt/airflow/dags/validate.py                                     1           0  1.36s           2025-11-01T16:48:55
================================================================================
[2025-11-01T16:49:32.765+0000] {manager.py:879} INFO - 
================================================================================
DAG File Processing Stats

File Path                                PID    Runtime      # DAGs    # Errors  Last Runtime    Last Run
---------------------------------------  -----  ---------  --------  ----------  --------------  -------------------
/opt/airflow/dags/load_to_clickhouse.py                           1           0  2.59s           2025-11-01T16:49:29
/opt/airflow/dags/validate.py                                     1           0  2.63s           2025-11-01T16:49:29
================================================================================
[2025-11-01T16:50:02.086+0000] {manager.py:879} INFO - 
================================================================================
DAG File Processing Stats

File Path                                PID    Runtime      # DAGs    # Errors  Last Runtime    Last Run
---------------------------------------  -----  ---------  --------  ----------  --------------  -------------------
/opt/airflow/dags/load_to_clickhouse.py                           1           0  2.10s           2025-11-01T16:49:41
/opt/airflow/dags/validate.py                                     1           0  1.05s           2025-11-01T16:50:01
================================================================================
[2025-11-01T16:50:31.404+0000] {manager.py:879} INFO - 
================================================================================
DAG File Processing Stats

File Path                                  PID  Runtime      # DAGs    # Errors  Last Runtime    Last Run
---------------------------------------  -----  ---------  --------  ----------  --------------  -------------------
/opt/airflow/dags/load_to_clickhouse.py                           1           0  1.67s           2025-11-01T16:50:13
/opt/airflow/dags/validate.py              284  0.12s             1           0  1.05s           2025-11-01T16:50:01
================================================================================
[2025-11-01T16:50:40.324+0000] {manager.py:738} INFO - Searching for files in /opt/airflow/dags
[2025-11-01T16:50:40.650+0000] {manager.py:741} INFO - There are 2 files in /opt/airflow/dags
[2025-11-01T16:50:45.928+0000] {manager.py:451} INFO - Exiting gracefully upon receiving signal 15
[2025-11-01T16:50:45.929+0000] {manager.py:451} INFO - Exiting gracefully upon receiving signal 15
[2025-11-01T16:50:49.184+0000] {manager.py:451} INFO - Exiting gracefully upon receiving signal 15
[2025-11-01T16:51:33.398+0000] {manager.py:469} INFO - Processing files using up to 2 processes at a time 
[2025-11-01T16:51:33.401+0000] {manager.py:470} INFO - Process each file at most once every 30 seconds
[2025-11-01T16:51:33.403+0000] {manager.py:471} INFO - Checking for new files in /opt/airflow/dags every 300 seconds
[2025-11-01T16:51:33.405+0000] {manager.py:738} INFO - Searching for files in /opt/airflow/dags
[2025-11-01T16:51:33.500+0000] {manager.py:741} INFO - There are 2 files in /opt/airflow/dags
[2025-11-01T16:51:46.561+0000] {manager.py:879} INFO - 
================================================================================
DAG File Processing Stats

File Path                                  PID  Runtime      # DAGs    # Errors  Last Runtime    Last Run
---------------------------------------  -----  ---------  --------  ----------  --------------  ----------
/opt/airflow/dags/load_to_clickhouse.py    168  12.60s            0           0
/opt/airflow/dags/validate.py              171  12.49s            0           0
================================================================================
[2025-11-01T16:52:16.096+0000] {manager.py:879} INFO - 
================================================================================
DAG File Processing Stats

File Path                                PID    Runtime      # DAGs    # Errors  Last Runtime    Last Run
---------------------------------------  -----  ---------  --------  ----------  --------------  -------------------
/opt/airflow/dags/load_to_clickhouse.py                           1           0  14.86s          2025-11-01T16:51:48
/opt/airflow/dags/validate.py                                     1           0  14.58s          2025-11-01T16:51:48
================================================================================
[2025-11-01T16:52:45.393+0000] {manager.py:879} INFO - 
================================================================================
DAG File Processing Stats

File Path                                PID    Runtime      # DAGs    # Errors  Last Runtime    Last Run
---------------------------------------  -----  ---------  --------  ----------  --------------  -------------------
/opt/airflow/dags/load_to_clickhouse.py                           1           0  9.15s           2025-11-01T16:52:30
/opt/airflow/dags/validate.py                                     1           0  10.32s          2025-11-01T16:52:29
================================================================================
[2025-11-01T16:53:14.317+0000] {manager.py:879} INFO - 
================================================================================
DAG File Processing Stats

File Path                                PID    Runtime      # DAGs    # Errors  Last Runtime    Last Run
---------------------------------------  -----  ---------  --------  ----------  --------------  -------------------
/opt/airflow/dags/load_to_clickhouse.py                           1           0  3.52s           2025-11-01T16:53:04
/opt/airflow/dags/validate.py                                     1           0  2.70s           2025-11-01T16:53:02
================================================================================
[2025-11-01T16:53:43.755+0000] {manager.py:879} INFO - 
================================================================================
DAG File Processing Stats

File Path                                PID    Runtime      # DAGs    # Errors  Last Runtime    Last Run
---------------------------------------  -----  ---------  --------  ----------  --------------  -------------------
/opt/airflow/dags/load_to_clickhouse.py                           1           0  1.43s           2025-11-01T16:53:36
/opt/airflow/dags/validate.py                                     1           0  1.08s           2025-11-01T16:53:33
================================================================================
[2025-11-01T16:54:12.783+0000] {manager.py:879} INFO - 
================================================================================
DAG File Processing Stats

File Path                                PID    Runtime      # DAGs    # Errors  Last Runtime    Last Run
---------------------------------------  -----  ---------  --------  ----------  --------------  -------------------
/opt/airflow/dags/load_to_clickhouse.py                           1           0  1.31s           2025-11-01T16:54:07
/opt/airflow/dags/validate.py                                     1           0  1.00s           2025-11-01T16:54:05
================================================================================
[2025-11-01T16:54:42.390+0000] {manager.py:879} INFO - 
================================================================================
DAG File Processing Stats

File Path                                PID    Runtime      # DAGs    # Errors  Last Runtime    Last Run
---------------------------------------  -----  ---------  --------  ----------  --------------  -------------------
/opt/airflow/dags/load_to_clickhouse.py                           1           0  2.43s           2025-11-01T16:54:40
/opt/airflow/dags/validate.py                                     1           0  2.43s           2025-11-01T16:54:38
================================================================================
[2025-11-01T16:55:11.496+0000] {manager.py:879} INFO - 
================================================================================
DAG File Processing Stats

File Path                                  PID  Runtime      # DAGs    # Errors  Last Runtime    Last Run
---------------------------------------  -----  ---------  --------  ----------  --------------  -------------------
/opt/airflow/dags/load_to_clickhouse.py    249  1.20s             1           0  2.43s           2025-11-01T16:54:40
/opt/airflow/dags/validate.py                                     1           0  1.21s           2025-11-01T16:55:09
================================================================================
[2025-11-01T16:55:40.641+0000] {manager.py:879} INFO - 
================================================================================
DAG File Processing Stats

File Path                                  PID  Runtime      # DAGs    # Errors  Last Runtime    Last Run
---------------------------------------  -----  ---------  --------  ----------  --------------  -------------------
/opt/airflow/dags/load_to_clickhouse.py                           1           0  2.04s           2025-11-01T16:55:12
/opt/airflow/dags/validate.py              261  0.31s             1           0  1.21s           2025-11-01T16:55:09
================================================================================
[2025-11-01T16:56:09.819+0000] {manager.py:879} INFO - 
================================================================================
DAG File Processing Stats

File Path                                PID    Runtime      # DAGs    # Errors  Last Runtime    Last Run
---------------------------------------  -----  ---------  --------  ----------  --------------  -------------------
/opt/airflow/dags/load_to_clickhouse.py                           1           0  5.92s           2025-11-01T16:55:49
/opt/airflow/dags/validate.py                                     1           0  9.05s           2025-11-01T16:55:49
================================================================================
[2025-11-01T16:56:33.764+0000] {manager.py:738} INFO - Searching for files in /opt/airflow/dags
[2025-11-01T16:56:33.836+0000] {manager.py:741} INFO - There are 2 files in /opt/airflow/dags
[2025-11-01T16:56:39.002+0000] {manager.py:879} INFO - 
================================================================================
DAG File Processing Stats

File Path                                PID    Runtime      # DAGs    # Errors  Last Runtime    Last Run
---------------------------------------  -----  ---------  --------  ----------  --------------  -------------------
/opt/airflow/dags/load_to_clickhouse.py                           1           0  9.84s           2025-11-01T16:56:30
/opt/airflow/dags/validate.py                                     1           0  10.39s          2025-11-01T16:56:30
================================================================================
[2025-11-01T16:57:07.977+0000] {manager.py:879} INFO - 
================================================================================
DAG File Processing Stats

File Path                                PID    Runtime      # DAGs    # Errors  Last Runtime    Last Run
---------------------------------------  -----  ---------  --------  ----------  --------------  -------------------
/opt/airflow/dags/load_to_clickhouse.py                           1           0  2.16s           2025-11-01T16:57:03
/opt/airflow/dags/validate.py                                     1           0  2.51s           2025-11-01T16:57:02
================================================================================
[2025-11-01T16:57:37.385+0000] {manager.py:879} INFO - 
================================================================================
DAG File Processing Stats

File Path                                PID    Runtime      # DAGs    # Errors  Last Runtime    Last Run
---------------------------------------  -----  ---------  --------  ----------  --------------  -------------------
/opt/airflow/dags/load_to_clickhouse.py                           1           0  1.27s           2025-11-01T16:57:35
/opt/airflow/dags/validate.py                                     1           0  1.07s           2025-11-01T16:57:34
================================================================================
[2025-11-01T16:58:06.380+0000] {manager.py:879} INFO - 
================================================================================
DAG File Processing Stats

File Path                                  PID  Runtime      # DAGs    # Errors  Last Runtime    Last Run
---------------------------------------  -----  ---------  --------  ----------  --------------  -------------------
/opt/airflow/dags/load_to_clickhouse.py    313  0.04s             1           0  1.27s           2025-11-01T16:57:35
/opt/airflow/dags/validate.py              309  1.59s             1           0  1.07s           2025-11-01T16:57:34
================================================================================
[2025-11-01T16:58:36.007+0000] {manager.py:879} INFO - 
================================================================================
DAG File Processing Stats

File Path                                PID    Runtime      # DAGs    # Errors  Last Runtime    Last Run
---------------------------------------  -----  ---------  --------  ----------  --------------  -------------------
/opt/airflow/dags/load_to_clickhouse.py                           1           0  5.84s           2025-11-01T16:58:12
/opt/airflow/dags/validate.py                                     1           0  6.22s           2025-11-01T16:58:11
================================================================================
[2025-11-01T16:59:05.937+0000] {manager.py:879} INFO - 
================================================================================
DAG File Processing Stats

File Path                                PID    Runtime      # DAGs    # Errors  Last Runtime    Last Run
---------------------------------------  -----  ---------  --------  ----------  --------------  -------------------
/opt/airflow/dags/load_to_clickhouse.py                           1           0  1.31s           2025-11-01T16:58:43
/opt/airflow/dags/validate.py                                     1           0  1.08s           2025-11-01T16:58:42
================================================================================
[2025-11-01T16:59:34.950+0000] {manager.py:879} INFO - 
================================================================================
DAG File Processing Stats

File Path                                PID    Runtime      # DAGs    # Errors  Last Runtime    Last Run
---------------------------------------  -----  ---------  --------  ----------  --------------  -------------------
/opt/airflow/dags/load_to_clickhouse.py                           1           0  1.26s           2025-11-01T16:59:14
/opt/airflow/dags/validate.py                                     1           0  0.96s           2025-11-01T16:59:13
================================================================================
[2025-11-01T17:00:04.013+0000] {manager.py:879} INFO - 
================================================================================
DAG File Processing Stats

File Path                                PID    Runtime      # DAGs    # Errors  Last Runtime    Last Run
---------------------------------------  -----  ---------  --------  ----------  --------------  -------------------
/opt/airflow/dags/load_to_clickhouse.py                           1           0  1.47s           2025-11-01T16:59:43
/opt/airflow/dags/validate.py                                     1           0  1.00s           2025-11-01T16:59:44
================================================================================
[2025-11-01T17:00:12.864+0000] {manager.py:451} INFO - Exiting gracefully upon receiving signal 15
[2025-11-01T17:01:22.175+0000] {manager.py:469} INFO - Processing files using up to 2 processes at a time 
[2025-11-01T17:01:22.178+0000] {manager.py:470} INFO - Process each file at most once every 30 seconds
[2025-11-01T17:01:22.179+0000] {manager.py:471} INFO - Checking for new files in /opt/airflow/dags every 300 seconds
[2025-11-01T17:01:22.181+0000] {manager.py:738} INFO - Searching for files in /opt/airflow/dags
[2025-11-01T17:01:22.272+0000] {manager.py:741} INFO - There are 2 files in /opt/airflow/dags
[2025-11-01T17:01:23.058+0000] {manager.py:879} INFO - 
================================================================================
DAG File Processing Stats

File Path                                  PID  Runtime      # DAGs    # Errors  Last Runtime    Last Run
---------------------------------------  -----  ---------  --------  ----------  --------------  ----------
/opt/airflow/dags/load_to_clickhouse.py    170  0.36s             0           0
/opt/airflow/dags/validate.py              167  0.45s             0           0
================================================================================
[2025-11-01T17:01:52.218+0000] {manager.py:879} INFO - 
================================================================================
DAG File Processing Stats

File Path                                PID    Runtime      # DAGs    # Errors  Last Runtime    Last Run
---------------------------------------  -----  ---------  --------  ----------  --------------  -------------------
/opt/airflow/dags/load_to_clickhouse.py                           1           0  3.12s           2025-11-01T17:01:25
/opt/airflow/dags/validate.py                                     1           0  3.24s           2025-11-01T17:01:25
================================================================================
[2025-11-01T17:02:21.897+0000] {manager.py:879} INFO - 
================================================================================
DAG File Processing Stats

File Path                                PID    Runtime      # DAGs    # Errors  Last Runtime    Last Run
---------------------------------------  -----  ---------  --------  ----------  --------------  -------------------
/opt/airflow/dags/load_to_clickhouse.py                           1           0  3.57s           2025-11-01T17:01:59
/opt/airflow/dags/validate.py                                     1           0  3.56s           2025-11-01T17:01:59
================================================================================
[2025-11-01T17:02:51.687+0000] {manager.py:879} INFO - 
================================================================================
DAG File Processing Stats

File Path                                PID    Runtime      # DAGs    # Errors  Last Runtime    Last Run
---------------------------------------  -----  ---------  --------  ----------  --------------  -------------------
/opt/airflow/dags/load_to_clickhouse.py                           1           0  1.38s           2025-11-01T17:02:31
/opt/airflow/dags/validate.py                                     1           0  1.28s           2025-11-01T17:02:31
================================================================================
[2025-11-01T17:03:21.620+0000] {manager.py:879} INFO - 
================================================================================
DAG File Processing Stats

File Path                                PID    Runtime      # DAGs    # Errors  Last Runtime    Last Run
---------------------------------------  -----  ---------  --------  ----------  --------------  -------------------
/opt/airflow/dags/load_to_clickhouse.py                           1           0  8.89s           2025-11-01T17:03:17
/opt/airflow/dags/validate.py                                     1           0  11.33s          2025-11-01T17:03:17
================================================================================
[2025-11-01T17:03:50.971+0000] {manager.py:879} INFO - 
================================================================================
DAG File Processing Stats

File Path                                PID    Runtime      # DAGs    # Errors  Last Runtime    Last Run
---------------------------------------  -----  ---------  --------  ----------  --------------  -------------------
/opt/airflow/dags/load_to_clickhouse.py                           1           0  1.93s           2025-11-01T17:03:49
/opt/airflow/dags/validate.py                                     1           0  1.56s           2025-11-01T17:03:49
================================================================================
[2025-11-01T17:04:20.383+0000] {manager.py:879} INFO - 
================================================================================
DAG File Processing Stats

File Path                                  PID  Runtime      # DAGs    # Errors  Last Runtime    Last Run
---------------------------------------  -----  ---------  --------  ----------  --------------  -------------------
/opt/airflow/dags/load_to_clickhouse.py    234  0.02s             1           0  1.93s           2025-11-01T17:03:49
/opt/airflow/dags/validate.py              230  0.82s             1           0  1.56s           2025-11-01T17:03:49
================================================================================
[2025-11-01T17:04:50.027+0000] {manager.py:879} INFO - 
================================================================================
DAG File Processing Stats

File Path                                PID    Runtime      # DAGs    # Errors  Last Runtime    Last Run
---------------------------------------  -----  ---------  --------  ----------  --------------  -------------------
/opt/airflow/dags/load_to_clickhouse.py                           1           0  1.28s           2025-11-01T17:04:21
/opt/airflow/dags/validate.py                                     1           0  1.00s           2025-11-01T17:04:20
================================================================================
[2025-11-01T17:05:19.203+0000] {manager.py:879} INFO - 
================================================================================
DAG File Processing Stats

File Path                                PID    Runtime      # DAGs    # Errors  Last Runtime    Last Run
---------------------------------------  -----  ---------  --------  ----------  --------------  -------------------
/opt/airflow/dags/load_to_clickhouse.py                           1           0  1.42s           2025-11-01T17:04:53
/opt/airflow/dags/validate.py                                     1           0  1.76s           2025-11-01T17:04:52
================================================================================
[2025-11-01T17:05:48.824+0000] {manager.py:879} INFO - 
================================================================================
DAG File Processing Stats

File Path                                PID    Runtime      # DAGs    # Errors  Last Runtime    Last Run
---------------------------------------  -----  ---------  --------  ----------  --------------  -------------------
/opt/airflow/dags/load_to_clickhouse.py                           1           0  1.17s           2025-11-01T17:05:25
/opt/airflow/dags/validate.py                                     1           0  1.01s           2025-11-01T17:05:24
================================================================================
[2025-11-01T17:06:18.626+0000] {manager.py:879} INFO - 
================================================================================
DAG File Processing Stats

File Path                                PID    Runtime      # DAGs    # Errors  Last Runtime    Last Run
---------------------------------------  -----  ---------  --------  ----------  --------------  -------------------
/opt/airflow/dags/load_to_clickhouse.py                           1           0  1.30s           2025-11-01T17:05:57
/opt/airflow/dags/validate.py                                     1           0  0.97s           2025-11-01T17:05:55
================================================================================
[2025-11-01T17:06:22.250+0000] {manager.py:738} INFO - Searching for files in /opt/airflow/dags
[2025-11-01T17:06:23.879+0000] {manager.py:741} INFO - There are 2 files in /opt/airflow/dags
[2025-11-01T17:06:48.497+0000] {manager.py:879} INFO - 
================================================================================
DAG File Processing Stats

File Path                                PID    Runtime      # DAGs    # Errors  Last Runtime    Last Run
---------------------------------------  -----  ---------  --------  ----------  --------------  -------------------
/opt/airflow/dags/load_to_clickhouse.py                           1           0  1.37s           2025-11-01T17:06:28
/opt/airflow/dags/validate.py                                     1           0  1.50s           2025-11-01T17:06:27
================================================================================
[2025-11-01T17:07:18.132+0000] {manager.py:879} INFO - 
================================================================================
DAG File Processing Stats

File Path                                PID    Runtime      # DAGs    # Errors  Last Runtime    Last Run
---------------------------------------  -----  ---------  --------  ----------  --------------  -------------------
/opt/airflow/dags/load_to_clickhouse.py                           1           0  1.38s           2025-11-01T17:07:00
/opt/airflow/dags/validate.py                                     1           0  0.96s           2025-11-01T17:06:59
================================================================================
[2025-11-01T17:07:47.888+0000] {manager.py:879} INFO - 
================================================================================
DAG File Processing Stats

File Path                                PID    Runtime      # DAGs    # Errors  Last Runtime    Last Run
---------------------------------------  -----  ---------  --------  ----------  --------------  -------------------
/opt/airflow/dags/load_to_clickhouse.py                           1           0  1.42s           2025-11-01T17:07:32
/opt/airflow/dags/validate.py                                     1           0  1.18s           2025-11-01T17:07:30
================================================================================
[2025-11-01T17:08:17.078+0000] {manager.py:879} INFO - 
================================================================================
DAG File Processing Stats

File Path                                PID    Runtime      # DAGs    # Errors  Last Runtime    Last Run
---------------------------------------  -----  ---------  --------  ----------  --------------  -------------------
/opt/airflow/dags/load_to_clickhouse.py                           1           0  1.53s           2025-11-01T17:08:04
/opt/airflow/dags/validate.py                                     1           0  1.14s           2025-11-01T17:08:02
================================================================================
[2025-11-01T17:08:46.776+0000] {manager.py:879} INFO - 
================================================================================
DAG File Processing Stats

File Path                                PID    Runtime      # DAGs    # Errors  Last Runtime    Last Run
---------------------------------------  -----  ---------  --------  ----------  --------------  -------------------
/opt/airflow/dags/load_to_clickhouse.py                           1           0  7.45s           2025-11-01T17:08:42
/opt/airflow/dags/validate.py                                     1           0  9.21s           2025-11-01T17:08:42
================================================================================
[2025-11-01T17:09:16.542+0000] {manager.py:879} INFO - 
================================================================================
DAG File Processing Stats

File Path                                PID    Runtime      # DAGs    # Errors  Last Runtime    Last Run
---------------------------------------  -----  ---------  --------  ----------  --------------  -------------------
/opt/airflow/dags/load_to_clickhouse.py                           1           0  3.15s           2025-11-01T17:09:15
/opt/airflow/dags/validate.py                                     1           0  3.28s           2025-11-01T17:09:15
================================================================================
[2025-11-01T17:09:46.068+0000] {manager.py:879} INFO - 
================================================================================
DAG File Processing Stats

File Path                                  PID  Runtime      # DAGs    # Errors  Last Runtime    Last Run
---------------------------------------  -----  ---------  --------  ----------  --------------  -------------------
/opt/airflow/dags/load_to_clickhouse.py    356  0.02s             1           0  3.15s           2025-11-01T17:09:15
/opt/airflow/dags/validate.py              353  0.08s             1           0  3.28s           2025-11-01T17:09:15
================================================================================
[2025-11-01T17:10:16.023+0000] {manager.py:879} INFO - 
================================================================================
DAG File Processing Stats

File Path                                PID    Runtime      # DAGs    # Errors  Last Runtime    Last Run
---------------------------------------  -----  ---------  --------  ----------  --------------  -------------------
/opt/airflow/dags/load_to_clickhouse.py                           1           0  1.42s           2025-11-01T17:09:47
/opt/airflow/dags/validate.py                                     1           0  1.11s           2025-11-01T17:09:47
================================================================================
[2025-11-01T17:10:46.498+0000] {manager.py:879} INFO - 
================================================================================
DAG File Processing Stats

File Path                                PID    Runtime      # DAGs    # Errors  Last Runtime    Last Run
---------------------------------------  -----  ---------  --------  ----------  --------------  -------------------
/opt/airflow/dags/load_to_clickhouse.py                           1           0  1.76s           2025-11-01T17:10:19
/opt/airflow/dags/validate.py                                     1           0  1.40s           2025-11-01T17:10:18
================================================================================
[2025-11-01T17:11:16.810+0000] {manager.py:879} INFO - 
================================================================================
DAG File Processing Stats

File Path                                PID    Runtime      # DAGs    # Errors  Last Runtime    Last Run
---------------------------------------  -----  ---------  --------  ----------  --------------  -------------------
/opt/airflow/dags/load_to_clickhouse.py                           1           0  1.71s           2025-11-01T17:10:52
/opt/airflow/dags/validate.py                                     1           0  1.26s           2025-11-01T17:10:50
================================================================================
[2025-11-01T17:11:23.104+0000] {manager.py:738} INFO - Searching for files in /opt/airflow/dags
[2025-11-01T17:11:23.256+0000] {manager.py:741} INFO - There are 2 files in /opt/airflow/dags
[2025-11-01T17:11:46.917+0000] {manager.py:879} INFO - 
================================================================================
DAG File Processing Stats

File Path                                PID    Runtime      # DAGs    # Errors  Last Runtime    Last Run
---------------------------------------  -----  ---------  --------  ----------  --------------  -------------------
/opt/airflow/dags/load_to_clickhouse.py                           1           0  3.36s           2025-11-01T17:11:26
/opt/airflow/dags/validate.py                                     1           0  4.15s           2025-11-01T17:11:25
================================================================================
[2025-11-01T17:12:16.728+0000] {manager.py:879} INFO - 
================================================================================
DAG File Processing Stats

File Path                                PID    Runtime      # DAGs    # Errors  Last Runtime    Last Run
---------------------------------------  -----  ---------  --------  ----------  --------------  -------------------
/opt/airflow/dags/load_to_clickhouse.py                           1           0  2.07s           2025-11-01T17:11:59
/opt/airflow/dags/validate.py                                     1           0  1.22s           2025-11-01T17:11:57
================================================================================
[2025-11-01T17:12:46.999+0000] {manager.py:879} INFO - 
================================================================================
DAG File Processing Stats

File Path                                PID    Runtime      # DAGs    # Errors  Last Runtime    Last Run
---------------------------------------  -----  ---------  --------  ----------  --------------  -------------------
/opt/airflow/dags/load_to_clickhouse.py                           1           0  1.38s           2025-11-01T17:12:31
/opt/airflow/dags/validate.py                                     1           0  1.46s           2025-11-01T17:12:29
================================================================================
[2025-11-01T17:13:16.474+0000] {manager.py:879} INFO - 
================================================================================
DAG File Processing Stats

File Path                                PID    Runtime      # DAGs    # Errors  Last Runtime    Last Run
---------------------------------------  -----  ---------  --------  ----------  --------------  -------------------
/opt/airflow/dags/load_to_clickhouse.py                           1           0  18.72s          2025-11-01T17:13:14
/opt/airflow/dags/validate.py                                     1           0  5.22s           2025-11-01T17:13:13
================================================================================
[2025-11-01T17:13:27.726+0000] {manager.py:451} INFO - Exiting gracefully upon receiving signal 15
[2025-11-01T17:14:47.741+0000] {manager.py:469} INFO - Processing files using up to 2 processes at a time 
[2025-11-01T17:14:47.748+0000] {manager.py:470} INFO - Process each file at most once every 30 seconds
[2025-11-01T17:14:47.763+0000] {manager.py:471} INFO - Checking for new files in /opt/airflow/dags every 300 seconds
[2025-11-01T17:14:47.779+0000] {manager.py:738} INFO - Searching for files in /opt/airflow/dags
[2025-11-01T17:14:48.049+0000] {manager.py:741} INFO - There are 2 files in /opt/airflow/dags
[2025-11-01T17:14:48.802+0000] {manager.py:879} INFO - 
================================================================================
DAG File Processing Stats

File Path                                  PID  Runtime      # DAGs    # Errors  Last Runtime    Last Run
---------------------------------------  -----  ---------  --------  ----------  --------------  ----------
/opt/airflow/dags/load_to_clickhouse.py    167  0.44s             0           0
/opt/airflow/dags/validate.py              170  0.36s             0           0
================================================================================
[2025-11-01T17:15:18.962+0000] {manager.py:879} INFO - 
================================================================================
DAG File Processing Stats

File Path                                PID    Runtime      # DAGs    # Errors  Last Runtime    Last Run
---------------------------------------  -----  ---------  --------  ----------  --------------  -------------------
/opt/airflow/dags/load_to_clickhouse.py                           1           0  18.58s          2025-11-01T17:15:06
/opt/airflow/dags/validate.py                                     1           0  18.41s          2025-11-01T17:15:06
================================================================================
[2025-11-01T17:15:48.712+0000] {manager.py:879} INFO - 
================================================================================
DAG File Processing Stats

File Path                                PID    Runtime      # DAGs    # Errors  Last Runtime    Last Run
---------------------------------------  -----  ---------  --------  ----------  --------------  -------------------
/opt/airflow/dags/load_to_clickhouse.py                           1           0  8.19s           2025-11-01T17:15:46
/opt/airflow/dags/validate.py                                     1           0  7.73s           2025-11-01T17:15:44
================================================================================
[2025-11-01T17:16:18.970+0000] {manager.py:879} INFO - 
================================================================================
DAG File Processing Stats

File Path                                PID    Runtime      # DAGs    # Errors  Last Runtime    Last Run
---------------------------------------  -----  ---------  --------  ----------  --------------  -------------------
/opt/airflow/dags/load_to_clickhouse.py                           1           0  1.40s           2025-11-01T17:16:18
/opt/airflow/dags/validate.py                                     1           0  1.12s           2025-11-01T17:16:15
================================================================================
[2025-11-01T17:16:50.341+0000] {manager.py:879} INFO - 
================================================================================
DAG File Processing Stats

File Path                                  PID  Runtime      # DAGs    # Errors  Last Runtime    Last Run
---------------------------------------  -----  ---------  --------  ----------  --------------  -------------------
/opt/airflow/dags/load_to_clickhouse.py    212  0.45s             1           0  1.40s           2025-11-01T17:16:18
/opt/airflow/dags/validate.py              209  3.21s             1           0  1.12s           2025-11-01T17:16:15
================================================================================
[2025-11-01T17:17:20.503+0000] {manager.py:879} INFO - 
================================================================================
DAG File Processing Stats

File Path                                PID    Runtime      # DAGs    # Errors  Last Runtime    Last Run
---------------------------------------  -----  ---------  --------  ----------  --------------  -------------------
/opt/airflow/dags/load_to_clickhouse.py                           1           0  6.18s           2025-11-01T17:16:55
/opt/airflow/dags/validate.py                                     1           0  8.48s           2025-11-01T17:16:55
================================================================================
[2025-11-01T17:17:50.194+0000] {manager.py:879} INFO - 
================================================================================
DAG File Processing Stats

File Path                                PID    Runtime      # DAGs    # Errors  Last Runtime    Last Run
---------------------------------------  -----  ---------  --------  ----------  --------------  -------------------
/opt/airflow/dags/load_to_clickhouse.py                           1           0  1.85s           2025-11-01T17:17:27
/opt/airflow/dags/validate.py                                     1           0  1.59s           2025-11-01T17:17:27
================================================================================
[2025-11-01T17:18:20.127+0000] {manager.py:879} INFO - 
================================================================================
DAG File Processing Stats

File Path                                PID    Runtime      # DAGs    # Errors  Last Runtime    Last Run
---------------------------------------  -----  ---------  --------  ----------  --------------  -------------------
/opt/airflow/dags/load_to_clickhouse.py                           1           0  1.49s           2025-11-01T17:17:59
/opt/airflow/dags/validate.py                                     1           0  1.07s           2025-11-01T17:17:58
================================================================================
[2025-11-01T17:18:50.340+0000] {manager.py:879} INFO - 
================================================================================
DAG File Processing Stats

File Path                                PID    Runtime      # DAGs    # Errors  Last Runtime    Last Run
---------------------------------------  -----  ---------  --------  ----------  --------------  -------------------
/opt/airflow/dags/load_to_clickhouse.py                           1           0  1.84s           2025-11-01T17:18:32
/opt/airflow/dags/validate.py                                     1           0  2.86s           2025-11-01T17:18:31
================================================================================
[2025-11-01T17:19:20.966+0000] {manager.py:879} INFO - 
================================================================================
DAG File Processing Stats

File Path                                PID    Runtime      # DAGs    # Errors  Last Runtime    Last Run
---------------------------------------  -----  ---------  --------  ----------  --------------  -------------------
/opt/airflow/dags/load_to_clickhouse.py                           1           0  1.44s           2025-11-01T17:19:03
/opt/airflow/dags/validate.py                                     1           0  1.16s           2025-11-01T17:19:03
================================================================================
[2025-11-01T17:19:48.082+0000] {manager.py:738} INFO - Searching for files in /opt/airflow/dags
[2025-11-01T17:19:48.188+0000] {manager.py:741} INFO - There are 2 files in /opt/airflow/dags
[2025-11-01T17:19:50.827+0000] {manager.py:879} INFO - 
================================================================================
DAG File Processing Stats

File Path                                PID    Runtime      # DAGs    # Errors  Last Runtime    Last Run
---------------------------------------  -----  ---------  --------  ----------  --------------  -------------------
/opt/airflow/dags/load_to_clickhouse.py                           1           0  6.86s           2025-11-01T17:19:40
/opt/airflow/dags/validate.py                                     1           0  6.26s           2025-11-01T17:19:40
================================================================================
[2025-11-01T17:20:20.534+0000] {manager.py:879} INFO - 
================================================================================
DAG File Processing Stats

File Path                                PID    Runtime      # DAGs    # Errors  Last Runtime    Last Run
---------------------------------------  -----  ---------  --------  ----------  --------------  -------------------
/opt/airflow/dags/load_to_clickhouse.py                           1           0  1.72s           2025-11-01T17:20:13
/opt/airflow/dags/validate.py                                     1           0  1.33s           2025-11-01T17:20:13
================================================================================
[2025-11-01T17:20:50.217+0000] {manager.py:879} INFO - 
================================================================================
DAG File Processing Stats

File Path                                PID    Runtime      # DAGs    # Errors  Last Runtime    Last Run
---------------------------------------  -----  ---------  --------  ----------  --------------  -------------------
/opt/airflow/dags/load_to_clickhouse.py                           1           0  1.64s           2025-11-01T17:20:36
/opt/airflow/dags/validate.py                                     1           0  0.95s           2025-11-01T17:20:44
================================================================================
[2025-11-01T17:21:19.979+0000] {manager.py:879} INFO - 
================================================================================
DAG File Processing Stats

File Path                                PID    Runtime      # DAGs    # Errors  Last Runtime    Last Run
---------------------------------------  -----  ---------  --------  ----------  --------------  -------------------
/opt/airflow/dags/load_to_clickhouse.py                           1           0  1.40s           2025-11-01T17:21:07
/opt/airflow/dags/validate.py                                     1           0  3.04s           2025-11-01T17:21:17
================================================================================
[2025-11-01T17:21:49.925+0000] {manager.py:879} INFO - 
================================================================================
DAG File Processing Stats

File Path                                PID    Runtime      # DAGs    # Errors  Last Runtime    Last Run
---------------------------------------  -----  ---------  --------  ----------  --------------  -------------------
/opt/airflow/dags/load_to_clickhouse.py                           1           0  2.07s           2025-11-01T17:21:40
/opt/airflow/dags/validate.py                                     1           0  1.72s           2025-11-01T17:21:39
================================================================================
[2025-11-01T17:22:11.544+0000] {manager.py:451} INFO - Exiting gracefully upon receiving signal 15
[2025-11-01T17:22:11.548+0000] {manager.py:451} INFO - Exiting gracefully upon receiving signal 15
[2025-11-01T17:22:11.548+0000] {manager.py:451} INFO - Exiting gracefully upon receiving signal 15
[2025-11-01T17:23:06.528+0000] {manager.py:469} INFO - Processing files using up to 2 processes at a time 
[2025-11-01T17:23:06.532+0000] {manager.py:470} INFO - Process each file at most once every 30 seconds
[2025-11-01T17:23:06.534+0000] {manager.py:471} INFO - Checking for new files in /opt/airflow/dags every 300 seconds
[2025-11-01T17:23:06.538+0000] {manager.py:738} INFO - Searching for files in /opt/airflow/dags
[2025-11-01T17:23:06.655+0000] {manager.py:741} INFO - There are 2 files in /opt/airflow/dags
[2025-11-01T17:23:07.848+0000] {manager.py:879} INFO - 
================================================================================
DAG File Processing Stats

File Path                                  PID  Runtime      # DAGs    # Errors  Last Runtime    Last Run
---------------------------------------  -----  ---------  --------  ----------  --------------  ----------
/opt/airflow/dags/load_to_clickhouse.py    171  0.49s             0           0
/opt/airflow/dags/validate.py              167  0.60s             0           0
================================================================================
[2025-11-01T17:23:37.536+0000] {manager.py:879} INFO - 
================================================================================
DAG File Processing Stats

File Path                                PID    Runtime      # DAGs    # Errors  Last Runtime    Last Run
---------------------------------------  -----  ---------  --------  ----------  --------------  -------------------
/opt/airflow/dags/load_to_clickhouse.py                           1           0  4.38s           2025-11-01T17:23:11
/opt/airflow/dags/validate.py                                     1           0  4.43s           2025-11-01T17:23:11
================================================================================
[2025-11-01T17:24:07.373+0000] {manager.py:879} INFO - 
================================================================================
DAG File Processing Stats

File Path                                PID    Runtime      # DAGs    # Errors  Last Runtime    Last Run
---------------------------------------  -----  ---------  --------  ----------  --------------  -------------------
/opt/airflow/dags/load_to_clickhouse.py                           1           0  1.79s           2025-11-01T17:23:43
/opt/airflow/dags/validate.py                                     1           0  1.34s           2025-11-01T17:23:42
================================================================================
[2025-11-01T17:24:37.568+0000] {manager.py:879} INFO - 
================================================================================
DAG File Processing Stats

File Path                                PID    Runtime      # DAGs    # Errors  Last Runtime    Last Run
---------------------------------------  -----  ---------  --------  ----------  --------------  -------------------
/opt/airflow/dags/load_to_clickhouse.py                           1           0  9.88s           2025-11-01T17:24:24
/opt/airflow/dags/validate.py                                     1           0  10.18s          2025-11-01T17:24:23
================================================================================
[2025-11-01T17:25:07.961+0000] {manager.py:879} INFO - 
================================================================================
DAG File Processing Stats

File Path                                PID    Runtime      # DAGs    # Errors  Last Runtime    Last Run
---------------------------------------  -----  ---------  --------  ----------  --------------  -------------------
/opt/airflow/dags/load_to_clickhouse.py                           1           0  1.86s           2025-11-01T17:24:55
/opt/airflow/dags/validate.py                                     1           0  1.37s           2025-11-01T17:24:55
================================================================================
[2025-11-01T17:25:38.440+0000] {manager.py:879} INFO - 
================================================================================
DAG File Processing Stats

File Path                                PID    Runtime      # DAGs    # Errors  Last Runtime    Last Run
---------------------------------------  -----  ---------  --------  ----------  --------------  -------------------
/opt/airflow/dags/load_to_clickhouse.py                           1           0  1.25s           2025-11-01T17:25:27
/opt/airflow/dags/validate.py                                     1           0  0.98s           2025-11-01T17:25:26
================================================================================
[2025-11-01T17:26:09.059+0000] {manager.py:879} INFO - 
================================================================================
DAG File Processing Stats

File Path                                PID    Runtime      # DAGs    # Errors  Last Runtime    Last Run
---------------------------------------  -----  ---------  --------  ----------  --------------  -------------------
/opt/airflow/dags/load_to_clickhouse.py                           1           0  1.06s           2025-11-01T17:25:58
/opt/airflow/dags/validate.py                                     1           0  0.94s           2025-11-01T17:25:57
================================================================================
[2025-11-01T17:26:39.553+0000] {manager.py:879} INFO - 
================================================================================
DAG File Processing Stats

File Path                                  PID  Runtime      # DAGs    # Errors  Last Runtime    Last Run
---------------------------------------  -----  ---------  --------  ----------  --------------  -------------------
/opt/airflow/dags/load_to_clickhouse.py    249  9.63s             1           0  1.06s           2025-11-01T17:25:58
/opt/airflow/dags/validate.py                                     1           0  3.60s           2025-11-01T17:26:31
================================================================================
[2025-11-01T17:27:10.062+0000] {manager.py:879} INFO - 
================================================================================
DAG File Processing Stats

File Path                                PID    Runtime      # DAGs    # Errors  Last Runtime    Last Run
---------------------------------------  -----  ---------  --------  ----------  --------------  -------------------
/opt/airflow/dags/load_to_clickhouse.py                           1           0  17.71s          2025-11-01T17:26:47
/opt/airflow/dags/validate.py                                     1           0  1.43s           2025-11-01T17:27:02
================================================================================
[2025-11-01T17:27:40.319+0000] {manager.py:879} INFO - 
================================================================================
DAG File Processing Stats

File Path                                PID    Runtime      # DAGs    # Errors  Last Runtime    Last Run
---------------------------------------  -----  ---------  --------  ----------  --------------  -------------------
/opt/airflow/dags/load_to_clickhouse.py                           1           0  1.39s           2025-11-01T17:27:18
/opt/airflow/dags/validate.py                                     1           0  1.19s           2025-11-01T17:27:34
================================================================================
[2025-11-01T17:28:07.400+0000] {manager.py:738} INFO - Searching for files in /opt/airflow/dags
[2025-11-01T17:28:18.197+0000] {manager.py:741} INFO - There are 2 files in /opt/airflow/dags
[2025-11-01T17:28:18.505+0000] {manager.py:879} INFO - 
================================================================================
DAG File Processing Stats

File Path                                  PID  Runtime      # DAGs    # Errors  Last Runtime    Last Run
---------------------------------------  -----  ---------  --------  ----------  --------------  -------------------
/opt/airflow/dags/load_to_clickhouse.py                           1           0  5.56s           2025-11-01T17:27:57
/opt/airflow/dags/validate.py              282  13.74s            1           0  1.19s           2025-11-01T17:27:34
================================================================================
[2025-11-01T17:28:47.676+0000] {manager.py:879} INFO - 
================================================================================
DAG File Processing Stats

File Path                                PID    Runtime      # DAGs    # Errors  Last Runtime    Last Run
---------------------------------------  -----  ---------  --------  ----------  --------------  -------------------
/opt/airflow/dags/load_to_clickhouse.py                           1           0  9.62s           2025-11-01T17:28:37
/opt/airflow/dags/validate.py                                     1           0  13.82s          2025-11-01T17:28:18
================================================================================
[2025-11-01T17:29:18.680+0000] {manager.py:879} INFO - 
================================================================================
DAG File Processing Stats

File Path                                PID    Runtime      # DAGs    # Errors  Last Runtime    Last Run
---------------------------------------  -----  ---------  --------  ----------  --------------  -------------------
/opt/airflow/dags/load_to_clickhouse.py                           1           0  8.08s           2025-11-01T17:29:17
/opt/airflow/dags/validate.py                                     1           0  12.77s          2025-11-01T17:29:01
================================================================================
[2025-11-01T17:29:48.560+0000] {manager.py:879} INFO - 
================================================================================
DAG File Processing Stats

File Path                                  PID  Runtime      # DAGs    # Errors  Last Runtime    Last Run
---------------------------------------  -----  ---------  --------  ----------  --------------  -------------------
/opt/airflow/dags/load_to_clickhouse.py    312  0.26s             1           0  8.08s           2025-11-01T17:29:17
/opt/airflow/dags/validate.py                                     1           0  1.04s           2025-11-01T17:29:33
================================================================================
[2025-11-01T17:30:18.503+0000] {manager.py:879} INFO - 
================================================================================
DAG File Processing Stats

File Path                                PID    Runtime      # DAGs    # Errors  Last Runtime    Last Run
---------------------------------------  -----  ---------  --------  ----------  --------------  -------------------
/opt/airflow/dags/load_to_clickhouse.py                           1           0  1.94s           2025-11-01T17:29:50
/opt/airflow/dags/validate.py                                     1           0  1.01s           2025-11-01T17:30:04
================================================================================
[2025-11-01T17:30:48.361+0000] {manager.py:879} INFO - 
================================================================================
DAG File Processing Stats

File Path                                PID    Runtime      # DAGs    # Errors  Last Runtime    Last Run
---------------------------------------  -----  ---------  --------  ----------  --------------  -------------------
/opt/airflow/dags/load_to_clickhouse.py                           1           0  1.49s           2025-11-01T17:30:22
/opt/airflow/dags/validate.py                                     1           0  1.45s           2025-11-01T17:30:36
================================================================================
[2025-11-01T17:31:18.272+0000] {manager.py:879} INFO - 
================================================================================
DAG File Processing Stats

File Path                                  PID  Runtime      # DAGs    # Errors  Last Runtime    Last Run
---------------------------------------  -----  ---------  --------  ----------  --------------  -------------------
/opt/airflow/dags/load_to_clickhouse.py                           1           0  2.68s           2025-11-01T17:30:55
/opt/airflow/dags/validate.py              342  11.07s            1           0  1.45s           2025-11-01T17:30:36
================================================================================
[2025-11-01T17:31:48.168+0000] {manager.py:879} INFO - 
================================================================================
DAG File Processing Stats

File Path                                PID    Runtime      # DAGs    # Errors  Last Runtime    Last Run
---------------------------------------  -----  ---------  --------  ----------  --------------  -------------------
/opt/airflow/dags/load_to_clickhouse.py                           1           0  1.56s           2025-11-01T17:31:26
/opt/airflow/dags/validate.py                                     1           0  12.29s          2025-11-01T17:31:19
================================================================================
[2025-11-01T17:32:18.078+0000] {manager.py:879} INFO - 
================================================================================
DAG File Processing Stats

File Path                                PID    Runtime      # DAGs    # Errors  Last Runtime    Last Run
---------------------------------------  -----  ---------  --------  ----------  --------------  -------------------
/opt/airflow/dags/load_to_clickhouse.py                           1           0  1.44s           2025-11-01T17:31:58
/opt/airflow/dags/validate.py                                     1           0  0.90s           2025-11-01T17:31:50
================================================================================
[2025-11-01T17:32:23.939+0000] {manager.py:451} INFO - Exiting gracefully upon receiving signal 15
[2025-11-01T17:32:23.939+0000] {manager.py:451} INFO - Exiting gracefully upon receiving signal 15
[2025-11-01T17:32:29.098+0000] {manager.py:451} INFO - Exiting gracefully upon receiving signal 15
[2025-11-01T17:35:44.691+0000] {manager.py:469} INFO - Processing files using up to 2 processes at a time 
[2025-11-01T17:35:44.700+0000] {manager.py:470} INFO - Process each file at most once every 30 seconds
[2025-11-01T17:35:44.702+0000] {manager.py:471} INFO - Checking for new files in /opt/airflow/dags every 300 seconds
[2025-11-01T17:35:44.715+0000] {manager.py:738} INFO - Searching for files in /opt/airflow/dags
[2025-11-01T17:35:44.874+0000] {manager.py:741} INFO - There are 2 files in /opt/airflow/dags
[2025-11-01T17:35:45.365+0000] {manager.py:879} INFO - 
================================================================================
DAG File Processing Stats

File Path                                  PID  Runtime      # DAGs    # Errors  Last Runtime    Last Run
---------------------------------------  -----  ---------  --------  ----------  --------------  ----------
/opt/airflow/dags/load_to_clickhouse.py    170  0.23s             0           0
/opt/airflow/dags/validate.py              167  0.27s             0           0
================================================================================
[2025-11-01T17:36:15.447+0000] {manager.py:879} INFO - 
================================================================================
DAG File Processing Stats

File Path                                PID    Runtime      # DAGs    # Errors  Last Runtime    Last Run
---------------------------------------  -----  ---------  --------  ----------  --------------  -------------------
/opt/airflow/dags/load_to_clickhouse.py                           0           1  0.48s           2025-11-01T17:35:45
/opt/airflow/dags/validate.py                                     1           0  6.72s           2025-11-01T17:35:51
================================================================================
[2025-11-01T17:36:45.806+0000] {manager.py:879} INFO - 
================================================================================
DAG File Processing Stats

File Path                                PID    Runtime      # DAGs    # Errors  Last Runtime    Last Run
---------------------------------------  -----  ---------  --------  ----------  --------------  -------------------
/opt/airflow/dags/load_to_clickhouse.py                           0           1  8.01s           2025-11-01T17:36:24
/opt/airflow/dags/validate.py                                     1           0  4.30s           2025-11-01T17:36:26
================================================================================
[2025-11-01T17:37:16.932+0000] {manager.py:879} INFO - 
================================================================================
DAG File Processing Stats

File Path                                PID    Runtime      # DAGs    # Errors  Last Runtime    Last Run
---------------------------------------  -----  ---------  --------  ----------  --------------  -------------------
/opt/airflow/dags/load_to_clickhouse.py                           0           1  0.27s           2025-11-01T17:36:55
/opt/airflow/dags/validate.py                                     1           0  1.58s           2025-11-01T17:36:58
================================================================================
[2025-11-01T17:37:46.741+0000] {manager.py:879} INFO - 
================================================================================
DAG File Processing Stats

File Path                                PID    Runtime      # DAGs    # Errors  Last Runtime    Last Run
---------------------------------------  -----  ---------  --------  ----------  --------------  -------------------
/opt/airflow/dags/load_to_clickhouse.py                           0           1  0.50s           2025-11-01T17:37:26
/opt/airflow/dags/validate.py                                     1           0  2.77s           2025-11-01T17:37:31
================================================================================
[2025-11-01T17:38:16.909+0000] {manager.py:879} INFO - 
================================================================================
DAG File Processing Stats

File Path                                PID    Runtime      # DAGs    # Errors  Last Runtime    Last Run
---------------------------------------  -----  ---------  --------  ----------  --------------  -------------------
/opt/airflow/dags/load_to_clickhouse.py                           0           1  7.18s           2025-11-01T17:38:04
/opt/airflow/dags/validate.py                                     1           0  4.12s           2025-11-01T17:38:07
================================================================================
[2025-11-01T17:38:47.559+0000] {manager.py:879} INFO - 
================================================================================
DAG File Processing Stats

File Path                                PID    Runtime      # DAGs    # Errors  Last Runtime    Last Run
---------------------------------------  -----  ---------  --------  ----------  --------------  -------------------
/opt/airflow/dags/load_to_clickhouse.py                           0           1  7.68s           2025-11-01T17:38:43
/opt/airflow/dags/validate.py                                     1           0  7.38s           2025-11-01T17:38:45
================================================================================
[2025-11-01T17:39:17.771+0000] {manager.py:879} INFO - 
================================================================================
DAG File Processing Stats

File Path                                  PID  Runtime      # DAGs    # Errors  Last Runtime    Last Run
---------------------------------------  -----  ---------  --------  ----------  --------------  -------------------
/opt/airflow/dags/load_to_clickhouse.py                           0           1  0.23s           2025-11-01T17:39:13
/opt/airflow/dags/validate.py              238  1.50s             1           0  7.38s           2025-11-01T17:38:45
================================================================================
[2025-11-01T17:39:47.519+0000] {manager.py:879} INFO - 
================================================================================
DAG File Processing Stats

File Path                                PID    Runtime      # DAGs    # Errors  Last Runtime    Last Run
---------------------------------------  -----  ---------  --------  ----------  --------------  -------------------
/opt/airflow/dags/load_to_clickhouse.py                           0           1  0.21s           2025-11-01T17:39:44
/opt/airflow/dags/validate.py                                     1           0  11.61s          2025-11-01T17:39:27
================================================================================
[2025-11-01T17:40:14.284+0000] {manager.py:451} INFO - Exiting gracefully upon receiving signal 15
[2025-11-01T17:41:10.914+0000] {manager.py:469} INFO - Processing files using up to 2 processes at a time 
[2025-11-01T17:41:10.917+0000] {manager.py:470} INFO - Process each file at most once every 30 seconds
[2025-11-01T17:41:10.923+0000] {manager.py:471} INFO - Checking for new files in /opt/airflow/dags every 300 seconds
[2025-11-01T17:41:10.925+0000] {manager.py:738} INFO - Searching for files in /opt/airflow/dags
[2025-11-01T17:41:11.049+0000] {manager.py:741} INFO - There are 2 files in /opt/airflow/dags
[2025-11-01T17:41:11.905+0000] {manager.py:879} INFO - 
================================================================================
DAG File Processing Stats

File Path                                  PID  Runtime      # DAGs    # Errors  Last Runtime    Last Run
---------------------------------------  -----  ---------  --------  ----------  --------------  ----------
/opt/airflow/dags/load_to_clickhouse.py    170  0.28s             0           0
/opt/airflow/dags/validate.py              167  0.43s             0           0
================================================================================
[2025-11-01T17:41:42.258+0000] {manager.py:879} INFO - 
================================================================================
DAG File Processing Stats

File Path                                PID    Runtime      # DAGs    # Errors  Last Runtime    Last Run
---------------------------------------  -----  ---------  --------  ----------  --------------  -------------------
/opt/airflow/dags/load_to_clickhouse.py                           1           0  3.41s           2025-11-01T17:41:15
/opt/airflow/dags/validate.py                                     1           0  2.67s           2025-11-01T17:41:14
================================================================================
[2025-11-01T17:42:12.211+0000] {manager.py:879} INFO - 
================================================================================
DAG File Processing Stats

File Path                                PID    Runtime      # DAGs    # Errors  Last Runtime    Last Run
---------------------------------------  -----  ---------  --------  ----------  --------------  -------------------
/opt/airflow/dags/load_to_clickhouse.py                           1           0  1.21s           2025-11-01T17:41:46
/opt/airflow/dags/validate.py                                     1           0  1.07s           2025-11-01T17:41:45
================================================================================
[2025-11-01T17:42:42.440+0000] {manager.py:879} INFO - 
================================================================================
DAG File Processing Stats

File Path                                PID    Runtime      # DAGs    # Errors  Last Runtime    Last Run
---------------------------------------  -----  ---------  --------  ----------  --------------  -------------------
/opt/airflow/dags/load_to_clickhouse.py                           1           0  1.66s           2025-11-01T17:42:19
/opt/airflow/dags/validate.py                                     1           0  1.44s           2025-11-01T17:42:17
================================================================================
[2025-11-01T17:43:12.247+0000] {manager.py:879} INFO - 
================================================================================
DAG File Processing Stats

File Path                                PID    Runtime      # DAGs    # Errors  Last Runtime    Last Run
---------------------------------------  -----  ---------  --------  ----------  --------------  -------------------
/opt/airflow/dags/load_to_clickhouse.py                           1           0  0.83s           2025-11-01T17:42:49
/opt/airflow/dags/validate.py                                     1           0  1.13s           2025-11-01T17:42:49
================================================================================
[2025-11-01T17:43:42.695+0000] {manager.py:879} INFO - 
================================================================================
DAG File Processing Stats

File Path                                PID    Runtime      # DAGs    # Errors  Last Runtime    Last Run
---------------------------------------  -----  ---------  --------  ----------  --------------  -------------------
/opt/airflow/dags/load_to_clickhouse.py                           1           0  1.46s           2025-11-01T17:43:21
/opt/airflow/dags/validate.py                                     1           0  0.89s           2025-11-01T17:43:20
================================================================================
[2025-11-01T17:44:12.502+0000] {manager.py:879} INFO - 
================================================================================
DAG File Processing Stats

File Path                                PID    Runtime      # DAGs    # Errors  Last Runtime    Last Run
---------------------------------------  -----  ---------  --------  ----------  --------------  -------------------
/opt/airflow/dags/load_to_clickhouse.py                           1           0  6.10s           2025-11-01T17:43:59
/opt/airflow/dags/validate.py                                     1           0  7.80s           2025-11-01T17:43:59
================================================================================
[2025-11-01T17:44:43.153+0000] {manager.py:879} INFO - 
================================================================================
DAG File Processing Stats

File Path                                PID    Runtime      # DAGs    # Errors  Last Runtime    Last Run
---------------------------------------  -----  ---------  --------  ----------  --------------  -------------------
/opt/airflow/dags/load_to_clickhouse.py                           1           0  6.30s           2025-11-01T17:44:37
/opt/airflow/dags/validate.py                                     1           0  7.59s           2025-11-01T17:44:37
================================================================================
[2025-11-01T17:45:13.579+0000] {manager.py:879} INFO - 
================================================================================
DAG File Processing Stats

File Path                                PID    Runtime      # DAGs    # Errors  Last Runtime    Last Run
---------------------------------------  -----  ---------  --------  ----------  --------------  -------------------
/opt/airflow/dags/load_to_clickhouse.py                           1           0  1.44s           2025-11-01T17:45:09
/opt/airflow/dags/validate.py                                     1           0  1.36s           2025-11-01T17:45:09
================================================================================
[2025-11-01T17:45:43.626+0000] {manager.py:879} INFO - 
================================================================================
DAG File Processing Stats

File Path                                  PID  Runtime      # DAGs    # Errors  Last Runtime    Last Run
---------------------------------------  -----  ---------  --------  ----------  --------------  -------------------
/opt/airflow/dags/load_to_clickhouse.py    272  2.03s             1           0  1.44s           2025-11-01T17:45:09
/opt/airflow/dags/validate.py              269  3.20s             1           0  1.36s           2025-11-01T17:45:09
================================================================================
[2025-11-01T17:46:11.371+0000] {manager.py:738} INFO - Searching for files in /opt/airflow/dags
[2025-11-01T17:46:13.410+0000] {manager.py:741} INFO - There are 2 files in /opt/airflow/dags
[2025-11-01T17:46:14.271+0000] {manager.py:879} INFO - 
================================================================================
DAG File Processing Stats

File Path                                PID    Runtime      # DAGs    # Errors  Last Runtime    Last Run
---------------------------------------  -----  ---------  --------  ----------  --------------  -------------------
/opt/airflow/dags/load_to_clickhouse.py                           1           0  8.88s           2025-11-01T17:45:50
/opt/airflow/dags/validate.py                                     1           0  9.80s           2025-11-01T17:45:50
================================================================================
[2025-11-01T17:46:44.329+0000] {manager.py:879} INFO - 
================================================================================
DAG File Processing Stats

File Path                                PID    Runtime      # DAGs    # Errors  Last Runtime    Last Run
---------------------------------------  -----  ---------  --------  ----------  --------------  -------------------
/opt/airflow/dags/load_to_clickhouse.py                           1           0  10.90s          2025-11-01T17:46:32
/opt/airflow/dags/validate.py                                     1           0  11.06s          2025-11-01T17:46:31
================================================================================
[2025-11-01T17:47:14.495+0000] {manager.py:879} INFO - 
================================================================================
DAG File Processing Stats

File Path                                PID    Runtime      # DAGs    # Errors  Last Runtime    Last Run
---------------------------------------  -----  ---------  --------  ----------  --------------  -------------------
/opt/airflow/dags/load_to_clickhouse.py                           1           0  2.00s           2025-11-01T17:47:04
/opt/airflow/dags/validate.py                                     1           0  1.66s           2025-11-01T17:47:03
================================================================================
[2025-11-01T17:47:45.191+0000] {manager.py:879} INFO - 
================================================================================
DAG File Processing Stats

File Path                                PID    Runtime      # DAGs    # Errors  Last Runtime    Last Run
---------------------------------------  -----  ---------  --------  ----------  --------------  -------------------
/opt/airflow/dags/load_to_clickhouse.py                           1           0  1.35s           2025-11-01T17:47:35
/opt/airflow/dags/validate.py                                     1           0  1.06s           2025-11-01T17:47:34
================================================================================
[2025-11-01T17:48:15.332+0000] {manager.py:879} INFO - 
================================================================================
DAG File Processing Stats

File Path                                PID    Runtime      # DAGs    # Errors  Last Runtime    Last Run
---------------------------------------  -----  ---------  --------  ----------  --------------  -------------------
/opt/airflow/dags/load_to_clickhouse.py                           1           0  1.49s           2025-11-01T17:48:07
/opt/airflow/dags/validate.py                                     1           0  1.24s           2025-11-01T17:48:06
================================================================================
[2025-11-01T17:48:45.174+0000] {manager.py:879} INFO - 
================================================================================
DAG File Processing Stats

File Path                                PID    Runtime      # DAGs    # Errors  Last Runtime    Last Run
---------------------------------------  -----  ---------  --------  ----------  --------------  -------------------
/opt/airflow/dags/load_to_clickhouse.py                           1           0  1.38s           2025-11-01T17:48:39
/opt/airflow/dags/validate.py                                     1           0  1.17s           2025-11-01T17:48:37
================================================================================
[2025-11-01T17:49:15.122+0000] {manager.py:879} INFO - 
================================================================================
DAG File Processing Stats

File Path                                PID    Runtime      # DAGs    # Errors  Last Runtime    Last Run
---------------------------------------  -----  ---------  --------  ----------  --------------  -------------------
/opt/airflow/dags/load_to_clickhouse.py                           1           0  1.28s           2025-11-01T17:49:11
/opt/airflow/dags/validate.py                                     1           0  1.04s           2025-11-01T17:49:09
================================================================================
[2025-11-01T17:49:45.052+0000] {manager.py:879} INFO - 
================================================================================
DAG File Processing Stats

File Path                                PID    Runtime      # DAGs    # Errors  Last Runtime    Last Run
---------------------------------------  -----  ---------  --------  ----------  --------------  -------------------
/opt/airflow/dags/load_to_clickhouse.py                           1           0  1.51s           2025-11-01T17:49:43
/opt/airflow/dags/validate.py                                     1           0  1.27s           2025-11-01T17:49:40
================================================================================
[2025-11-01T17:50:15.309+0000] {manager.py:879} INFO - 
================================================================================
DAG File Processing Stats

File Path                                PID    Runtime      # DAGs    # Errors  Last Runtime    Last Run
---------------------------------------  -----  ---------  --------  ----------  --------------  -------------------
/opt/airflow/dags/load_to_clickhouse.py                           1           0  1.60s           2025-11-01T17:50:14
/opt/airflow/dags/validate.py                                     1           0  1.44s           2025-11-01T17:50:13
================================================================================
[2025-11-01T17:50:46.242+0000] {manager.py:879} INFO - 
================================================================================
DAG File Processing Stats

File Path                                  PID  Runtime      # DAGs    # Errors  Last Runtime    Last Run
---------------------------------------  -----  ---------  --------  ----------  --------------  -------------------
/opt/airflow/dags/load_to_clickhouse.py    380  0.32s             1           0  1.60s           2025-11-01T17:50:14
/opt/airflow/dags/validate.py              377  2.15s             1           0  1.44s           2025-11-01T17:50:13
================================================================================
[2025-11-01T17:51:11.606+0000] {manager.py:738} INFO - Searching for files in /opt/airflow/dags
[2025-11-01T17:51:11.703+0000] {manager.py:741} INFO - There are 2 files in /opt/airflow/dags
[2025-11-01T17:51:16.647+0000] {manager.py:879} INFO - 
================================================================================
DAG File Processing Stats

File Path                                PID    Runtime      # DAGs    # Errors  Last Runtime    Last Run
---------------------------------------  -----  ---------  --------  ----------  --------------  -------------------
/opt/airflow/dags/load_to_clickhouse.py                           1           0  10.81s          2025-11-01T17:50:56
/opt/airflow/dags/validate.py                                     1           0  12.38s          2025-11-01T17:50:56
================================================================================
[2025-11-01T17:51:46.489+0000] {manager.py:879} INFO - 
================================================================================
DAG File Processing Stats

File Path                                PID    Runtime      # DAGs    # Errors  Last Runtime    Last Run
---------------------------------------  -----  ---------  --------  ----------  --------------  -------------------
/opt/airflow/dags/load_to_clickhouse.py                           1           0  2.41s           2025-11-01T17:51:29
/opt/airflow/dags/validate.py                                     1           0  2.27s           2025-11-01T17:51:29
================================================================================
[2025-11-01T17:52:16.943+0000] {manager.py:879} INFO - 
================================================================================
DAG File Processing Stats

File Path                                PID    Runtime      # DAGs    # Errors  Last Runtime    Last Run
---------------------------------------  -----  ---------  --------  ----------  --------------  -------------------
/opt/airflow/dags/load_to_clickhouse.py                           1           0  1.43s           2025-11-01T17:52:01
/opt/airflow/dags/validate.py                                     1           0  1.24s           2025-11-01T17:52:00
================================================================================
[2025-11-01T17:52:47.407+0000] {manager.py:879} INFO - 
================================================================================
DAG File Processing Stats

File Path                                PID    Runtime      # DAGs    # Errors  Last Runtime    Last Run
---------------------------------------  -----  ---------  --------  ----------  --------------  -------------------
/opt/airflow/dags/load_to_clickhouse.py                           1           0  1.29s           2025-11-01T17:52:32
/opt/airflow/dags/validate.py                                     1           0  0.97s           2025-11-01T17:52:32
================================================================================
[2025-11-01T17:53:17.250+0000] {manager.py:879} INFO - 
================================================================================
DAG File Processing Stats

File Path                                PID    Runtime      # DAGs    # Errors  Last Runtime    Last Run
---------------------------------------  -----  ---------  --------  ----------  --------------  -------------------
/opt/airflow/dags/load_to_clickhouse.py                           1           0  1.30s           2025-11-01T17:53:04
/opt/airflow/dags/validate.py                                     1           0  1.06s           2025-11-01T17:53:03
================================================================================
[2025-11-01T17:53:47.545+0000] {manager.py:879} INFO - 
================================================================================
DAG File Processing Stats

File Path                                PID    Runtime      # DAGs    # Errors  Last Runtime    Last Run
---------------------------------------  -----  ---------  --------  ----------  --------------  -------------------
/opt/airflow/dags/load_to_clickhouse.py                           1           0  1.17s           2025-11-01T17:53:35
/opt/airflow/dags/validate.py                                     1           0  0.97s           2025-11-01T17:53:34
================================================================================
[2025-11-01T17:54:17.979+0000] {manager.py:879} INFO - 
================================================================================
DAG File Processing Stats

File Path                                PID    Runtime      # DAGs    # Errors  Last Runtime    Last Run
---------------------------------------  -----  ---------  --------  ----------  --------------  -------------------
/opt/airflow/dags/load_to_clickhouse.py                           1           0  1.56s           2025-11-01T17:54:07
/opt/airflow/dags/validate.py                                     1           0  1.06s           2025-11-01T17:54:06
================================================================================
[2025-11-01T17:54:48.093+0000] {manager.py:879} INFO - 
================================================================================
DAG File Processing Stats

File Path                                PID    Runtime      # DAGs    # Errors  Last Runtime    Last Run
---------------------------------------  -----  ---------  --------  ----------  --------------  -------------------
/opt/airflow/dags/load_to_clickhouse.py                           1           0  1.38s           2025-11-01T17:54:39
/opt/airflow/dags/validate.py                                     1           0  0.92s           2025-11-01T17:54:37
================================================================================
[2025-11-01T17:55:18.491+0000] {manager.py:879} INFO - 
================================================================================
DAG File Processing Stats

File Path                                  PID  Runtime      # DAGs    # Errors  Last Runtime    Last Run
---------------------------------------  -----  ---------  --------  ----------  --------------  -------------------
/opt/airflow/dags/load_to_clickhouse.py    479  8.98s             1           0  1.38s           2025-11-01T17:54:39
/opt/airflow/dags/validate.py                                     1           0  1.21s           2025-11-01T17:55:08
================================================================================
[2025-11-01T17:55:48.415+0000] {manager.py:879} INFO - 
================================================================================
DAG File Processing Stats

File Path                                PID    Runtime      # DAGs    # Errors  Last Runtime    Last Run
---------------------------------------  -----  ---------  --------  ----------  --------------  -------------------
/opt/airflow/dags/load_to_clickhouse.py                           1           0  12.68s          2025-11-01T17:55:22
/opt/airflow/dags/validate.py                                     1           0  0.99s           2025-11-01T17:55:40
================================================================================
[2025-11-01T17:56:11.783+0000] {manager.py:738} INFO - Searching for files in /opt/airflow/dags
[2025-11-01T17:56:11.888+0000] {manager.py:741} INFO - There are 2 files in /opt/airflow/dags
[2025-11-01T17:56:18.826+0000] {manager.py:879} INFO - 
================================================================================
DAG File Processing Stats

File Path                                PID    Runtime      # DAGs    # Errors  Last Runtime    Last Run
---------------------------------------  -----  ---------  --------  ----------  --------------  -------------------
/opt/airflow/dags/load_to_clickhouse.py                           1           0  1.46s           2025-11-01T17:55:53
/opt/airflow/dags/validate.py                                     1           0  1.32s           2025-11-01T17:56:12
================================================================================
[2025-11-01T17:56:49.272+0000] {manager.py:879} INFO - 
================================================================================
DAG File Processing Stats

File Path                                PID    Runtime      # DAGs    # Errors  Last Runtime    Last Run
---------------------------------------  -----  ---------  --------  ----------  --------------  -------------------
/opt/airflow/dags/load_to_clickhouse.py                           1           0  2.07s           2025-11-01T17:56:26
/opt/airflow/dags/validate.py                                     1           0  1.06s           2025-11-01T17:56:43
================================================================================
[2025-11-01T17:57:19.275+0000] {manager.py:879} INFO - 
================================================================================
DAG File Processing Stats

File Path                                PID    Runtime      # DAGs    # Errors  Last Runtime    Last Run
---------------------------------------  -----  ---------  --------  ----------  --------------  -------------------
/opt/airflow/dags/load_to_clickhouse.py                           1           0  2.47s           2025-11-01T17:56:58
/opt/airflow/dags/validate.py                                     1           0  1.49s           2025-11-01T17:57:15
================================================================================
[2025-11-01T17:57:49.081+0000] {manager.py:879} INFO - 
================================================================================
DAG File Processing Stats

File Path                                PID    Runtime      # DAGs    # Errors  Last Runtime    Last Run
---------------------------------------  -----  ---------  --------  ----------  --------------  -------------------
/opt/airflow/dags/load_to_clickhouse.py                           1           0  1.84s           2025-11-01T17:57:30
/opt/airflow/dags/validate.py                                     1           0  1.00s           2025-11-01T17:57:46
================================================================================
[2025-11-01T17:58:19.227+0000] {manager.py:879} INFO - 
================================================================================
DAG File Processing Stats

File Path                                  PID  Runtime      # DAGs    # Errors  Last Runtime    Last Run
---------------------------------------  -----  ---------  --------  ----------  --------------  -------------------
/opt/airflow/dags/load_to_clickhouse.py                           1           0  1.80s           2025-11-01T17:58:03
/opt/airflow/dags/validate.py              545  1.50s             1           0  1.00s           2025-11-01T17:57:46
================================================================================
[2025-11-01T17:58:49.210+0000] {manager.py:879} INFO - 
================================================================================
DAG File Processing Stats

File Path                                PID    Runtime      # DAGs    # Errors  Last Runtime    Last Run
---------------------------------------  -----  ---------  --------  ----------  --------------  -------------------
/opt/airflow/dags/load_to_clickhouse.py                           1           0  1.95s           2025-11-01T17:58:35
/opt/airflow/dags/validate.py                                     1           0  8.35s           2025-11-01T17:58:25
================================================================================
[2025-11-01T17:59:19.263+0000] {manager.py:879} INFO - 
================================================================================
DAG File Processing Stats

File Path                                PID    Runtime      # DAGs    # Errors  Last Runtime    Last Run
---------------------------------------  -----  ---------  --------  ----------  --------------  -------------------
/opt/airflow/dags/load_to_clickhouse.py                           1           0  1.54s           2025-11-01T17:58:58
/opt/airflow/dags/validate.py                                     1           0  1.32s           2025-11-01T17:58:57
================================================================================
[2025-11-01T17:59:35.482+0000] {manager.py:451} INFO - Exiting gracefully upon receiving signal 15
[2025-11-01T17:59:35.481+0000] {manager.py:451} INFO - Exiting gracefully upon receiving signal 15
[2025-11-01T17:59:36.360+0000] {manager.py:451} INFO - Exiting gracefully upon receiving signal 15
[2025-11-01T18:00:23.437+0000] {manager.py:469} INFO - Processing files using up to 2 processes at a time 
[2025-11-01T18:00:23.441+0000] {manager.py:470} INFO - Process each file at most once every 30 seconds
[2025-11-01T18:00:23.442+0000] {manager.py:471} INFO - Checking for new files in /opt/airflow/dags every 300 seconds
[2025-11-01T18:00:23.444+0000] {manager.py:738} INFO - Searching for files in /opt/airflow/dags
[2025-11-01T18:00:23.535+0000] {manager.py:741} INFO - There are 2 files in /opt/airflow/dags
[2025-11-01T18:00:24.320+0000] {manager.py:879} INFO - 
================================================================================
DAG File Processing Stats

File Path                                  PID  Runtime      # DAGs    # Errors  Last Runtime    Last Run
---------------------------------------  -----  ---------  --------  ----------  --------------  ----------
/opt/airflow/dags/load_to_clickhouse.py    167  0.48s             0           0
/opt/airflow/dags/validate.py              170  0.37s             0           0
================================================================================
[2025-11-01T18:00:54.224+0000] {manager.py:879} INFO - 
================================================================================
DAG File Processing Stats

File Path                                PID    Runtime      # DAGs    # Errors  Last Runtime    Last Run
---------------------------------------  -----  ---------  --------  ----------  --------------  -------------------
/opt/airflow/dags/load_to_clickhouse.py                           1           0  7.53s           2025-11-01T18:00:31
/opt/airflow/dags/validate.py                                     1           0  7.20s           2025-11-01T18:00:31
================================================================================
[2025-11-01T18:01:23.663+0000] {manager.py:879} INFO - 
================================================================================
DAG File Processing Stats

File Path                                PID    Runtime      # DAGs    # Errors  Last Runtime    Last Run
---------------------------------------  -----  ---------  --------  ----------  --------------  -------------------
/opt/airflow/dags/load_to_clickhouse.py                           1           0  21.16s          2025-11-01T18:01:22
/opt/airflow/dags/validate.py                                     1           0  21.02s          2025-11-01T18:01:22
================================================================================
[2025-11-01T18:01:54.094+0000] {manager.py:879} INFO - 
================================================================================
DAG File Processing Stats

File Path                                  PID  Runtime      # DAGs    # Errors  Last Runtime    Last Run
---------------------------------------  -----  ---------  --------  ----------  --------------  -------------------
/opt/airflow/dags/load_to_clickhouse.py    197  1.06s             1           0  21.16s          2025-11-01T18:01:22
/opt/airflow/dags/validate.py              200  1.03s             1           0  21.02s          2025-11-01T18:01:22
================================================================================
[2025-11-01T18:02:23.939+0000] {manager.py:879} INFO - 
================================================================================
DAG File Processing Stats

File Path                                PID    Runtime      # DAGs    # Errors  Last Runtime    Last Run
---------------------------------------  -----  ---------  --------  ----------  --------------  -------------------
/opt/airflow/dags/load_to_clickhouse.py                           1           0  1.55s           2025-11-01T18:01:54
/opt/airflow/dags/validate.py                                     1           0  1.21s           2025-11-01T18:01:54
================================================================================
[2025-11-01T18:02:53.925+0000] {manager.py:879} INFO - 
================================================================================
DAG File Processing Stats

File Path                                PID    Runtime      # DAGs    # Errors  Last Runtime    Last Run
---------------------------------------  -----  ---------  --------  ----------  --------------  -------------------
/opt/airflow/dags/load_to_clickhouse.py                           1           0  1.66s           2025-11-01T18:02:26
/opt/airflow/dags/validate.py                                     1           0  1.17s           2025-11-01T18:02:26
================================================================================
[2025-11-01T18:03:23.773+0000] {manager.py:879} INFO - 
================================================================================
DAG File Processing Stats

File Path                                PID    Runtime      # DAGs    # Errors  Last Runtime    Last Run
---------------------------------------  -----  ---------  --------  ----------  --------------  -------------------
/opt/airflow/dags/load_to_clickhouse.py                           1           0  2.53s           2025-11-01T18:02:59
/opt/airflow/dags/validate.py                                     1           0  2.13s           2025-11-01T18:02:58
================================================================================
[2025-11-01T18:03:53.829+0000] {manager.py:879} INFO - 
================================================================================
DAG File Processing Stats

File Path                                PID    Runtime      # DAGs    # Errors  Last Runtime    Last Run
---------------------------------------  -----  ---------  --------  ----------  --------------  -------------------
/opt/airflow/dags/load_to_clickhouse.py                           1           0  14.80s          2025-11-01T18:03:45
/opt/airflow/dags/validate.py                                     1           0  13.96s          2025-11-01T18:03:42
================================================================================
[2025-11-01T18:04:24.121+0000] {manager.py:879} INFO - 
================================================================================
DAG File Processing Stats

File Path                                PID    Runtime      # DAGs    # Errors  Last Runtime    Last Run
---------------------------------------  -----  ---------  --------  ----------  --------------  -------------------
/opt/airflow/dags/load_to_clickhouse.py                           1           0  1.80s           2025-11-01T18:04:17
/opt/airflow/dags/validate.py                                     1           0  1.27s           2025-11-01T18:04:14
================================================================================
[2025-11-01T18:04:53.961+0000] {manager.py:879} INFO - 
================================================================================
DAG File Processing Stats

File Path                                PID    Runtime      # DAGs    # Errors  Last Runtime    Last Run
---------------------------------------  -----  ---------  --------  ----------  --------------  -------------------
/opt/airflow/dags/load_to_clickhouse.py                           1           0  1.30s           2025-11-01T18:04:48
/opt/airflow/dags/validate.py                                     1           0  1.16s           2025-11-01T18:04:45
================================================================================
[2025-11-01T18:05:24.089+0000] {manager.py:738} INFO - Searching for files in /opt/airflow/dags
[2025-11-01T18:05:25.348+0000] {manager.py:741} INFO - There are 2 files in /opt/airflow/dags
[2025-11-01T18:05:25.508+0000] {manager.py:879} INFO - 
================================================================================
DAG File Processing Stats

File Path                                  PID  Runtime      # DAGs    # Errors  Last Runtime    Last Run
---------------------------------------  -----  ---------  --------  ----------  --------------  -------------------
/opt/airflow/dags/load_to_clickhouse.py    272  2.86s             1           0  1.30s           2025-11-01T18:04:48
/opt/airflow/dags/validate.py              269  5.73s             1           0  1.16s           2025-11-01T18:04:45
================================================================================
[2025-11-01T18:05:55.661+0000] {manager.py:879} INFO - 
================================================================================
DAG File Processing Stats

File Path                                PID    Runtime      # DAGs    # Errors  Last Runtime    Last Run
---------------------------------------  -----  ---------  --------  ----------  --------------  -------------------
/opt/airflow/dags/load_to_clickhouse.py                           1           0  13.97s          2025-11-01T18:05:36
/opt/airflow/dags/validate.py                                     1           0  1.48s           2025-11-01T18:05:51
================================================================================
[2025-11-01T18:06:25.634+0000] {manager.py:879} INFO - 
================================================================================
DAG File Processing Stats

File Path                                  PID  Runtime      # DAGs    # Errors  Last Runtime    Last Run
---------------------------------------  -----  ---------  --------  ----------  --------------  -------------------
/opt/airflow/dags/load_to_clickhouse.py    293  8.30s             1           0  2.67s           2025-11-01T18:06:09
/opt/airflow/dags/validate.py              296  1.56s             1           0  1.48s           2025-11-01T18:05:51
================================================================================
[2025-11-01T18:06:48.792+0000] {manager.py:451} INFO - Exiting gracefully upon receiving signal 15
[2025-11-01T18:07:44.036+0000] {manager.py:469} INFO - Processing files using up to 2 processes at a time 
[2025-11-01T18:07:44.039+0000] {manager.py:470} INFO - Process each file at most once every 30 seconds
[2025-11-01T18:07:44.040+0000] {manager.py:471} INFO - Checking for new files in /opt/airflow/dags every 300 seconds
[2025-11-01T18:07:44.042+0000] {manager.py:738} INFO - Searching for files in /opt/airflow/dags
[2025-11-01T18:07:44.154+0000] {manager.py:741} INFO - There are 2 files in /opt/airflow/dags
[2025-11-01T18:07:44.822+0000] {manager.py:879} INFO - 
================================================================================
DAG File Processing Stats

File Path                                  PID  Runtime      # DAGs    # Errors  Last Runtime    Last Run
---------------------------------------  -----  ---------  --------  ----------  --------------  ----------
/opt/airflow/dags/load_to_clickhouse.py    167  0.42s             0           0
/opt/airflow/dags/validate.py              170  0.33s             0           0
================================================================================
[2025-11-01T18:08:14.675+0000] {manager.py:879} INFO - 
================================================================================
DAG File Processing Stats

File Path                                PID    Runtime      # DAGs    # Errors  Last Runtime    Last Run
---------------------------------------  -----  ---------  --------  ----------  --------------  -------------------
/opt/airflow/dags/load_to_clickhouse.py                           1           0  18.29s          2025-11-01T18:08:02
/opt/airflow/dags/validate.py                                     1           0  18.16s          2025-11-01T18:08:02
================================================================================
[2025-11-01T18:08:44.609+0000] {manager.py:879} INFO - 
================================================================================
DAG File Processing Stats

File Path                                PID    Runtime      # DAGs    # Errors  Last Runtime    Last Run
---------------------------------------  -----  ---------  --------  ----------  --------------  -------------------
/opt/airflow/dags/load_to_clickhouse.py                           1           0  1.65s           2025-11-01T18:08:34
/opt/airflow/dags/validate.py                                     1           0  1.45s           2025-11-01T18:08:34
================================================================================
[2025-11-01T18:09:15.155+0000] {manager.py:879} INFO - 
================================================================================
DAG File Processing Stats

File Path                                PID    Runtime      # DAGs    # Errors  Last Runtime    Last Run
---------------------------------------  -----  ---------  --------  ----------  --------------  -------------------
/opt/airflow/dags/load_to_clickhouse.py                           1           0  2.96s           2025-11-01T18:09:08
/opt/airflow/dags/validate.py                                     1           0  2.62s           2025-11-01T18:09:08
================================================================================
[2025-11-01T18:09:45.176+0000] {manager.py:879} INFO - 
================================================================================
DAG File Processing Stats

File Path                                PID    Runtime      # DAGs    # Errors  Last Runtime    Last Run
---------------------------------------  -----  ---------  --------  ----------  --------------  -------------------
/opt/airflow/dags/load_to_clickhouse.py                           1           0  1.43s           2025-11-01T18:09:39
/opt/airflow/dags/validate.py                                     1           0  1.05s           2025-11-01T18:09:39
================================================================================
[2025-11-01T18:10:15.470+0000] {manager.py:879} INFO - 
================================================================================
DAG File Processing Stats

File Path                                  PID  Runtime      # DAGs    # Errors  Last Runtime    Last Run
---------------------------------------  -----  ---------  --------  ----------  --------------  -------------------
/opt/airflow/dags/load_to_clickhouse.py    225  5.01s             1           0  1.43s           2025-11-01T18:09:39
/opt/airflow/dags/validate.py              221  5.67s             1           0  1.05s           2025-11-01T18:09:39
================================================================================
[2025-11-01T18:10:45.771+0000] {manager.py:879} INFO - 
================================================================================
DAG File Processing Stats

File Path                                PID    Runtime      # DAGs    # Errors  Last Runtime    Last Run
---------------------------------------  -----  ---------  --------  ----------  --------------  -------------------
/opt/airflow/dags/load_to_clickhouse.py                           1           0  8.77s           2025-11-01T18:10:19
/opt/airflow/dags/validate.py                                     1           0  7.32s           2025-11-01T18:10:17
================================================================================
[2025-11-01T18:11:16.330+0000] {manager.py:879} INFO - 
================================================================================
DAG File Processing Stats

File Path                                PID    Runtime      # DAGs    # Errors  Last Runtime    Last Run
---------------------------------------  -----  ---------  --------  ----------  --------------  -------------------
/opt/airflow/dags/load_to_clickhouse.py                           1           0  1.30s           2025-11-01T18:10:51
/opt/airflow/dags/validate.py                                     1           0  1.02s           2025-11-01T18:10:48
================================================================================
[2025-11-01T18:11:46.718+0000] {manager.py:879} INFO - 
================================================================================
DAG File Processing Stats

File Path                                PID    Runtime      # DAGs    # Errors  Last Runtime    Last Run
---------------------------------------  -----  ---------  --------  ----------  --------------  -------------------
/opt/airflow/dags/load_to_clickhouse.py                           1           0  1.43s           2025-11-01T18:11:22
/opt/airflow/dags/validate.py                                     1           0  1.36s           2025-11-01T18:11:20
================================================================================
[2025-11-01T18:12:17.629+0000] {manager.py:879} INFO - 
================================================================================
DAG File Processing Stats

File Path                                PID    Runtime      # DAGs    # Errors  Last Runtime    Last Run
---------------------------------------  -----  ---------  --------  ----------  --------------  -------------------
/opt/airflow/dags/load_to_clickhouse.py                           1           0  5.37s           2025-11-01T18:12:01
/opt/airflow/dags/validate.py                                     1           0  6.49s           2025-11-01T18:12:00
================================================================================
[2025-11-01T18:12:44.192+0000] {manager.py:738} INFO - Searching for files in /opt/airflow/dags
[2025-11-01T18:12:44.313+0000] {manager.py:741} INFO - There are 2 files in /opt/airflow/dags
[2025-11-01T18:12:48.449+0000] {manager.py:879} INFO - 
================================================================================
DAG File Processing Stats

File Path                                PID    Runtime      # DAGs    # Errors  Last Runtime    Last Run
---------------------------------------  -----  ---------  --------  ----------  --------------  -------------------
/opt/airflow/dags/load_to_clickhouse.py                           1           0  2.78s           2025-11-01T18:12:34
/opt/airflow/dags/validate.py                                     1           0  2.64s           2025-11-01T18:12:34
================================================================================
[2025-11-01T18:13:18.220+0000] {manager.py:879} INFO - 
================================================================================
DAG File Processing Stats

File Path                                PID    Runtime      # DAGs    # Errors  Last Runtime    Last Run
---------------------------------------  -----  ---------  --------  ----------  --------------  -------------------
/opt/airflow/dags/load_to_clickhouse.py                           1           0  5.70s           2025-11-01T18:13:10
/opt/airflow/dags/validate.py                                     1           0  5.58s           2025-11-01T18:13:10
================================================================================
[2025-11-01T18:13:48.628+0000] {manager.py:879} INFO - 
================================================================================
DAG File Processing Stats

File Path                                PID    Runtime      # DAGs    # Errors  Last Runtime    Last Run
---------------------------------------  -----  ---------  --------  ----------  --------------  -------------------
/opt/airflow/dags/load_to_clickhouse.py                           1           0  5.38s           2025-11-01T18:13:46
/opt/airflow/dags/validate.py                                     1           0  4.84s           2025-11-01T18:13:46
================================================================================
[2025-11-01T18:14:18.429+0000] {manager.py:879} INFO - 
================================================================================
DAG File Processing Stats

File Path                                  PID  Runtime      # DAGs    # Errors  Last Runtime    Last Run
---------------------------------------  -----  ---------  --------  ----------  --------------  -------------------
/opt/airflow/dags/load_to_clickhouse.py    309  1.76s             1           0  5.38s           2025-11-01T18:13:46
/opt/airflow/dags/validate.py                                     1           0  1.32s           2025-11-01T18:14:17
================================================================================
[2025-11-01T18:14:49.056+0000] {manager.py:879} INFO - 
================================================================================
DAG File Processing Stats

File Path                                  PID  Runtime      # DAGs    # Errors  Last Runtime    Last Run
---------------------------------------  -----  ---------  --------  ----------  --------------  -------------------
/opt/airflow/dags/load_to_clickhouse.py    321  0.03s             1           0  1.77s           2025-11-01T18:14:18
/opt/airflow/dags/validate.py              317  1.10s             1           0  1.32s           2025-11-01T18:14:17
================================================================================
[2025-11-01T18:15:19.829+0000] {manager.py:879} INFO - 
================================================================================
DAG File Processing Stats

File Path                                  PID  Runtime      # DAGs    # Errors  Last Runtime    Last Run
---------------------------------------  -----  ---------  --------  ----------  --------------  -------------------
/opt/airflow/dags/load_to_clickhouse.py                           1           0  1.49s           2025-11-01T18:14:50
/opt/airflow/dags/validate.py              329  0.03s             1           0  1.51s           2025-11-01T18:14:49
================================================================================
[2025-11-01T18:15:50.176+0000] {manager.py:879} INFO - 
================================================================================
DAG File Processing Stats

File Path                                PID    Runtime      # DAGs    # Errors  Last Runtime    Last Run
---------------------------------------  -----  ---------  --------  ----------  --------------  -------------------
/opt/airflow/dags/load_to_clickhouse.py                           1           0  2.36s           2025-11-01T18:15:23
/opt/airflow/dags/validate.py                                     1           0  1.97s           2025-11-01T18:15:21
================================================================================
[2025-11-01T18:16:20.675+0000] {manager.py:879} INFO - 
================================================================================
DAG File Processing Stats

File Path                                PID    Runtime      # DAGs    # Errors  Last Runtime    Last Run
---------------------------------------  -----  ---------  --------  ----------  --------------  -------------------
/opt/airflow/dags/load_to_clickhouse.py                           1           0  2.18s           2025-11-01T18:15:55
/opt/airflow/dags/validate.py                                     1           0  1.25s           2025-11-01T18:15:53
================================================================================
[2025-11-01T18:16:50.515+0000] {manager.py:879} INFO - 
================================================================================
DAG File Processing Stats

File Path                                PID    Runtime      # DAGs    # Errors  Last Runtime    Last Run
---------------------------------------  -----  ---------  --------  ----------  --------------  -------------------
/opt/airflow/dags/load_to_clickhouse.py                           1           0  1.54s           2025-11-01T18:16:27
/opt/airflow/dags/validate.py                                     1           0  1.18s           2025-11-01T18:16:24
================================================================================
[2025-11-01T18:17:20.050+0000] {manager.py:451} INFO - Exiting gracefully upon receiving signal 15
[2025-11-01T18:18:10.347+0000] {manager.py:469} INFO - Processing files using up to 2 processes at a time 
[2025-11-01T18:18:10.351+0000] {manager.py:470} INFO - Process each file at most once every 30 seconds
[2025-11-01T18:18:10.352+0000] {manager.py:471} INFO - Checking for new files in /opt/airflow/dags every 300 seconds
[2025-11-01T18:18:10.356+0000] {manager.py:738} INFO - Searching for files in /opt/airflow/dags
[2025-11-01T18:18:10.612+0000] {manager.py:741} INFO - There are 2 files in /opt/airflow/dags
[2025-11-01T18:18:11.882+0000] {manager.py:879} INFO - 
================================================================================
DAG File Processing Stats

File Path                                  PID  Runtime      # DAGs    # Errors  Last Runtime    Last Run
---------------------------------------  -----  ---------  --------  ----------  --------------  ----------
/opt/airflow/dags/load_to_clickhouse.py    167  0.78s             0           0
/opt/airflow/dags/validate.py              171  0.51s             0           0
================================================================================
[2025-11-01T18:18:42.186+0000] {manager.py:879} INFO - 
================================================================================
DAG File Processing Stats

File Path                                  PID  Runtime      # DAGs    # Errors  Last Runtime    Last Run
---------------------------------------  -----  ---------  --------  ----------  --------------  -------------------
/opt/airflow/dags/load_to_clickhouse.py    179  0.03s             0           1  0.79s           2025-11-01T18:18:11
/opt/airflow/dags/validate.py                                     1           0  4.51s           2025-11-01T18:18:15
================================================================================
[2025-11-01T18:19:12.431+0000] {manager.py:879} INFO - 
================================================================================
DAG File Processing Stats

File Path                                PID    Runtime      # DAGs    # Errors  Last Runtime    Last Run
---------------------------------------  -----  ---------  --------  ----------  --------------  -------------------
/opt/airflow/dags/load_to_clickhouse.py                           0           1  0.38s           2025-11-01T18:18:42
/opt/airflow/dags/validate.py                                     1           0  2.83s           2025-11-01T18:18:49
================================================================================
[2025-11-01T18:19:42.497+0000] {manager.py:879} INFO - 
================================================================================
DAG File Processing Stats

File Path                                PID    Runtime      # DAGs    # Errors  Last Runtime    Last Run
---------------------------------------  -----  ---------  --------  ----------  --------------  -------------------
/opt/airflow/dags/load_to_clickhouse.py                           0           1  0.23s           2025-11-01T18:19:13
/opt/airflow/dags/validate.py                                     1           0  2.19s           2025-11-01T18:19:21
================================================================================
[2025-11-01T18:20:12.415+0000] {manager.py:879} INFO - 
================================================================================
DAG File Processing Stats

File Path                                  PID  Runtime      # DAGs    # Errors  Last Runtime    Last Run
---------------------------------------  -----  ---------  --------  ----------  --------------  -------------------
/opt/airflow/dags/load_to_clickhouse.py                           0           1  0.22s           2025-11-01T18:19:43
/opt/airflow/dags/validate.py              206  20.32s            1           0  2.19s           2025-11-01T18:19:21
================================================================================
[2025-11-01T18:20:43.265+0000] {manager.py:879} INFO - 
================================================================================
DAG File Processing Stats

File Path                                PID    Runtime      # DAGs    # Errors  Last Runtime    Last Run
---------------------------------------  -----  ---------  --------  ----------  --------------  -------------------
/opt/airflow/dags/load_to_clickhouse.py                           0           1  0.43s           2025-11-01T18:20:14
/opt/airflow/dags/validate.py                                     1           0  22.19s          2025-11-01T18:20:14
================================================================================
[2025-11-01T18:21:13.966+0000] {manager.py:879} INFO - 
================================================================================
DAG File Processing Stats

File Path                                PID    Runtime      # DAGs    # Errors  Last Runtime    Last Run
---------------------------------------  -----  ---------  --------  ----------  --------------  -------------------
/opt/airflow/dags/load_to_clickhouse.py                           1           0  11.11s          2025-11-01T18:21:09
/opt/airflow/dags/validate.py                                     1           0  13.31s          2025-11-01T18:20:59
================================================================================
[2025-11-01T18:21:23.817+0000] {manager.py:451} INFO - Exiting gracefully upon receiving signal 15
[2025-11-01T18:22:28.086+0000] {manager.py:469} INFO - Processing files using up to 2 processes at a time 
[2025-11-01T18:22:28.096+0000] {manager.py:470} INFO - Process each file at most once every 30 seconds
[2025-11-01T18:22:28.108+0000] {manager.py:471} INFO - Checking for new files in /opt/airflow/dags every 300 seconds
[2025-11-01T18:22:28.116+0000] {manager.py:738} INFO - Searching for files in /opt/airflow/dags
[2025-11-01T18:22:28.278+0000] {manager.py:741} INFO - There are 2 files in /opt/airflow/dags
[2025-11-01T18:22:30.183+0000] {manager.py:879} INFO - 
================================================================================
DAG File Processing Stats

File Path                                  PID  Runtime      # DAGs    # Errors  Last Runtime    Last Run
---------------------------------------  -----  ---------  --------  ----------  --------------  ----------
/opt/airflow/dags/load_to_clickhouse.py    168  0.66s             0           0
/opt/airflow/dags/validate.py              171  0.46s             0           0
================================================================================
[2025-11-01T18:23:01.100+0000] {manager.py:879} INFO - 
================================================================================
DAG File Processing Stats

File Path                                PID    Runtime      # DAGs    # Errors  Last Runtime    Last Run
---------------------------------------  -----  ---------  --------  ----------  --------------  -------------------
/opt/airflow/dags/load_to_clickhouse.py                           1           0  5.73s           2025-11-01T18:22:35
/opt/airflow/dags/validate.py                                     1           0  5.51s           2025-11-01T18:22:35
================================================================================
[2025-11-01T18:23:31.712+0000] {manager.py:879} INFO - 
================================================================================
DAG File Processing Stats

File Path                                PID    Runtime      # DAGs    # Errors  Last Runtime    Last Run
---------------------------------------  -----  ---------  --------  ----------  --------------  -------------------
/opt/airflow/dags/load_to_clickhouse.py                           1           0  7.98s           2025-11-01T18:23:13
/opt/airflow/dags/validate.py                                     1           0  7.58s           2025-11-01T18:23:13
================================================================================
[2025-11-01T18:24:02.453+0000] {manager.py:879} INFO - 
================================================================================
DAG File Processing Stats

File Path                                PID    Runtime      # DAGs    # Errors  Last Runtime    Last Run
---------------------------------------  -----  ---------  --------  ----------  --------------  -------------------
/opt/airflow/dags/load_to_clickhouse.py                           1           0  7.65s           2025-11-01T18:23:53
/opt/airflow/dags/validate.py                                     1           0  6.43s           2025-11-01T18:23:53
================================================================================
[2025-11-01T18:24:33.020+0000] {manager.py:879} INFO - 
================================================================================
DAG File Processing Stats

File Path                                PID    Runtime      # DAGs    # Errors  Last Runtime    Last Run
---------------------------------------  -----  ---------  --------  ----------  --------------  -------------------
/opt/airflow/dags/load_to_clickhouse.py                           1           0  1.39s           2025-11-01T18:24:24
/opt/airflow/dags/validate.py                                     1           0  1.22s           2025-11-01T18:24:24
================================================================================
[2025-11-01T18:25:03.578+0000] {manager.py:879} INFO - 
================================================================================
DAG File Processing Stats

File Path                                PID    Runtime      # DAGs    # Errors  Last Runtime    Last Run
---------------------------------------  -----  ---------  --------  ----------  --------------  -------------------
/opt/airflow/dags/load_to_clickhouse.py                           1           0  1.47s           2025-11-01T18:24:56
/opt/airflow/dags/validate.py                                     1           0  1.20s           2025-11-01T18:24:56
================================================================================
[2025-11-01T18:25:33.594+0000] {manager.py:879} INFO - 
================================================================================
DAG File Processing Stats

File Path                                PID    Runtime      # DAGs    # Errors  Last Runtime    Last Run
---------------------------------------  -----  ---------  --------  ----------  --------------  -------------------
/opt/airflow/dags/load_to_clickhouse.py                           1           0  5.23s           2025-11-01T18:25:32
/opt/airflow/dags/validate.py                                     1           0  4.45s           2025-11-01T18:25:31
================================================================================
[2025-11-01T18:26:04.007+0000] {manager.py:879} INFO - 
================================================================================
DAG File Processing Stats

File Path                                  PID  Runtime      # DAGs    # Errors  Last Runtime    Last Run
---------------------------------------  -----  ---------  --------  ----------  --------------  -------------------
/opt/airflow/dags/load_to_clickhouse.py    250  1.32s             1           0  5.23s           2025-11-01T18:25:32
/opt/airflow/dags/validate.py                                     1           0  1.59s           2025-11-01T18:26:03
================================================================================
[2025-11-01T18:26:34.047+0000] {manager.py:879} INFO - 
================================================================================
DAG File Processing Stats

File Path                                  PID  Runtime      # DAGs    # Errors  Last Runtime    Last Run
---------------------------------------  -----  ---------  --------  ----------  --------------  -------------------
/opt/airflow/dags/load_to_clickhouse.py                           1           0  1.57s           2025-11-01T18:26:04
/opt/airflow/dags/validate.py              258  0.22s             1           0  1.59s           2025-11-01T18:26:03
================================================================================
[2025-11-01T18:27:04.434+0000] {manager.py:879} INFO - 
================================================================================
DAG File Processing Stats

File Path                                PID    Runtime      # DAGs    # Errors  Last Runtime    Last Run
---------------------------------------  -----  ---------  --------  ----------  --------------  -------------------
/opt/airflow/dags/load_to_clickhouse.py                           1           0  8.06s           2025-11-01T18:26:43
/opt/airflow/dags/validate.py                                     1           0  9.34s           2025-11-01T18:26:43
================================================================================
[2025-11-01T18:27:28.609+0000] {manager.py:738} INFO - Searching for files in /opt/airflow/dags
[2025-11-01T18:27:39.646+0000] {manager.py:741} INFO - There are 2 files in /opt/airflow/dags
[2025-11-01T18:27:39.790+0000] {manager.py:879} INFO - 
================================================================================
DAG File Processing Stats

File Path                                PID    Runtime      # DAGs    # Errors  Last Runtime    Last Run
---------------------------------------  -----  ---------  --------  ----------  --------------  -------------------
/opt/airflow/dags/load_to_clickhouse.py                           1           0  2.37s           2025-11-01T18:27:16
/opt/airflow/dags/validate.py                                     1           0  2.36s           2025-11-01T18:27:15
================================================================================
[2025-11-01T18:28:10.152+0000] {manager.py:879} INFO - 
================================================================================
DAG File Processing Stats

File Path                                PID    Runtime      # DAGs    # Errors  Last Runtime    Last Run
---------------------------------------  -----  ---------  --------  ----------  --------------  -------------------
/opt/airflow/dags/load_to_clickhouse.py                           1           0  3.22s           2025-11-01T18:27:50
/opt/airflow/dags/validate.py                                     1           0  2.84s           2025-11-01T18:27:49
================================================================================
[2025-11-01T18:28:40.691+0000] {manager.py:879} INFO - 
================================================================================
DAG File Processing Stats

File Path                                PID    Runtime      # DAGs    # Errors  Last Runtime    Last Run
---------------------------------------  -----  ---------  --------  ----------  --------------  -------------------
/opt/airflow/dags/load_to_clickhouse.py                           1           0  3.43s           2025-11-01T18:28:23
/opt/airflow/dags/validate.py                                     1           0  3.33s           2025-11-01T18:28:23
================================================================================
[2025-11-01T18:29:10.907+0000] {manager.py:879} INFO - 
================================================================================
DAG File Processing Stats

File Path                                  PID  Runtime      # DAGs    # Errors  Last Runtime    Last Run
---------------------------------------  -----  ---------  --------  ----------  --------------  -------------------
/opt/airflow/dags/load_to_clickhouse.py    306  16.17s            1           0  3.43s           2025-11-01T18:28:23
/opt/airflow/dags/validate.py              309  15.99s            1           0  3.33s           2025-11-01T18:28:23
================================================================================
[2025-11-01T18:29:41.599+0000] {manager.py:879} INFO - 
================================================================================
DAG File Processing Stats

File Path                                PID    Runtime      # DAGs    # Errors  Last Runtime    Last Run
---------------------------------------  -----  ---------  --------  ----------  --------------  -------------------
/opt/airflow/dags/load_to_clickhouse.py                           1           0  21.62s          2025-11-01T18:29:16
/opt/airflow/dags/validate.py                                     1           0  21.44s          2025-11-01T18:29:16
================================================================================
[2025-11-01T18:30:11.552+0000] {manager.py:879} INFO - 
================================================================================
DAG File Processing Stats

File Path                                PID    Runtime      # DAGs    # Errors  Last Runtime    Last Run
---------------------------------------  -----  ---------  --------  ----------  --------------  -------------------
/opt/airflow/dags/load_to_clickhouse.py                           1           0  2.54s           2025-11-01T18:29:49
/opt/airflow/dags/validate.py                                     1           0  1.18s           2025-11-01T18:30:04
================================================================================
[2025-11-01T18:30:40.160+0000] {manager.py:451} INFO - Exiting gracefully upon receiving signal 15
[2025-11-01T18:32:00.319+0000] {manager.py:469} INFO - Processing files using up to 2 processes at a time 
[2025-11-01T18:32:00.327+0000] {manager.py:470} INFO - Process each file at most once every 30 seconds
[2025-11-01T18:32:00.332+0000] {manager.py:471} INFO - Checking for new files in /opt/airflow/dags every 300 seconds
[2025-11-01T18:32:00.339+0000] {manager.py:738} INFO - Searching for files in /opt/airflow/dags
[2025-11-01T18:32:00.667+0000] {manager.py:741} INFO - There are 2 files in /opt/airflow/dags
[2025-11-01T18:32:03.214+0000] {manager.py:879} INFO - 
================================================================================
DAG File Processing Stats

File Path                                  PID  Runtime      # DAGs    # Errors  Last Runtime    Last Run
---------------------------------------  -----  ---------  --------  ----------  --------------  ----------
/opt/airflow/dags/load_to_clickhouse.py    170  0.86s             0           0
/opt/airflow/dags/validate.py              167  1.00s             0           0
================================================================================
[2025-11-01T18:32:33.667+0000] {manager.py:879} INFO - 
================================================================================
DAG File Processing Stats

File Path                                PID    Runtime      # DAGs    # Errors  Last Runtime    Last Run
---------------------------------------  -----  ---------  --------  ----------  --------------  -------------------
/opt/airflow/dags/load_to_clickhouse.py                           1           0  6.37s           2025-11-01T18:32:07
/opt/airflow/dags/validate.py                                     1           0  6.47s           2025-11-01T18:32:07
================================================================================
[2025-11-01T18:33:03.761+0000] {manager.py:879} INFO - 
================================================================================
DAG File Processing Stats

File Path                                PID    Runtime      # DAGs    # Errors  Last Runtime    Last Run
---------------------------------------  -----  ---------  --------  ----------  --------------  -------------------
/opt/airflow/dags/load_to_clickhouse.py                           1           0  18.20s          2025-11-01T18:32:56
/opt/airflow/dags/validate.py                                     1           0  18.44s          2025-11-01T18:32:56
================================================================================
[2025-11-01T18:33:34.257+0000] {manager.py:879} INFO - 
================================================================================
DAG File Processing Stats

File Path                                PID    Runtime      # DAGs    # Errors  Last Runtime    Last Run
---------------------------------------  -----  ---------  --------  ----------  --------------  -------------------
/opt/airflow/dags/load_to_clickhouse.py                           1           0  1.20s           2025-11-01T18:33:28
/opt/airflow/dags/validate.py                                     1           0  1.00s           2025-11-01T18:33:27
================================================================================
[2025-11-01T18:34:04.290+0000] {manager.py:879} INFO - 
================================================================================
DAG File Processing Stats

File Path                                PID    Runtime      # DAGs    # Errors  Last Runtime    Last Run
---------------------------------------  -----  ---------  --------  ----------  --------------  -------------------
/opt/airflow/dags/load_to_clickhouse.py                           1           0  1.38s           2025-11-01T18:33:59
/opt/airflow/dags/validate.py                                     1           0  1.07s           2025-11-01T18:33:59
================================================================================
[2025-11-01T18:34:34.390+0000] {manager.py:879} INFO - 
================================================================================
DAG File Processing Stats

File Path                                PID    Runtime      # DAGs    # Errors  Last Runtime    Last Run
---------------------------------------  -----  ---------  --------  ----------  --------------  -------------------
/opt/airflow/dags/load_to_clickhouse.py                           1           0  1.98s           2025-11-01T18:34:32
/opt/airflow/dags/validate.py                                     1           0  2.19s           2025-11-01T18:34:31
================================================================================
[2025-11-01T18:35:04.676+0000] {manager.py:879} INFO - 
================================================================================
DAG File Processing Stats

File Path                                  PID  Runtime      # DAGs    # Errors  Last Runtime    Last Run
---------------------------------------  -----  ---------  --------  ----------  --------------  -------------------
/opt/airflow/dags/load_to_clickhouse.py    233  1.17s             1           0  1.98s           2025-11-01T18:34:32
/opt/airflow/dags/validate.py              230  2.66s             1           0  2.19s           2025-11-01T18:34:31
================================================================================
[2025-11-01T18:35:34.977+0000] {manager.py:879} INFO - 
================================================================================
DAG File Processing Stats

File Path                                PID    Runtime      # DAGs    # Errors  Last Runtime    Last Run
---------------------------------------  -----  ---------  --------  ----------  --------------  -------------------
/opt/airflow/dags/load_to_clickhouse.py                           1           0  6.99s           2025-11-01T18:35:10
/opt/airflow/dags/validate.py                                     1           0  1.33s           2025-11-01T18:35:14
================================================================================
[2025-11-01T18:35:53.698+0000] {manager.py:451} INFO - Exiting gracefully upon receiving signal 15
[2025-11-01T18:36:44.067+0000] {manager.py:469} INFO - Processing files using up to 2 processes at a time 
[2025-11-01T18:36:44.069+0000] {manager.py:470} INFO - Process each file at most once every 30 seconds
[2025-11-01T18:36:44.071+0000] {manager.py:471} INFO - Checking for new files in /opt/airflow/dags every 300 seconds
[2025-11-01T18:36:44.073+0000] {manager.py:738} INFO - Searching for files in /opt/airflow/dags
[2025-11-01T18:36:44.161+0000] {manager.py:741} INFO - There are 2 files in /opt/airflow/dags
[2025-11-01T18:36:45.569+0000] {manager.py:879} INFO - 
================================================================================
DAG File Processing Stats

File Path                                  PID  Runtime      # DAGs    # Errors  Last Runtime    Last Run
---------------------------------------  -----  ---------  --------  ----------  --------------  ----------
/opt/airflow/dags/load_to_clickhouse.py    171  0.76s             0           0
/opt/airflow/dags/validate.py              168  1.02s             0           0
================================================================================
[2025-11-01T18:37:16.120+0000] {manager.py:879} INFO - 
================================================================================
DAG File Processing Stats

File Path                                PID    Runtime      # DAGs    # Errors  Last Runtime    Last Run
---------------------------------------  -----  ---------  --------  ----------  --------------  -------------------
/opt/airflow/dags/load_to_clickhouse.py                           1           0  4.20s           2025-11-01T18:36:48
/opt/airflow/dags/validate.py                                     1           0  4.25s           2025-11-01T18:36:48
================================================================================
[2025-11-01T18:37:46.413+0000] {manager.py:879} INFO - 
================================================================================
DAG File Processing Stats

File Path                                PID    Runtime      # DAGs    # Errors  Last Runtime    Last Run
---------------------------------------  -----  ---------  --------  ----------  --------------  -------------------
/opt/airflow/dags/load_to_clickhouse.py                           1           0  5.95s           2025-11-01T18:37:25
/opt/airflow/dags/validate.py                                     1           0  5.53s           2025-11-01T18:37:24
================================================================================
[2025-11-01T18:38:17.396+0000] {manager.py:879} INFO - 
================================================================================
DAG File Processing Stats

File Path                                PID    Runtime      # DAGs    # Errors  Last Runtime    Last Run
---------------------------------------  -----  ---------  --------  ----------  --------------  -------------------
/opt/airflow/dags/load_to_clickhouse.py                           1           0  9.38s           2025-11-01T18:38:09
/opt/airflow/dags/validate.py                                     1           0  11.86s          2025-11-01T18:38:08
================================================================================
[2025-11-01T18:38:47.390+0000] {manager.py:879} INFO - 
================================================================================
DAG File Processing Stats

File Path                                PID    Runtime      # DAGs    # Errors  Last Runtime    Last Run
---------------------------------------  -----  ---------  --------  ----------  --------------  -------------------
/opt/airflow/dags/load_to_clickhouse.py                           1           0  2.50s           2025-11-01T18:38:42
/opt/airflow/dags/validate.py                                     1           0  1.66s           2025-11-01T18:38:40
================================================================================
[2025-11-01T18:39:17.465+0000] {manager.py:879} INFO - 
================================================================================
DAG File Processing Stats

File Path                                  PID  Runtime      # DAGs    # Errors  Last Runtime    Last Run
---------------------------------------  -----  ---------  --------  ----------  --------------  -------------------
/opt/airflow/dags/load_to_clickhouse.py    226  4.65s             1           0  2.50s           2025-11-01T18:38:42
/opt/airflow/dags/validate.py                                     1           0  2.62s           2025-11-01T18:39:13
================================================================================
[2025-11-01T18:39:47.680+0000] {manager.py:879} INFO - 
================================================================================
DAG File Processing Stats

File Path                                  PID  Runtime      # DAGs    # Errors  Last Runtime    Last Run
---------------------------------------  -----  ---------  --------  ----------  --------------  -------------------
/opt/airflow/dags/load_to_clickhouse.py                           1           0  5.10s           2025-11-01T18:39:17
/opt/airflow/dags/validate.py              234  2.15s             1           0  2.62s           2025-11-01T18:39:13
================================================================================
[2025-11-01T18:40:17.780+0000] {manager.py:879} INFO - 
================================================================================
DAG File Processing Stats

File Path                                PID    Runtime      # DAGs    # Errors  Last Runtime    Last Run
---------------------------------------  -----  ---------  --------  ----------  --------------  -------------------
/opt/airflow/dags/load_to_clickhouse.py                           1           0  11.75s          2025-11-01T18:40:00
/opt/airflow/dags/validate.py                                     1           0  1.65s           2025-11-01T18:40:17
================================================================================
[2025-11-01T18:40:47.671+0000] {manager.py:879} INFO - 
================================================================================
DAG File Processing Stats

File Path                                PID    Runtime      # DAGs    # Errors  Last Runtime    Last Run
---------------------------------------  -----  ---------  --------  ----------  --------------  -------------------
/opt/airflow/dags/load_to_clickhouse.py                           1           0  12.57s          2025-11-01T18:40:46
/opt/airflow/dags/validate.py                                     1           0  1.65s           2025-11-01T18:40:17
================================================================================
[2025-11-01T18:41:13.908+0000] {manager.py:451} INFO - Exiting gracefully upon receiving signal 15
[2025-11-01T18:42:22.300+0000] {manager.py:469} INFO - Processing files using up to 2 processes at a time 
[2025-11-01T18:42:22.307+0000] {manager.py:470} INFO - Process each file at most once every 30 seconds
[2025-11-01T18:42:22.312+0000] {manager.py:471} INFO - Checking for new files in /opt/airflow/dags every 300 seconds
[2025-11-01T18:42:22.327+0000] {manager.py:738} INFO - Searching for files in /opt/airflow/dags
[2025-11-01T18:42:22.503+0000] {manager.py:741} INFO - There are 2 files in /opt/airflow/dags
[2025-11-01T18:42:24.059+0000] {manager.py:879} INFO - 
================================================================================
DAG File Processing Stats

File Path                                  PID  Runtime      # DAGs    # Errors  Last Runtime    Last Run
---------------------------------------  -----  ---------  --------  ----------  --------------  ----------
/opt/airflow/dags/load_to_clickhouse.py    170  0.58s             0           0
/opt/airflow/dags/validate.py              166  0.75s             0           0
================================================================================
[2025-11-01T18:42:54.541+0000] {manager.py:879} INFO - 
================================================================================
DAG File Processing Stats

File Path                                PID    Runtime      # DAGs    # Errors  Last Runtime    Last Run
---------------------------------------  -----  ---------  --------  ----------  --------------  -------------------
/opt/airflow/dags/load_to_clickhouse.py                           1           0  9.69s           2025-11-01T18:42:33
/opt/airflow/dags/validate.py                                     1           0  9.89s           2025-11-01T18:42:33
================================================================================
[2025-11-01T18:43:24.899+0000] {manager.py:879} INFO - 
================================================================================
DAG File Processing Stats

File Path                                PID    Runtime      # DAGs    # Errors  Last Runtime    Last Run
---------------------------------------  -----  ---------  --------  ----------  --------------  -------------------
/opt/airflow/dags/load_to_clickhouse.py                           1           0  4.90s           2025-11-01T18:43:08
/opt/airflow/dags/validate.py                                     1           0  4.95s           2025-11-01T18:43:08
================================================================================
[2025-11-01T18:43:54.877+0000] {manager.py:879} INFO - 
================================================================================
DAG File Processing Stats

File Path                                PID    Runtime      # DAGs    # Errors  Last Runtime    Last Run
---------------------------------------  -----  ---------  --------  ----------  --------------  -------------------
/opt/airflow/dags/load_to_clickhouse.py                           1           0  7.00s           2025-11-01T18:43:46
/opt/airflow/dags/validate.py                                     1           0  6.69s           2025-11-01T18:43:45
================================================================================
[2025-11-01T18:44:25.322+0000] {manager.py:879} INFO - 
================================================================================
DAG File Processing Stats

File Path                                PID    Runtime      # DAGs    # Errors  Last Runtime    Last Run
---------------------------------------  -----  ---------  --------  ----------  --------------  -------------------
/opt/airflow/dags/load_to_clickhouse.py                           1           0  3.83s           2025-11-01T18:44:20
/opt/airflow/dags/validate.py                                     1           0  2.70s           2025-11-01T18:44:18
================================================================================
[2025-11-01T18:44:55.263+0000] {manager.py:879} INFO - 
================================================================================
DAG File Processing Stats

File Path                                PID    Runtime      # DAGs    # Errors  Last Runtime    Last Run
---------------------------------------  -----  ---------  --------  ----------  --------------  -------------------
/opt/airflow/dags/load_to_clickhouse.py                           1           0  2.69s           2025-11-01T18:44:53
/opt/airflow/dags/validate.py                                     1           0  2.46s           2025-11-01T18:44:51
================================================================================
[2025-11-01T18:45:26.711+0000] {manager.py:879} INFO - 
================================================================================
DAG File Processing Stats

File Path                                  PID  Runtime      # DAGs    # Errors  Last Runtime    Last Run
---------------------------------------  -----  ---------  --------  ----------  --------------  -------------------
/opt/airflow/dags/load_to_clickhouse.py                           1           0  2.69s           2025-11-01T18:44:53
/opt/airflow/dags/validate.py              233  2.65s             1           0  2.46s           2025-11-01T18:44:51
================================================================================
[2025-11-01T18:45:57.476+0000] {manager.py:879} INFO - 
================================================================================
DAG File Processing Stats

File Path                                PID    Runtime      # DAGs    # Errors  Last Runtime    Last Run
---------------------------------------  -----  ---------  --------  ----------  --------------  -------------------
/opt/airflow/dags/load_to_clickhouse.py                           1           0  2.77s           2025-11-01T18:45:30
/opt/airflow/dags/validate.py                                     1           0  6.46s           2025-11-01T18:45:30
================================================================================
[2025-11-01T18:46:27.473+0000] {manager.py:879} INFO - 
================================================================================
DAG File Processing Stats

File Path                                PID    Runtime      # DAGs    # Errors  Last Runtime    Last Run
---------------------------------------  -----  ---------  --------  ----------  --------------  -------------------
/opt/airflow/dags/load_to_clickhouse.py                           1           0  2.02s           2025-11-01T18:46:02
/opt/airflow/dags/validate.py                                     1           0  1.38s           2025-11-01T18:46:01
================================================================================
[2025-11-01T18:46:57.820+0000] {manager.py:879} INFO - 
================================================================================
DAG File Processing Stats

File Path                                PID    Runtime      # DAGs    # Errors  Last Runtime    Last Run
---------------------------------------  -----  ---------  --------  ----------  --------------  -------------------
/opt/airflow/dags/load_to_clickhouse.py                           1           0  1.35s           2025-11-01T18:46:34
/opt/airflow/dags/validate.py                                     1           0  1.11s           2025-11-01T18:46:33
================================================================================
[2025-11-01T18:47:22.411+0000] {manager.py:738} INFO - Searching for files in /opt/airflow/dags
[2025-11-01T18:47:23.352+0000] {manager.py:741} INFO - There are 2 files in /opt/airflow/dags
[2025-11-01T18:47:28.511+0000] {manager.py:879} INFO - 
================================================================================
DAG File Processing Stats

File Path                                PID    Runtime      # DAGs    # Errors  Last Runtime    Last Run
---------------------------------------  -----  ---------  --------  ----------  --------------  -------------------
/opt/airflow/dags/load_to_clickhouse.py                           1           0  1.44s           2025-11-01T18:47:06
/opt/airflow/dags/validate.py                                     1           0  1.07s           2025-11-01T18:47:05
================================================================================
[2025-11-01T18:47:58.919+0000] {manager.py:879} INFO - 
================================================================================
DAG File Processing Stats

File Path                                PID    Runtime      # DAGs    # Errors  Last Runtime    Last Run
---------------------------------------  -----  ---------  --------  ----------  --------------  -------------------
/opt/airflow/dags/load_to_clickhouse.py                           1           0  1.26s           2025-11-01T18:47:37
/opt/airflow/dags/validate.py                                     1           0  0.99s           2025-11-01T18:47:36
================================================================================
[2025-11-01T18:48:29.169+0000] {manager.py:879} INFO - 
================================================================================
DAG File Processing Stats

File Path                                PID    Runtime      # DAGs    # Errors  Last Runtime    Last Run
---------------------------------------  -----  ---------  --------  ----------  --------------  -------------------
/opt/airflow/dags/load_to_clickhouse.py                           1           0  2.06s           2025-11-01T18:48:10
/opt/airflow/dags/validate.py                                     1           0  0.87s           2025-11-01T18:48:07
================================================================================
[2025-11-01T18:48:59.403+0000] {manager.py:879} INFO - 
================================================================================
DAG File Processing Stats

File Path                                PID    Runtime      # DAGs    # Errors  Last Runtime    Last Run
---------------------------------------  -----  ---------  --------  ----------  --------------  -------------------
/opt/airflow/dags/load_to_clickhouse.py                           1           0  1.99s           2025-11-01T18:48:42
/opt/airflow/dags/validate.py                                     1           0  1.85s           2025-11-01T18:48:40
================================================================================
[2025-11-01T18:49:29.881+0000] {manager.py:879} INFO - 
================================================================================
DAG File Processing Stats

File Path                                PID    Runtime      # DAGs    # Errors  Last Runtime    Last Run
---------------------------------------  -----  ---------  --------  ----------  --------------  -------------------
/opt/airflow/dags/load_to_clickhouse.py                           1           0  1.29s           2025-11-01T18:49:13
/opt/airflow/dags/validate.py                                     1           0  0.77s           2025-11-01T18:49:11
================================================================================
[2025-11-01T18:49:59.910+0000] {manager.py:879} INFO - 
================================================================================
DAG File Processing Stats

File Path                                PID    Runtime      # DAGs    # Errors  Last Runtime    Last Run
---------------------------------------  -----  ---------  --------  ----------  --------------  -------------------
/opt/airflow/dags/load_to_clickhouse.py                           1           0  7.08s           2025-11-01T18:49:52
/opt/airflow/dags/validate.py                                     1           0  10.09s          2025-11-01T18:49:52
================================================================================
[2025-11-01T18:50:30.254+0000] {manager.py:879} INFO - 
================================================================================
DAG File Processing Stats

File Path                                  PID  Runtime      # DAGs    # Errors  Last Runtime    Last Run
---------------------------------------  -----  ---------  --------  ----------  --------------  -------------------
/opt/airflow/dags/load_to_clickhouse.py    344  5.89s             1           0  7.08s           2025-11-01T18:49:52
/opt/airflow/dags/validate.py                                     1           0  7.02s           2025-11-01T18:50:30
================================================================================
[2025-11-01T18:51:00.687+0000] {manager.py:879} INFO - 
================================================================================
DAG File Processing Stats

File Path                                  PID  Runtime      # DAGs    # Errors  Last Runtime    Last Run
---------------------------------------  -----  ---------  --------  ----------  --------------  -------------------
/opt/airflow/dags/load_to_clickhouse.py    356  0.03s             1           0  6.11s           2025-11-01T18:50:30
/opt/airflow/dags/validate.py              353  0.06s             1           0  7.02s           2025-11-01T18:50:30
================================================================================
[2025-11-01T18:51:30.594+0000] {manager.py:879} INFO - 
================================================================================
DAG File Processing Stats

File Path                                PID    Runtime      # DAGs    # Errors  Last Runtime    Last Run
---------------------------------------  -----  ---------  --------  ----------  --------------  -------------------
/opt/airflow/dags/load_to_clickhouse.py                           1           0  1.62s           2025-11-01T18:51:02
/opt/airflow/dags/validate.py                                     1           0  1.27s           2025-11-01T18:51:01
================================================================================
[2025-11-01T18:52:00.617+0000] {manager.py:879} INFO - 
================================================================================
DAG File Processing Stats

File Path                                PID    Runtime      # DAGs    # Errors  Last Runtime    Last Run
---------------------------------------  -----  ---------  --------  ----------  --------------  -------------------
/opt/airflow/dags/load_to_clickhouse.py                           1           0  1.35s           2025-11-01T18:51:33
/opt/airflow/dags/validate.py                                     1           0  1.08s           2025-11-01T18:51:33
================================================================================
[2025-11-01T18:52:22.696+0000] {manager.py:738} INFO - Searching for files in /opt/airflow/dags
[2025-11-01T18:52:22.857+0000] {manager.py:741} INFO - There are 2 files in /opt/airflow/dags
[2025-11-01T18:52:31.104+0000] {manager.py:879} INFO - 
================================================================================
DAG File Processing Stats

File Path                                PID    Runtime      # DAGs    # Errors  Last Runtime    Last Run
---------------------------------------  -----  ---------  --------  ----------  --------------  -------------------
/opt/airflow/dags/load_to_clickhouse.py                           1           0  3.00s           2025-11-01T18:52:07
/opt/airflow/dags/validate.py                                     1           0  1.12s           2025-11-01T18:52:04
================================================================================
[2025-11-01T18:53:01.611+0000] {manager.py:879} INFO - 
================================================================================
DAG File Processing Stats

File Path                                PID    Runtime      # DAGs    # Errors  Last Runtime    Last Run
---------------------------------------  -----  ---------  --------  ----------  --------------  -------------------
/opt/airflow/dags/load_to_clickhouse.py                           1           0  2.13s           2025-11-01T18:52:40
/opt/airflow/dags/validate.py                                     1           0  3.16s           2025-11-01T18:52:38
================================================================================
[2025-11-01T18:53:32.050+0000] {manager.py:879} INFO - 
================================================================================
DAG File Processing Stats

File Path                                PID    Runtime      # DAGs    # Errors  Last Runtime    Last Run
---------------------------------------  -----  ---------  --------  ----------  --------------  -------------------
/opt/airflow/dags/load_to_clickhouse.py                           1           0  2.09s           2025-11-01T18:53:12
/opt/airflow/dags/validate.py                                     1           0  0.96s           2025-11-01T18:53:09
================================================================================
[2025-11-01T18:54:02.475+0000] {manager.py:879} INFO - 
================================================================================
DAG File Processing Stats

File Path                                PID    Runtime      # DAGs    # Errors  Last Runtime    Last Run
---------------------------------------  -----  ---------  --------  ----------  --------------  -------------------
/opt/airflow/dags/load_to_clickhouse.py                           1           0  2.85s           2025-11-01T18:53:46
/opt/airflow/dags/validate.py                                     1           0  1.17s           2025-11-01T18:53:41
================================================================================
[2025-11-01T18:54:32.780+0000] {manager.py:879} INFO - 
================================================================================
DAG File Processing Stats

File Path                                PID    Runtime      # DAGs    # Errors  Last Runtime    Last Run
---------------------------------------  -----  ---------  --------  ----------  --------------  -------------------
/opt/airflow/dags/load_to_clickhouse.py                           1           0  1.74s           2025-11-01T18:54:18
/opt/airflow/dags/validate.py                                     1           0  1.26s           2025-11-01T18:54:13
================================================================================
[2025-11-01T18:55:03.146+0000] {manager.py:879} INFO - 
================================================================================
DAG File Processing Stats

File Path                                PID    Runtime      # DAGs    # Errors  Last Runtime    Last Run
---------------------------------------  -----  ---------  --------  ----------  --------------  -------------------
/opt/airflow/dags/load_to_clickhouse.py                           1           0  1.33s           2025-11-01T18:54:50
/opt/airflow/dags/validate.py                                     1           0  0.96s           2025-11-01T18:54:44
================================================================================
[2025-11-01T18:55:33.321+0000] {manager.py:879} INFO - 
================================================================================
DAG File Processing Stats

File Path                                PID    Runtime      # DAGs    # Errors  Last Runtime    Last Run
---------------------------------------  -----  ---------  --------  ----------  --------------  -------------------
/opt/airflow/dags/load_to_clickhouse.py                           1           0  2.41s           2025-11-01T18:55:23
/opt/airflow/dags/validate.py                                     1           0  0.93s           2025-11-01T18:55:16
================================================================================
[2025-11-01T18:56:03.353+0000] {manager.py:879} INFO - 
================================================================================
DAG File Processing Stats

File Path                                PID    Runtime      # DAGs    # Errors  Last Runtime    Last Run
---------------------------------------  -----  ---------  --------  ----------  --------------  -------------------
/opt/airflow/dags/load_to_clickhouse.py                           1           0  1.19s           2025-11-01T18:55:54
/opt/airflow/dags/validate.py                                     1           0  1.03s           2025-11-01T18:55:47
================================================================================
[2025-11-01T18:56:33.888+0000] {manager.py:879} INFO - 
================================================================================
DAG File Processing Stats

File Path                                PID    Runtime      # DAGs    # Errors  Last Runtime    Last Run
---------------------------------------  -----  ---------  --------  ----------  --------------  -------------------
/opt/airflow/dags/load_to_clickhouse.py                           1           0  1.29s           2025-11-01T18:56:25
/opt/airflow/dags/validate.py                                     1           0  0.87s           2025-11-01T18:56:18
================================================================================
[2025-11-01T18:57:04.093+0000] {manager.py:879} INFO - 
================================================================================
DAG File Processing Stats

File Path                                PID    Runtime      # DAGs    # Errors  Last Runtime    Last Run
---------------------------------------  -----  ---------  --------  ----------  --------------  -------------------
/opt/airflow/dags/load_to_clickhouse.py                           1           0  1.92s           2025-11-01T18:56:57
/opt/airflow/dags/validate.py                                     1           0  0.93s           2025-11-01T18:56:49
================================================================================
[2025-11-01T18:57:22.714+0000] {manager.py:738} INFO - Searching for files in /opt/airflow/dags
[2025-11-01T18:57:22.812+0000] {manager.py:741} INFO - There are 2 files in /opt/airflow/dags
[2025-11-01T18:57:34.024+0000] {manager.py:879} INFO - 
================================================================================
DAG File Processing Stats

File Path                                PID    Runtime      # DAGs    # Errors  Last Runtime    Last Run
---------------------------------------  -----  ---------  --------  ----------  --------------  -------------------
/opt/airflow/dags/load_to_clickhouse.py                           1           0  2.53s           2025-11-01T18:57:31
/opt/airflow/dags/validate.py                                     1           0  1.44s           2025-11-01T18:57:21
================================================================================
[2025-11-01T18:58:04.503+0000] {manager.py:879} INFO - 
================================================================================
DAG File Processing Stats

File Path                                PID    Runtime      # DAGs    # Errors  Last Runtime    Last Run
---------------------------------------  -----  ---------  --------  ----------  --------------  -------------------
/opt/airflow/dags/load_to_clickhouse.py                           1           0  1.36s           2025-11-01T18:58:02
/opt/airflow/dags/validate.py                                     1           0  1.04s           2025-11-01T18:57:53
================================================================================
[2025-11-01T18:58:35.212+0000] {manager.py:879} INFO - 
================================================================================
DAG File Processing Stats

File Path                                PID    Runtime      # DAGs    # Errors  Last Runtime    Last Run
---------------------------------------  -----  ---------  --------  ----------  --------------  -------------------
/opt/airflow/dags/load_to_clickhouse.py                           1           0  1.13s           2025-11-01T18:58:34
/opt/airflow/dags/validate.py                                     1           0  1.29s           2025-11-01T18:58:25
================================================================================
[2025-11-01T18:59:05.745+0000] {manager.py:879} INFO - 
================================================================================
DAG File Processing Stats

File Path                                  PID  Runtime      # DAGs    # Errors  Last Runtime    Last Run
---------------------------------------  -----  ---------  --------  ----------  --------------  -------------------
/opt/airflow/dags/load_to_clickhouse.py    539  1.03s             1           0  1.13s           2025-11-01T18:58:34
/opt/airflow/dags/validate.py                                     1           0  1.25s           2025-11-01T18:58:56
================================================================================
[2025-11-01T18:59:36.130+0000] {manager.py:879} INFO - 
================================================================================
DAG File Processing Stats

File Path                                PID    Runtime      # DAGs    # Errors  Last Runtime    Last Run
---------------------------------------  -----  ---------  --------  ----------  --------------  -------------------
/opt/airflow/dags/load_to_clickhouse.py                           1           0  2.08s           2025-11-01T18:59:06
/opt/airflow/dags/validate.py                                     1           0  5.49s           2025-11-01T18:59:33
================================================================================
[2025-11-01T19:00:06.636+0000] {manager.py:879} INFO - 
================================================================================
DAG File Processing Stats

File Path                                PID    Runtime      # DAGs    # Errors  Last Runtime    Last Run
---------------------------------------  -----  ---------  --------  ----------  --------------  -------------------
/opt/airflow/dags/load_to_clickhouse.py                           1           0  3.00s           2025-11-01T18:59:40
/opt/airflow/dags/validate.py                                     1           0  1.13s           2025-11-01T19:00:04
================================================================================
[2025-11-01T19:00:37.291+0000] {manager.py:879} INFO - 
================================================================================
DAG File Processing Stats

File Path                                PID    Runtime      # DAGs    # Errors  Last Runtime    Last Run
---------------------------------------  -----  ---------  --------  ----------  --------------  -------------------
/opt/airflow/dags/load_to_clickhouse.py                           1           0  1.25s           2025-11-01T19:00:11
/opt/airflow/dags/validate.py                                     1           0  1.33s           2025-11-01T19:00:36
================================================================================
[2025-11-01T19:01:07.365+0000] {manager.py:879} INFO - 
================================================================================
DAG File Processing Stats

File Path                                  PID  Runtime      # DAGs    # Errors  Last Runtime    Last Run
---------------------------------------  -----  ---------  --------  ----------  --------------  -------------------
/opt/airflow/dags/load_to_clickhouse.py                           1           0  2.70s           2025-11-01T19:00:44
/opt/airflow/dags/validate.py              581  0.57s             1           0  1.33s           2025-11-01T19:00:36
================================================================================
[2025-11-01T19:01:37.617+0000] {manager.py:879} INFO - 
================================================================================
DAG File Processing Stats

File Path                                PID    Runtime      # DAGs    # Errors  Last Runtime    Last Run
---------------------------------------  -----  ---------  --------  ----------  --------------  -------------------
/opt/airflow/dags/load_to_clickhouse.py                           1           0  2.18s           2025-11-01T19:01:17
/opt/airflow/dags/validate.py                                     1           0  1.43s           2025-11-01T19:01:08
================================================================================
[2025-11-01T19:02:07.657+0000] {manager.py:879} INFO - 
================================================================================
DAG File Processing Stats

File Path                                PID    Runtime      # DAGs    # Errors  Last Runtime    Last Run
---------------------------------------  -----  ---------  --------  ----------  --------------  -------------------
/opt/airflow/dags/load_to_clickhouse.py                           1           0  1.55s           2025-11-01T19:01:49
/opt/airflow/dags/validate.py                                     1           0  2.61s           2025-11-01T19:01:41
================================================================================
[2025-11-01T19:02:22.747+0000] {manager.py:738} INFO - Searching for files in /opt/airflow/dags
[2025-11-01T19:02:22.853+0000] {manager.py:741} INFO - There are 2 files in /opt/airflow/dags
[2025-11-01T19:02:38.162+0000] {manager.py:879} INFO - 
================================================================================
DAG File Processing Stats

File Path                                PID    Runtime      # DAGs    # Errors  Last Runtime    Last Run
---------------------------------------  -----  ---------  --------  ----------  --------------  -------------------
/opt/airflow/dags/load_to_clickhouse.py                           1           0  1.47s           2025-11-01T19:02:21
/opt/airflow/dags/validate.py                                     1           0  0.91s           2025-11-01T19:02:12
================================================================================
[2025-11-01T19:03:08.459+0000] {manager.py:879} INFO - 
================================================================================
DAG File Processing Stats

File Path                                PID    Runtime      # DAGs    # Errors  Last Runtime    Last Run
---------------------------------------  -----  ---------  --------  ----------  --------------  -------------------
/opt/airflow/dags/load_to_clickhouse.py                           1           0  1.90s           2025-11-01T19:02:53
/opt/airflow/dags/validate.py                                     1           0  1.18s           2025-11-01T19:02:44
================================================================================
[2025-11-01T19:03:38.432+0000] {manager.py:879} INFO - 
================================================================================
DAG File Processing Stats

File Path                                PID    Runtime      # DAGs    # Errors  Last Runtime    Last Run
---------------------------------------  -----  ---------  --------  ----------  --------------  -------------------
/opt/airflow/dags/load_to_clickhouse.py                           1           0  1.88s           2025-11-01T19:03:25
/opt/airflow/dags/validate.py                                     1           0  2.92s           2025-11-01T19:03:19
================================================================================
[2025-11-01T19:04:08.424+0000] {manager.py:879} INFO - 
================================================================================
DAG File Processing Stats

File Path                                PID    Runtime      # DAGs    # Errors  Last Runtime    Last Run
---------------------------------------  -----  ---------  --------  ----------  --------------  -------------------
/opt/airflow/dags/load_to_clickhouse.py                           1           0  3.03s           2025-11-01T19:03:59
/opt/airflow/dags/validate.py                                     1           0  1.85s           2025-11-01T19:03:51
================================================================================
[2025-11-01T19:04:38.808+0000] {manager.py:879} INFO - 
================================================================================
DAG File Processing Stats

File Path                                  PID  Runtime      # DAGs    # Errors  Last Runtime    Last Run
---------------------------------------  -----  ---------  --------  ----------  --------------  -------------------
/opt/airflow/dags/load_to_clickhouse.py    659  9.10s             1           0  3.03s           2025-11-01T19:03:59
/opt/airflow/dags/validate.py                                     1           0  1.12s           2025-11-01T19:04:22
================================================================================
[2025-11-01T19:05:09.279+0000] {manager.py:879} INFO - 
================================================================================
DAG File Processing Stats

File Path                                PID    Runtime      # DAGs    # Errors  Last Runtime    Last Run
---------------------------------------  -----  ---------  --------  ----------  --------------  -------------------
/opt/airflow/dags/load_to_clickhouse.py                           1           0  10.70s          2025-11-01T19:04:40
/opt/airflow/dags/validate.py                                     1           0  4.54s           2025-11-01T19:04:57
================================================================================
[2025-11-01T19:05:39.186+0000] {manager.py:879} INFO - 
================================================================================
DAG File Processing Stats

File Path                                PID    Runtime      # DAGs    # Errors  Last Runtime    Last Run
---------------------------------------  -----  ---------  --------  ----------  --------------  -------------------
/opt/airflow/dags/load_to_clickhouse.py                           1           0  2.37s           2025-11-01T19:05:12
/opt/airflow/dags/validate.py                                     1           0  1.14s           2025-11-01T19:05:29
================================================================================
[2025-11-01T19:06:09.341+0000] {manager.py:879} INFO - 
================================================================================
DAG File Processing Stats

File Path                                PID    Runtime      # DAGs    # Errors  Last Runtime    Last Run
---------------------------------------  -----  ---------  --------  ----------  --------------  -------------------
/opt/airflow/dags/load_to_clickhouse.py                           1           0  1.87s           2025-11-01T19:05:45
/opt/airflow/dags/validate.py                                     1           0  1.02s           2025-11-01T19:06:00
================================================================================
[2025-11-01T19:06:39.250+0000] {manager.py:879} INFO - 
================================================================================
DAG File Processing Stats

File Path                                PID    Runtime      # DAGs    # Errors  Last Runtime    Last Run
---------------------------------------  -----  ---------  --------  ----------  --------------  -------------------
/opt/airflow/dags/load_to_clickhouse.py                           1           0  15.28s          2025-11-01T19:06:30
/opt/airflow/dags/validate.py                                     1           0  1.66s           2025-11-01T19:06:32
================================================================================
[2025-11-01T19:07:09.224+0000] {manager.py:879} INFO - 
================================================================================
DAG File Processing Stats

File Path                                PID    Runtime      # DAGs    # Errors  Last Runtime    Last Run
---------------------------------------  -----  ---------  --------  ----------  --------------  -------------------
/opt/airflow/dags/load_to_clickhouse.py                           1           0  7.00s           2025-11-01T19:07:08
/opt/airflow/dags/validate.py                                     1           0  2.71s           2025-11-01T19:07:05
================================================================================
[2025-11-01T19:07:23.423+0000] {manager.py:738} INFO - Searching for files in /opt/airflow/dags
[2025-11-01T19:07:23.546+0000] {manager.py:741} INFO - There are 2 files in /opt/airflow/dags
[2025-11-01T19:07:39.777+0000] {manager.py:879} INFO - 
================================================================================
DAG File Processing Stats

File Path                                  PID  Runtime      # DAGs    # Errors  Last Runtime    Last Run
---------------------------------------  -----  ---------  --------  ----------  --------------  -------------------
/opt/airflow/dags/load_to_clickhouse.py    725  1.04s             1           0  7.00s           2025-11-01T19:07:08
/opt/airflow/dags/validate.py                                     1           0  1.94s           2025-11-01T19:07:37
================================================================================
[2025-11-01T19:08:10.391+0000] {manager.py:879} INFO - 
================================================================================
DAG File Processing Stats

File Path                                PID    Runtime      # DAGs    # Errors  Last Runtime    Last Run
---------------------------------------  -----  ---------  --------  ----------  --------------  -------------------
/opt/airflow/dags/load_to_clickhouse.py                           1           0  1.72s           2025-11-01T19:07:40
/opt/airflow/dags/validate.py                                     1           0  1.95s           2025-11-01T19:08:10
================================================================================
[2025-11-01T19:08:40.294+0000] {manager.py:879} INFO - 
================================================================================
DAG File Processing Stats

File Path                                PID    Runtime      # DAGs    # Errors  Last Runtime    Last Run
---------------------------------------  -----  ---------  --------  ----------  --------------  -------------------
/opt/airflow/dags/load_to_clickhouse.py                           1           0  1.33s           2025-11-01T19:08:11
/opt/airflow/dags/validate.py                                     1           0  1.95s           2025-11-01T19:08:10
================================================================================
[2025-11-01T19:09:10.194+0000] {manager.py:879} INFO - 
================================================================================
DAG File Processing Stats

File Path                                PID    Runtime      # DAGs    # Errors  Last Runtime    Last Run
---------------------------------------  -----  ---------  --------  ----------  --------------  -------------------
/opt/airflow/dags/load_to_clickhouse.py                           1           0  2.43s           2025-11-01T19:08:44
/opt/airflow/dags/validate.py                                     1           0  1.24s           2025-11-01T19:08:42
================================================================================
[2025-11-01T19:09:40.409+0000] {manager.py:879} INFO - 
================================================================================
DAG File Processing Stats

File Path                                PID    Runtime      # DAGs    # Errors  Last Runtime    Last Run
---------------------------------------  -----  ---------  --------  ----------  --------------  -------------------
/opt/airflow/dags/load_to_clickhouse.py                           1           0  2.30s           2025-11-01T19:09:17
/opt/airflow/dags/validate.py                                     1           0  1.59s           2025-11-01T19:09:14
================================================================================
[2025-11-01T19:10:10.651+0000] {manager.py:879} INFO - 
================================================================================
DAG File Processing Stats

File Path                                PID    Runtime      # DAGs    # Errors  Last Runtime    Last Run
---------------------------------------  -----  ---------  --------  ----------  --------------  -------------------
/opt/airflow/dags/load_to_clickhouse.py                           1           0  7.91s           2025-11-01T19:09:55
/opt/airflow/dags/validate.py                                     1           0  1.80s           2025-11-01T19:09:46
================================================================================
[2025-11-01T19:10:40.844+0000] {manager.py:879} INFO - 
================================================================================
DAG File Processing Stats

File Path                                PID    Runtime      # DAGs    # Errors  Last Runtime    Last Run
---------------------------------------  -----  ---------  --------  ----------  --------------  -------------------
/opt/airflow/dags/load_to_clickhouse.py                           1           0  1.63s           2025-11-01T19:10:27
/opt/airflow/dags/validate.py                                     1           0  1.77s           2025-11-01T19:10:18
================================================================================
[2025-11-01T19:11:11.231+0000] {manager.py:879} INFO - 
================================================================================
DAG File Processing Stats

File Path                                PID    Runtime      # DAGs    # Errors  Last Runtime    Last Run
---------------------------------------  -----  ---------  --------  ----------  --------------  -------------------
/opt/airflow/dags/load_to_clickhouse.py                           1           0  1.96s           2025-11-01T19:11:00
/opt/airflow/dags/validate.py                                     1           0  1.21s           2025-11-01T19:10:50
================================================================================
[2025-11-01T19:11:41.700+0000] {manager.py:879} INFO - 
================================================================================
DAG File Processing Stats

File Path                                PID    Runtime      # DAGs    # Errors  Last Runtime    Last Run
---------------------------------------  -----  ---------  --------  ----------  --------------  -------------------
/opt/airflow/dags/load_to_clickhouse.py                           1           0  1.46s           2025-11-01T19:11:32
/opt/airflow/dags/validate.py                                     1           0  1.01s           2025-11-01T19:11:21
================================================================================
[2025-11-01T19:12:12.357+0000] {manager.py:879} INFO - 
================================================================================
DAG File Processing Stats

File Path                                PID    Runtime      # DAGs    # Errors  Last Runtime    Last Run
---------------------------------------  -----  ---------  --------  ----------  --------------  -------------------
/opt/airflow/dags/load_to_clickhouse.py                           1           0  1.24s           2025-11-01T19:12:03
/opt/airflow/dags/validate.py                                     1           0  1.25s           2025-11-01T19:11:53
================================================================================
[2025-11-01T19:12:23.573+0000] {manager.py:738} INFO - Searching for files in /opt/airflow/dags
[2025-11-01T19:12:24.100+0000] {manager.py:741} INFO - There are 2 files in /opt/airflow/dags
[2025-11-01T19:12:42.836+0000] {manager.py:879} INFO - 
================================================================================
DAG File Processing Stats

File Path                                PID    Runtime      # DAGs    # Errors  Last Runtime    Last Run
---------------------------------------  -----  ---------  --------  ----------  --------------  -------------------
/opt/airflow/dags/load_to_clickhouse.py                           1           0  5.80s           2025-11-01T19:12:39
/opt/airflow/dags/validate.py                                     1           0  4.70s           2025-11-01T19:12:29
================================================================================
[2025-11-01T19:13:13.214+0000] {manager.py:879} INFO - 
================================================================================
DAG File Processing Stats

File Path                                PID    Runtime      # DAGs    # Errors  Last Runtime    Last Run
---------------------------------------  -----  ---------  --------  ----------  --------------  -------------------
/opt/airflow/dags/load_to_clickhouse.py                           1           0  1.71s           2025-11-01T19:13:11
/opt/airflow/dags/validate.py                                     1           0  1.29s           2025-11-01T19:13:01
================================================================================
[2025-11-01T19:13:43.678+0000] {manager.py:879} INFO - 
================================================================================
DAG File Processing Stats

File Path                                  PID  Runtime      # DAGs    # Errors  Last Runtime    Last Run
---------------------------------------  -----  ---------  --------  ----------  --------------  -------------------
/opt/airflow/dags/load_to_clickhouse.py    857  2.08s             1           0  1.71s           2025-11-01T19:13:11
/opt/airflow/dags/validate.py                                     1           0  1.86s           2025-11-01T19:13:33
================================================================================
[2025-11-01T19:14:14.027+0000] {manager.py:879} INFO - 
================================================================================
DAG File Processing Stats

File Path                                  PID  Runtime      # DAGs    # Errors  Last Runtime    Last Run
---------------------------------------  -----  ---------  --------  ----------  --------------  -------------------
/opt/airflow/dags/load_to_clickhouse.py    867  0.02s             1           0  2.11s           2025-11-01T19:13:43
/opt/airflow/dags/validate.py              863  8.73s             1           0  1.86s           2025-11-01T19:13:33
================================================================================
[2025-11-01T19:14:44.821+0000] {manager.py:879} INFO - 
================================================================================
DAG File Processing Stats

File Path                                PID    Runtime      # DAGs    # Errors  Last Runtime    Last Run
---------------------------------------  -----  ---------  --------  ----------  --------------  -------------------
/opt/airflow/dags/load_to_clickhouse.py                           1           0  2.48s           2025-11-01T19:14:16
/opt/airflow/dags/validate.py                                     1           0  9.54s           2025-11-01T19:14:14
================================================================================
[2025-11-01T19:15:14.984+0000] {manager.py:879} INFO - 
================================================================================
DAG File Processing Stats

File Path                                PID    Runtime      # DAGs    # Errors  Last Runtime    Last Run
---------------------------------------  -----  ---------  --------  ----------  --------------  -------------------
/opt/airflow/dags/load_to_clickhouse.py                           1           0  4.86s           2025-11-01T19:14:51
/opt/airflow/dags/validate.py                                     1           0  1.00s           2025-11-01T19:14:45
================================================================================
[2025-11-01T19:15:45.521+0000] {manager.py:879} INFO - 
================================================================================
DAG File Processing Stats

File Path                                PID    Runtime      # DAGs    # Errors  Last Runtime    Last Run
---------------------------------------  -----  ---------  --------  ----------  --------------  -------------------
/opt/airflow/dags/load_to_clickhouse.py                           1           0  2.93s           2025-11-01T19:15:25
/opt/airflow/dags/validate.py                                     1           0  1.43s           2025-11-01T19:15:17
================================================================================
[2025-11-01T19:16:16.224+0000] {manager.py:879} INFO - 
================================================================================
DAG File Processing Stats

File Path                                PID    Runtime      # DAGs    # Errors  Last Runtime    Last Run
---------------------------------------  -----  ---------  --------  ----------  --------------  -------------------
/opt/airflow/dags/load_to_clickhouse.py                           1           0  1.35s           2025-11-01T19:15:57
/opt/airflow/dags/validate.py                                     1           0  2.34s           2025-11-01T19:15:49
================================================================================
[2025-11-01T19:16:46.334+0000] {manager.py:879} INFO - 
================================================================================
DAG File Processing Stats

File Path                                PID    Runtime      # DAGs    # Errors  Last Runtime    Last Run
---------------------------------------  -----  ---------  --------  ----------  --------------  -------------------
/opt/airflow/dags/load_to_clickhouse.py                           1           0  3.81s           2025-11-01T19:16:34
/opt/airflow/dags/validate.py                                     1           0  13.53s          2025-11-01T19:16:34
================================================================================
[2025-11-01T19:17:16.845+0000] {manager.py:879} INFO - 
================================================================================
DAG File Processing Stats

File Path                                PID    Runtime      # DAGs    # Errors  Last Runtime    Last Run
---------------------------------------  -----  ---------  --------  ----------  --------------  -------------------
/opt/airflow/dags/load_to_clickhouse.py                           1           0  8.94s           2025-11-01T19:17:13
/opt/airflow/dags/validate.py                                     1           0  3.33s           2025-11-01T19:17:07
================================================================================
[2025-11-01T19:17:23.993+0000] {manager.py:738} INFO - Searching for files in /opt/airflow/dags
[2025-11-01T19:17:24.090+0000] {manager.py:741} INFO - There are 2 files in /opt/airflow/dags
[2025-11-01T19:17:47.733+0000] {manager.py:879} INFO - 
================================================================================
DAG File Processing Stats

File Path                                  PID  Runtime      # DAGs    # Errors  Last Runtime    Last Run
---------------------------------------  -----  ---------  --------  ----------  --------------  -------------------
/opt/airflow/dags/load_to_clickhouse.py    941  3.13s             1           0  8.94s           2025-11-01T19:17:13
/opt/airflow/dags/validate.py                                     1           0  2.23s           2025-11-01T19:17:40
================================================================================
[2025-11-01T19:18:18.163+0000] {manager.py:879} INFO - 
================================================================================
DAG File Processing Stats

File Path                                  PID  Runtime      # DAGs    # Errors  Last Runtime    Last Run
---------------------------------------  -----  ---------  --------  ----------  --------------  -------------------
/opt/airflow/dags/load_to_clickhouse.py                           1           0  14.11s          2025-11-01T19:17:58
/opt/airflow/dags/validate.py              947  4.18s             1           0  2.23s           2025-11-01T19:17:40
================================================================================
[2025-11-01T19:18:48.496+0000] {manager.py:879} INFO - 
================================================================================
DAG File Processing Stats

File Path                                PID    Runtime      # DAGs    # Errors  Last Runtime    Last Run
---------------------------------------  -----  ---------  --------  ----------  --------------  -------------------
/opt/airflow/dags/load_to_clickhouse.py                           1           0  2.60s           2025-11-01T19:18:31
/opt/airflow/dags/validate.py                                     1           0  10.87s          2025-11-01T19:18:24
================================================================================
[2025-11-01T19:19:18.769+0000] {manager.py:879} INFO - 
================================================================================
DAG File Processing Stats

File Path                                PID    Runtime      # DAGs    # Errors  Last Runtime    Last Run
---------------------------------------  -----  ---------  --------  ----------  --------------  -------------------
/opt/airflow/dags/load_to_clickhouse.py                           1           0  3.75s           2025-11-01T19:19:05
/opt/airflow/dags/validate.py                                     1           0  3.46s           2025-11-01T19:18:58
================================================================================
[2025-11-01T19:19:49.022+0000] {manager.py:879} INFO - 
================================================================================
DAG File Processing Stats

File Path                                PID    Runtime      # DAGs    # Errors  Last Runtime    Last Run
---------------------------------------  -----  ---------  --------  ----------  --------------  -------------------
/opt/airflow/dags/load_to_clickhouse.py                           1           0  2.92s           2025-11-01T19:19:38
/opt/airflow/dags/validate.py                                     1           0  3.27s           2025-11-01T19:19:32
================================================================================
[2025-11-01T19:20:19.238+0000] {manager.py:879} INFO - 
================================================================================
DAG File Processing Stats

File Path                                  PID  Runtime      # DAGs    # Errors  Last Runtime    Last Run
---------------------------------------  -----  ---------  --------  ----------  --------------  -------------------
/opt/airflow/dags/load_to_clickhouse.py    989  10.25s            1           0  2.92s           2025-11-01T19:19:38
/opt/airflow/dags/validate.py                                     1           0  3.53s           2025-11-01T19:20:07
================================================================================
[2025-11-01T19:20:49.428+0000] {manager.py:879} INFO - 
================================================================================
DAG File Processing Stats

File Path                                PID    Runtime      # DAGs    # Errors  Last Runtime    Last Run
---------------------------------------  -----  ---------  --------  ----------  --------------  -------------------
/opt/airflow/dags/load_to_clickhouse.py                           1           0  14.60s          2025-11-01T19:20:23
/opt/airflow/dags/validate.py                                     1           0  10.46s          2025-11-01T19:20:48
================================================================================
[2025-11-01T19:21:19.782+0000] {manager.py:879} INFO - 
================================================================================
DAG File Processing Stats

File Path                                  PID  Runtime      # DAGs    # Errors  Last Runtime    Last Run
---------------------------------------  -----  ---------  --------  ----------  --------------  -------------------
/opt/airflow/dags/load_to_clickhouse.py                           1           0  3.20s           2025-11-01T19:20:57
/opt/airflow/dags/validate.py             1007  0.19s             1           0  10.46s          2025-11-01T19:20:48
================================================================================
[2025-11-01T19:21:50.529+0000] {manager.py:879} INFO - 
================================================================================
DAG File Processing Stats

File Path                                PID    Runtime      # DAGs    # Errors  Last Runtime    Last Run
---------------------------------------  -----  ---------  --------  ----------  --------------  -------------------
/opt/airflow/dags/load_to_clickhouse.py                           1           0  10.81s          2025-11-01T19:21:39
/opt/airflow/dags/validate.py                                     1           0  4.40s           2025-11-01T19:21:23
================================================================================
[2025-11-01T19:22:21.217+0000] {manager.py:879} INFO - 
================================================================================
DAG File Processing Stats

File Path                                PID    Runtime      # DAGs    # Errors  Last Runtime    Last Run
---------------------------------------  -----  ---------  --------  ----------  --------------  -------------------
/opt/airflow/dags/load_to_clickhouse.py                           1           0  3.49s           2025-11-01T19:22:13
/opt/airflow/dags/validate.py                                     1           0  2.80s           2025-11-01T19:21:57
================================================================================
[2025-11-01T19:22:24.272+0000] {manager.py:738} INFO - Searching for files in /opt/airflow/dags
[2025-11-01T19:22:24.447+0000] {manager.py:741} INFO - There are 2 files in /opt/airflow/dags
[2025-11-01T19:22:51.342+0000] {manager.py:879} INFO - 
================================================================================
DAG File Processing Stats

File Path                                  PID  Runtime      # DAGs    # Errors  Last Runtime    Last Run
---------------------------------------  -----  ---------  --------  ----------  --------------  -------------------
/opt/airflow/dags/load_to_clickhouse.py   1037  7.91s             1           0  3.49s           2025-11-01T19:22:13
/opt/airflow/dags/validate.py                                     1           0  2.46s           2025-11-01T19:22:30
================================================================================
[2025-11-01T19:23:21.473+0000] {manager.py:879} INFO - 
================================================================================
DAG File Processing Stats

File Path                                PID    Runtime      # DAGs    # Errors  Last Runtime    Last Run
---------------------------------------  -----  ---------  --------  ----------  --------------  -------------------
/opt/airflow/dags/load_to_clickhouse.py                           1           0  10.50s          2025-11-01T19:22:53
/opt/airflow/dags/validate.py                                     1           0  1.70s           2025-11-01T19:23:02
================================================================================
[2025-11-01T19:23:52.223+0000] {manager.py:879} INFO - 
================================================================================
DAG File Processing Stats

File Path                                PID    Runtime      # DAGs    # Errors  Last Runtime    Last Run
---------------------------------------  -----  ---------  --------  ----------  --------------  -------------------
/opt/airflow/dags/load_to_clickhouse.py                           1           0  2.80s           2025-11-01T19:23:26
/opt/airflow/dags/validate.py                                     1           0  1.39s           2025-11-01T19:23:34
================================================================================
[2025-11-01T19:24:22.713+0000] {manager.py:879} INFO - 
================================================================================
DAG File Processing Stats

File Path                                PID    Runtime      # DAGs    # Errors  Last Runtime    Last Run
---------------------------------------  -----  ---------  --------  ----------  --------------  -------------------
/opt/airflow/dags/load_to_clickhouse.py                           1           0  1.42s           2025-11-01T19:23:58
/opt/airflow/dags/validate.py                                     1           0  1.24s           2025-11-01T19:24:05
================================================================================
[2025-11-01T19:24:52.641+0000] {manager.py:879} INFO - 
================================================================================
DAG File Processing Stats

File Path                                PID    Runtime      # DAGs    # Errors  Last Runtime    Last Run
---------------------------------------  -----  ---------  --------  ----------  --------------  -------------------
/opt/airflow/dags/load_to_clickhouse.py                           1           0  2.22s           2025-11-01T19:24:31
/opt/airflow/dags/validate.py                                     1           0  1.25s           2025-11-01T19:24:37
================================================================================
[2025-11-01T19:25:22.976+0000] {manager.py:879} INFO - 
================================================================================
DAG File Processing Stats

File Path                                PID    Runtime      # DAGs    # Errors  Last Runtime    Last Run
---------------------------------------  -----  ---------  --------  ----------  --------------  -------------------
/opt/airflow/dags/load_to_clickhouse.py                           1           0  1.78s           2025-11-01T19:25:03
/opt/airflow/dags/validate.py                                     1           0  0.95s           2025-11-01T19:25:08
================================================================================
[2025-11-01T19:25:53.303+0000] {manager.py:879} INFO - 
================================================================================
DAG File Processing Stats

File Path                                PID    Runtime      # DAGs    # Errors  Last Runtime    Last Run
---------------------------------------  -----  ---------  --------  ----------  --------------  -------------------
/opt/airflow/dags/load_to_clickhouse.py                           1           0  1.73s           2025-11-01T19:25:35
/opt/airflow/dags/validate.py                                     1           0  0.94s           2025-11-01T19:25:40
================================================================================
[2025-11-01T19:26:23.921+0000] {manager.py:879} INFO - 
================================================================================
DAG File Processing Stats

File Path                                PID    Runtime      # DAGs    # Errors  Last Runtime    Last Run
---------------------------------------  -----  ---------  --------  ----------  --------------  -------------------
/opt/airflow/dags/load_to_clickhouse.py                           1           0  3.14s           2025-11-01T19:26:08
/opt/airflow/dags/validate.py                                     1           0  1.32s           2025-11-01T19:26:11
================================================================================
[2025-11-01T19:26:53.840+0000] {manager.py:879} INFO - 
================================================================================
DAG File Processing Stats

File Path                                PID    Runtime      # DAGs    # Errors  Last Runtime    Last Run
---------------------------------------  -----  ---------  --------  ----------  --------------  -------------------
/opt/airflow/dags/load_to_clickhouse.py                           1           0  1.34s           2025-11-01T19:26:40
/opt/airflow/dags/validate.py                                     1           0  1.45s           2025-11-01T19:26:43
================================================================================
[2025-11-01T19:27:24.124+0000] {manager.py:879} INFO - 
================================================================================
DAG File Processing Stats

File Path                                PID    Runtime      # DAGs    # Errors  Last Runtime    Last Run
---------------------------------------  -----  ---------  --------  ----------  --------------  -------------------
/opt/airflow/dags/load_to_clickhouse.py                           1           0  1.35s           2025-11-01T19:27:12
/opt/airflow/dags/validate.py                                     1           0  0.91s           2025-11-01T19:27:14
================================================================================
[2025-11-01T19:27:24.367+0000] {manager.py:738} INFO - Searching for files in /opt/airflow/dags
[2025-11-01T19:27:24.470+0000] {manager.py:741} INFO - There are 2 files in /opt/airflow/dags
[2025-11-01T19:27:54.387+0000] {manager.py:879} INFO - 
================================================================================
DAG File Processing Stats

File Path                                PID    Runtime      # DAGs    # Errors  Last Runtime    Last Run
---------------------------------------  -----  ---------  --------  ----------  --------------  -------------------
/opt/airflow/dags/load_to_clickhouse.py                           1           0  1.89s           2025-11-01T19:27:44
/opt/airflow/dags/validate.py                                     1           0  0.95s           2025-11-01T19:27:46
================================================================================
[2025-11-01T19:28:24.351+0000] {manager.py:879} INFO - 
================================================================================
DAG File Processing Stats

File Path                                PID    Runtime      # DAGs    # Errors  Last Runtime    Last Run
---------------------------------------  -----  ---------  --------  ----------  --------------  -------------------
/opt/airflow/dags/load_to_clickhouse.py                           1           0  2.86s           2025-11-01T19:28:17
/opt/airflow/dags/validate.py                                     1           0  1.73s           2025-11-01T19:28:18
================================================================================
[2025-11-01T19:28:54.838+0000] {manager.py:879} INFO - 
================================================================================
DAG File Processing Stats

File Path                                PID    Runtime      # DAGs    # Errors  Last Runtime    Last Run
---------------------------------------  -----  ---------  --------  ----------  --------------  -------------------
/opt/airflow/dags/load_to_clickhouse.py                           1           0  1.39s           2025-11-01T19:28:49
/opt/airflow/dags/validate.py                                     1           0  1.30s           2025-11-01T19:28:49
================================================================================
[2025-11-01T19:29:25.380+0000] {manager.py:879} INFO - 
================================================================================
DAG File Processing Stats

File Path                                PID    Runtime      # DAGs    # Errors  Last Runtime    Last Run
---------------------------------------  -----  ---------  --------  ----------  --------------  -------------------
/opt/airflow/dags/load_to_clickhouse.py                           1           0  1.31s           2025-11-01T19:29:20
/opt/airflow/dags/validate.py                                     1           0  1.27s           2025-11-01T19:29:21
================================================================================
[2025-11-01T19:29:55.689+0000] {manager.py:879} INFO - 
================================================================================
DAG File Processing Stats

File Path                                PID    Runtime      # DAGs    # Errors  Last Runtime    Last Run
---------------------------------------  -----  ---------  --------  ----------  --------------  -------------------
/opt/airflow/dags/load_to_clickhouse.py                           1           0  2.21s           2025-11-01T19:29:52
/opt/airflow/dags/validate.py                                     1           0  1.86s           2025-11-01T19:29:53
================================================================================
[2025-11-01T19:30:26.026+0000] {manager.py:879} INFO - 
================================================================================
DAG File Processing Stats

File Path                                PID    Runtime      # DAGs    # Errors  Last Runtime    Last Run
---------------------------------------  -----  ---------  --------  ----------  --------------  -------------------
/opt/airflow/dags/load_to_clickhouse.py                           1           0  1.96s           2025-11-01T19:30:24
/opt/airflow/dags/validate.py                                     1           0  1.04s           2025-11-01T19:30:25
================================================================================
[2025-11-01T19:30:56.606+0000] {manager.py:879} INFO - 
================================================================================
DAG File Processing Stats

File Path                                  PID  Runtime      # DAGs    # Errors  Last Runtime    Last Run
---------------------------------------  -----  ---------  --------  ----------  --------------  -------------------
/opt/airflow/dags/load_to_clickhouse.py   1220  1.05s             1           0  1.96s           2025-11-01T19:30:24
/opt/airflow/dags/validate.py             1217  1.09s             1           0  1.04s           2025-11-01T19:30:25
================================================================================
[2025-11-01T19:31:26.597+0000] {manager.py:879} INFO - 
================================================================================
DAG File Processing Stats

File Path                                PID    Runtime      # DAGs    # Errors  Last Runtime    Last Run
---------------------------------------  -----  ---------  --------  ----------  --------------  -------------------
/opt/airflow/dags/load_to_clickhouse.py                           1           0  6.75s           2025-11-01T19:31:02
/opt/airflow/dags/validate.py                                     1           0  6.68s           2025-11-01T19:31:02
================================================================================
[2025-11-01T19:31:56.858+0000] {manager.py:879} INFO - 
================================================================================
DAG File Processing Stats

File Path                                PID    Runtime      # DAGs    # Errors  Last Runtime    Last Run
---------------------------------------  -----  ---------  --------  ----------  --------------  -------------------
/opt/airflow/dags/load_to_clickhouse.py                           1           0  5.90s           2025-11-01T19:31:38
/opt/airflow/dags/validate.py                                     1           0  5.79s           2025-11-01T19:31:38
================================================================================
[2025-11-01T19:32:24.627+0000] {manager.py:738} INFO - Searching for files in /opt/airflow/dags
[2025-11-01T19:32:26.505+0000] {manager.py:741} INFO - There are 2 files in /opt/airflow/dags
[2025-11-01T19:32:28.659+0000] {manager.py:879} INFO - 
================================================================================
DAG File Processing Stats

File Path                                PID    Runtime      # DAGs    # Errors  Last Runtime    Last Run
---------------------------------------  -----  ---------  --------  ----------  --------------  -------------------
/opt/airflow/dags/load_to_clickhouse.py                           1           0  2.28s           2025-11-01T19:32:11
/opt/airflow/dags/validate.py                                     1           0  3.92s           2025-11-01T19:32:12
================================================================================
[2025-11-01T19:32:59.350+0000] {manager.py:879} INFO - 
================================================================================
DAG File Processing Stats

File Path                                PID    Runtime      # DAGs    # Errors  Last Runtime    Last Run
---------------------------------------  -----  ---------  --------  ----------  --------------  -------------------
/opt/airflow/dags/load_to_clickhouse.py                           1           0  3.41s           2025-11-01T19:32:45
/opt/airflow/dags/validate.py                                     1           0  1.30s           2025-11-01T19:32:44
================================================================================
[2025-11-01T19:33:29.898+0000] {manager.py:879} INFO - 
================================================================================
DAG File Processing Stats

File Path                                PID    Runtime      # DAGs    # Errors  Last Runtime    Last Run
---------------------------------------  -----  ---------  --------  ----------  --------------  -------------------
/opt/airflow/dags/load_to_clickhouse.py                           1           0  2.99s           2025-11-01T19:33:18
/opt/airflow/dags/validate.py                                     1           0  2.04s           2025-11-01T19:33:16
================================================================================
[2025-11-01T19:34:00.117+0000] {manager.py:879} INFO - 
================================================================================
DAG File Processing Stats

File Path                                PID    Runtime      # DAGs    # Errors  Last Runtime    Last Run
---------------------------------------  -----  ---------  --------  ----------  --------------  -------------------
/opt/airflow/dags/load_to_clickhouse.py                           1           0  2.12s           2025-11-01T19:33:51
/opt/airflow/dags/validate.py                                     1           0  1.75s           2025-11-01T19:33:48
================================================================================
[2025-11-01T19:34:30.008+0000] {manager.py:879} INFO - 
================================================================================
DAG File Processing Stats

File Path                                PID    Runtime      # DAGs    # Errors  Last Runtime    Last Run
---------------------------------------  -----  ---------  --------  ----------  --------------  -------------------
/opt/airflow/dags/load_to_clickhouse.py                           1           0  3.89s           2025-11-01T19:34:25
/opt/airflow/dags/validate.py                                     1           0  5.55s           2025-11-01T19:34:24
================================================================================
[2025-11-01T19:35:00.103+0000] {manager.py:879} INFO - 
================================================================================
DAG File Processing Stats

File Path                                PID    Runtime      # DAGs    # Errors  Last Runtime    Last Run
---------------------------------------  -----  ---------  --------  ----------  --------------  -------------------
/opt/airflow/dags/load_to_clickhouse.py                           1           0  1.31s           2025-11-01T19:34:57
/opt/airflow/dags/validate.py                                     1           0  1.32s           2025-11-01T19:34:56
================================================================================
[2025-11-01T19:35:30.332+0000] {manager.py:879} INFO - 
================================================================================
DAG File Processing Stats

File Path                                PID    Runtime      # DAGs    # Errors  Last Runtime    Last Run
---------------------------------------  -----  ---------  --------  ----------  --------------  -------------------
/opt/airflow/dags/load_to_clickhouse.py                           1           0  1.83s           2025-11-01T19:35:29
/opt/airflow/dags/validate.py                                     1           0  0.92s           2025-11-01T19:35:27
================================================================================
[2025-11-01T19:36:00.589+0000] {manager.py:879} INFO - 
================================================================================
DAG File Processing Stats

File Path                                  PID  Runtime      # DAGs    # Errors  Last Runtime    Last Run
---------------------------------------  -----  ---------  --------  ----------  --------------  -------------------
/opt/airflow/dags/load_to_clickhouse.py   1329  1.03s             1           0  1.83s           2025-11-01T19:35:29
/opt/airflow/dags/validate.py                                     1           0  1.16s           2025-11-01T19:35:59
================================================================================
[2025-11-01T19:36:30.728+0000] {manager.py:879} INFO - 
================================================================================
DAG File Processing Stats

File Path                                  PID  Runtime      # DAGs    # Errors  Last Runtime    Last Run
---------------------------------------  -----  ---------  --------  ----------  --------------  -------------------
/opt/airflow/dags/load_to_clickhouse.py                           1           0  2.78s           2025-11-01T19:36:02
/opt/airflow/dags/validate.py             1337  0.65s             1           0  1.16s           2025-11-01T19:35:59
================================================================================
[2025-11-01T19:37:00.995+0000] {manager.py:879} INFO - 
================================================================================
DAG File Processing Stats

File Path                                PID    Runtime      # DAGs    # Errors  Last Runtime    Last Run
---------------------------------------  -----  ---------  --------  ----------  --------------  -------------------
/opt/airflow/dags/load_to_clickhouse.py                           1           0  2.84s           2025-11-01T19:36:35
/opt/airflow/dags/validate.py                                     1           0  5.11s           2025-11-01T19:36:35
================================================================================
[2025-11-01T19:37:24.963+0000] {manager.py:738} INFO - Searching for files in /opt/airflow/dags
[2025-11-01T19:37:25.092+0000] {manager.py:741} INFO - There are 2 files in /opt/airflow/dags
[2025-11-01T19:37:31.229+0000] {manager.py:879} INFO - 
================================================================================
DAG File Processing Stats

File Path                                PID    Runtime      # DAGs    # Errors  Last Runtime    Last Run
---------------------------------------  -----  ---------  --------  ----------  --------------  -------------------
/opt/airflow/dags/load_to_clickhouse.py                           1           0  11.25s          2025-11-01T19:37:17
/opt/airflow/dags/validate.py                                     1           0  12.30s          2025-11-01T19:37:17
================================================================================
[2025-11-01T19:38:01.216+0000] {manager.py:879} INFO - 
================================================================================
DAG File Processing Stats

File Path                                PID    Runtime      # DAGs    # Errors  Last Runtime    Last Run
---------------------------------------  -----  ---------  --------  ----------  --------------  -------------------
/opt/airflow/dags/load_to_clickhouse.py                           1           0  2.57s           2025-11-01T19:37:51
/opt/airflow/dags/validate.py                                     1           0  1.55s           2025-11-01T19:37:50
================================================================================
[2025-11-01T19:38:31.394+0000] {manager.py:879} INFO - 
================================================================================
DAG File Processing Stats

File Path                                PID    Runtime      # DAGs    # Errors  Last Runtime    Last Run
---------------------------------------  -----  ---------  --------  ----------  --------------  -------------------
/opt/airflow/dags/load_to_clickhouse.py                           1           0  8.80s           2025-11-01T19:38:30
/opt/airflow/dags/validate.py                                     1           0  4.32s           2025-11-01T19:38:24
================================================================================
[2025-11-01T19:39:01.839+0000] {manager.py:879} INFO - 
================================================================================
DAG File Processing Stats

File Path                                  PID  Runtime      # DAGs    # Errors  Last Runtime    Last Run
---------------------------------------  -----  ---------  --------  ----------  --------------  -------------------
/opt/airflow/dags/load_to_clickhouse.py   1391  1.04s             1           0  8.80s           2025-11-01T19:38:30
/opt/airflow/dags/validate.py                                     1           0  2.76s           2025-11-01T19:38:57
================================================================================
[2025-11-01T19:39:32.562+0000] {manager.py:879} INFO - 
================================================================================
DAG File Processing Stats

File Path                                  PID  Runtime      # DAGs    # Errors  Last Runtime    Last Run
---------------------------------------  -----  ---------  --------  ----------  --------------  -------------------
/opt/airflow/dags/load_to_clickhouse.py   1403  0.02s             1           0  1.50s           2025-11-01T19:39:02
/opt/airflow/dags/validate.py                                     1           0  3.31s           2025-11-01T19:39:31
================================================================================
[2025-11-01T19:40:02.562+0000] {manager.py:879} INFO - 
================================================================================
DAG File Processing Stats

File Path                                  PID  Runtime      # DAGs    # Errors  Last Runtime    Last Run
---------------------------------------  -----  ---------  --------  ----------  --------------  -------------------
/opt/airflow/dags/load_to_clickhouse.py                           1           0  1.43s           2025-11-01T19:39:33
/opt/airflow/dags/validate.py             1409  0.20s             1           0  3.31s           2025-11-01T19:39:31
================================================================================
[2025-11-01T19:40:32.964+0000] {manager.py:879} INFO - 
================================================================================
DAG File Processing Stats

File Path                                PID    Runtime      # DAGs    # Errors  Last Runtime    Last Run
---------------------------------------  -----  ---------  --------  ----------  --------------  -------------------
/opt/airflow/dags/load_to_clickhouse.py                           1           0  1.69s           2025-11-01T19:40:06
/opt/airflow/dags/validate.py                                     1           0  0.95s           2025-11-01T19:40:03
================================================================================
[2025-11-01T19:41:03.346+0000] {manager.py:879} INFO - 
================================================================================
DAG File Processing Stats

File Path                                PID    Runtime      # DAGs    # Errors  Last Runtime    Last Run
---------------------------------------  -----  ---------  --------  ----------  --------------  -------------------
/opt/airflow/dags/load_to_clickhouse.py                           1           0  1.93s           2025-11-01T19:40:38
/opt/airflow/dags/validate.py                                     1           0  1.37s           2025-11-01T19:40:34
================================================================================
[2025-11-01T19:41:33.275+0000] {manager.py:879} INFO - 
================================================================================
DAG File Processing Stats

File Path                                PID    Runtime      # DAGs    # Errors  Last Runtime    Last Run
---------------------------------------  -----  ---------  --------  ----------  --------------  -------------------
/opt/airflow/dags/load_to_clickhouse.py                           1           0  2.42s           2025-11-01T19:41:10
/opt/airflow/dags/validate.py                                     1           0  1.22s           2025-11-01T19:41:06
================================================================================
[2025-11-01T19:42:03.483+0000] {manager.py:879} INFO - 
================================================================================
DAG File Processing Stats

File Path                                PID    Runtime      # DAGs    # Errors  Last Runtime    Last Run
---------------------------------------  -----  ---------  --------  ----------  --------------  -------------------
/opt/airflow/dags/load_to_clickhouse.py                           1           0  1.26s           2025-11-01T19:41:42
/opt/airflow/dags/validate.py                                     1           0  1.30s           2025-11-01T19:41:38
================================================================================
[2025-11-01T19:42:24.979+0000] {manager.py:738} INFO - Searching for files in /opt/airflow/dags
[2025-11-01T19:42:25.210+0000] {manager.py:741} INFO - There are 2 files in /opt/airflow/dags
[2025-11-01T19:42:33.886+0000] {manager.py:879} INFO - 
================================================================================
DAG File Processing Stats

File Path                                PID    Runtime      # DAGs    # Errors  Last Runtime    Last Run
---------------------------------------  -----  ---------  --------  ----------  --------------  -------------------
/opt/airflow/dags/load_to_clickhouse.py                           1           0  12.10s          2025-11-01T19:42:25
/opt/airflow/dags/validate.py                                     1           0  11.45s          2025-11-01T19:42:19
================================================================================
[2025-11-01T19:43:04.134+0000] {manager.py:879} INFO - 
================================================================================
DAG File Processing Stats

File Path                                PID    Runtime      # DAGs    # Errors  Last Runtime    Last Run
---------------------------------------  -----  ---------  --------  ----------  --------------  -------------------
/opt/airflow/dags/load_to_clickhouse.py                           1           0  2.93s           2025-11-01T19:42:59
/opt/airflow/dags/validate.py                                     1           0  0.93s           2025-11-01T19:42:51
================================================================================
[2025-11-01T19:43:35.118+0000] {manager.py:879} INFO - 
================================================================================
DAG File Processing Stats

File Path                                  PID  Runtime      # DAGs    # Errors  Last Runtime    Last Run
---------------------------------------  -----  ---------  --------  ----------  --------------  -------------------
/opt/airflow/dags/load_to_clickhouse.py   1487  4.93s             1           0  2.93s           2025-11-01T19:42:59
/opt/airflow/dags/validate.py                                     1           0  3.01s           2025-11-01T19:43:24
================================================================================
[2025-11-01T19:44:05.628+0000] {manager.py:879} INFO - 
================================================================================
DAG File Processing Stats

File Path                                PID    Runtime      # DAGs    # Errors  Last Runtime    Last Run
---------------------------------------  -----  ---------  --------  ----------  --------------  -------------------
/opt/airflow/dags/load_to_clickhouse.py                           1           0  10.77s          2025-11-01T19:43:40
/opt/airflow/dags/validate.py                                     1           0  2.21s           2025-11-01T19:43:56
================================================================================
[2025-11-01T19:44:35.833+0000] {manager.py:879} INFO - 
================================================================================
DAG File Processing Stats

File Path                                PID    Runtime      # DAGs    # Errors  Last Runtime    Last Run
---------------------------------------  -----  ---------  --------  ----------  --------------  -------------------
/opt/airflow/dags/load_to_clickhouse.py                           1           0  3.63s           2025-11-01T19:44:14
/opt/airflow/dags/validate.py                                     1           0  1.93s           2025-11-01T19:44:28
================================================================================
[2025-11-01T19:45:06.268+0000] {manager.py:879} INFO - 
================================================================================
DAG File Processing Stats

File Path                                PID    Runtime      # DAGs    # Errors  Last Runtime    Last Run
---------------------------------------  -----  ---------  --------  ----------  --------------  -------------------
/opt/airflow/dags/load_to_clickhouse.py                           1           0  1.55s           2025-11-01T19:44:46
/opt/airflow/dags/validate.py                                     1           0  1.12s           2025-11-01T19:45:00
================================================================================
[2025-11-01T19:45:36.607+0000] {manager.py:879} INFO - 
================================================================================
DAG File Processing Stats

File Path                                PID    Runtime      # DAGs    # Errors  Last Runtime    Last Run
---------------------------------------  -----  ---------  --------  ----------  --------------  -------------------
/opt/airflow/dags/load_to_clickhouse.py                           1           0  7.76s           2025-11-01T19:45:25
/opt/airflow/dags/validate.py                                     1           0  1.85s           2025-11-01T19:45:33
================================================================================
[2025-11-01T19:46:06.849+0000] {manager.py:879} INFO - 
================================================================================
DAG File Processing Stats

File Path                                PID    Runtime      # DAGs    # Errors  Last Runtime    Last Run
---------------------------------------  -----  ---------  --------  ----------  --------------  -------------------
/opt/airflow/dags/load_to_clickhouse.py                           1           0  3.68s           2025-11-01T19:45:59
/opt/airflow/dags/validate.py                                     1           0  1.66s           2025-11-01T19:46:04
================================================================================
[2025-11-01T19:46:37.561+0000] {manager.py:879} INFO - 
================================================================================
DAG File Processing Stats

File Path                                  PID  Runtime      # DAGs    # Errors  Last Runtime    Last Run
---------------------------------------  -----  ---------  --------  ----------  --------------  -------------------
/opt/airflow/dags/load_to_clickhouse.py   1547  6.85s             1           0  3.68s           2025-11-01T19:45:59
/opt/airflow/dags/validate.py             1550  0.73s             1           0  1.66s           2025-11-01T19:46:04
================================================================================
[2025-11-01T19:47:08.125+0000] {manager.py:879} INFO - 
================================================================================
DAG File Processing Stats

File Path                                PID    Runtime      # DAGs    # Errors  Last Runtime    Last Run
---------------------------------------  -----  ---------  --------  ----------  --------------  -------------------
/opt/airflow/dags/load_to_clickhouse.py                           1           0  16.72s          2025-11-01T19:46:47
/opt/airflow/dags/validate.py                                     1           0  10.55s          2025-11-01T19:46:47
================================================================================
[2025-11-01T19:47:25.362+0000] {manager.py:738} INFO - Searching for files in /opt/airflow/dags
[2025-11-01T19:47:25.473+0000] {manager.py:741} INFO - There are 2 files in /opt/airflow/dags
[2025-11-01T19:47:38.689+0000] {manager.py:879} INFO - 
================================================================================
DAG File Processing Stats

File Path                                PID    Runtime      # DAGs    # Errors  Last Runtime    Last Run
---------------------------------------  -----  ---------  --------  ----------  --------------  -------------------
/opt/airflow/dags/load_to_clickhouse.py                           1           0  7.83s           2025-11-01T19:47:25
/opt/airflow/dags/validate.py                                     1           0  7.72s           2025-11-01T19:47:25
================================================================================
[2025-11-01T19:48:08.748+0000] {manager.py:879} INFO - 
================================================================================
DAG File Processing Stats

File Path                                PID    Runtime      # DAGs    # Errors  Last Runtime    Last Run
---------------------------------------  -----  ---------  --------  ----------  --------------  -------------------
/opt/airflow/dags/load_to_clickhouse.py                           1           0  3.73s           2025-11-01T19:47:59
/opt/airflow/dags/validate.py                                     1           0  3.35s           2025-11-01T19:47:58
================================================================================
[2025-11-01T19:48:38.949+0000] {manager.py:879} INFO - 
================================================================================
DAG File Processing Stats

File Path                                PID    Runtime      # DAGs    # Errors  Last Runtime    Last Run
---------------------------------------  -----  ---------  --------  ----------  --------------  -------------------
/opt/airflow/dags/load_to_clickhouse.py                           1           0  2.85s           2025-11-01T19:48:32
/opt/airflow/dags/validate.py                                     1           0  2.48s           2025-11-01T19:48:31
================================================================================
[2025-11-01T19:49:08.905+0000] {manager.py:879} INFO - 
================================================================================
DAG File Processing Stats

File Path                                PID    Runtime      # DAGs    # Errors  Last Runtime    Last Run
---------------------------------------  -----  ---------  --------  ----------  --------------  -------------------
/opt/airflow/dags/load_to_clickhouse.py                           1           0  1.93s           2025-11-01T19:49:04
/opt/airflow/dags/validate.py                                     1           0  2.22s           2025-11-01T19:49:04
================================================================================
[2025-11-01T19:49:39.498+0000] {manager.py:879} INFO - 
================================================================================
DAG File Processing Stats

File Path                                PID    Runtime      # DAGs    # Errors  Last Runtime    Last Run
---------------------------------------  -----  ---------  --------  ----------  --------------  -------------------
/opt/airflow/dags/load_to_clickhouse.py                           1           0  1.50s           2025-11-01T19:49:36
/opt/airflow/dags/validate.py                                     1           0  1.15s           2025-11-01T19:49:35
================================================================================
[2025-11-01T19:50:09.807+0000] {manager.py:879} INFO - 
================================================================================
DAG File Processing Stats

File Path                                PID    Runtime      # DAGs    # Errors  Last Runtime    Last Run
---------------------------------------  -----  ---------  --------  ----------  --------------  -------------------
/opt/airflow/dags/load_to_clickhouse.py                           1           0  2.05s           2025-11-01T19:50:08
/opt/airflow/dags/validate.py                                     1           0  1.92s           2025-11-01T19:50:07
================================================================================
[2025-11-01T19:50:40.033+0000] {manager.py:879} INFO - 
================================================================================
DAG File Processing Stats

File Path                                  PID  Runtime      # DAGs    # Errors  Last Runtime    Last Run
---------------------------------------  -----  ---------  --------  ----------  --------------  -------------------
/opt/airflow/dags/load_to_clickhouse.py   1637  1.03s             1           0  2.05s           2025-11-01T19:50:08
/opt/airflow/dags/validate.py                                     1           0  0.80s           2025-11-01T19:50:38
================================================================================
[2025-11-01T19:51:10.920+0000] {manager.py:879} INFO - 
================================================================================
DAG File Processing Stats

File Path                                  PID  Runtime      # DAGs    # Errors  Last Runtime    Last Run
---------------------------------------  -----  ---------  --------  ----------  --------------  -------------------
/opt/airflow/dags/load_to_clickhouse.py   1647  0.08s             1           0  1.50s           2025-11-01T19:50:40
/opt/airflow/dags/validate.py             1643  1.15s             1           0  0.80s           2025-11-01T19:50:38
================================================================================
[2025-11-01T19:51:41.494+0000] {manager.py:879} INFO - 
================================================================================
DAG File Processing Stats

File Path                                  PID  Runtime      # DAGs    # Errors  Last Runtime    Last Run
---------------------------------------  -----  ---------  --------  ----------  --------------  -------------------
/opt/airflow/dags/load_to_clickhouse.py                           1           0  2.40s           2025-11-01T19:51:13
/opt/airflow/dags/validate.py             1655  0.02s             1           0  1.67s           2025-11-01T19:51:11
================================================================================
[2025-11-01T19:52:12.096+0000] {manager.py:879} INFO - 
================================================================================
DAG File Processing Stats

File Path                                PID    Runtime      # DAGs    # Errors  Last Runtime    Last Run
---------------------------------------  -----  ---------  --------  ----------  --------------  -------------------
/opt/airflow/dags/load_to_clickhouse.py                           1           0  2.26s           2025-11-01T19:51:45
/opt/airflow/dags/validate.py                                     1           0  2.22s           2025-11-01T19:51:43
================================================================================
[2025-11-01T19:52:26.588+0000] {manager.py:738} INFO - Searching for files in /opt/airflow/dags
[2025-11-01T19:52:28.664+0000] {manager.py:741} INFO - There are 2 files in /opt/airflow/dags
[2025-11-01T19:52:42.142+0000] {manager.py:879} INFO - 
================================================================================
DAG File Processing Stats

File Path                                PID    Runtime      # DAGs    # Errors  Last Runtime    Last Run
---------------------------------------  -----  ---------  --------  ----------  --------------  -------------------
/opt/airflow/dags/load_to_clickhouse.py                           1           0  3.20s           2025-11-01T19:52:19
/opt/airflow/dags/validate.py                                     1           0  4.16s           2025-11-01T19:52:18
================================================================================
[2025-11-01T19:53:12.144+0000] {manager.py:879} INFO - 
================================================================================
DAG File Processing Stats

File Path                                PID    Runtime      # DAGs    # Errors  Last Runtime    Last Run
---------------------------------------  -----  ---------  --------  ----------  --------------  -------------------
/opt/airflow/dags/load_to_clickhouse.py                           1           0  18.51s          2025-11-01T19:53:12
/opt/airflow/dags/validate.py                                     1           0  22.31s          2025-11-01T19:53:11
================================================================================
[2025-11-01T19:53:42.650+0000] {manager.py:879} INFO - 
================================================================================
DAG File Processing Stats

File Path                                  PID  Runtime      # DAGs    # Errors  Last Runtime    Last Run
---------------------------------------  -----  ---------  --------  ----------  --------------  -------------------
/opt/airflow/dags/load_to_clickhouse.py   1694  0.04s             1           0  18.51s          2025-11-01T19:53:12
/opt/airflow/dags/validate.py             1691  0.12s             1           0  22.31s          2025-11-01T19:53:11
================================================================================
[2025-11-01T19:54:13.360+0000] {manager.py:879} INFO - 
================================================================================
DAG File Processing Stats

File Path                                PID    Runtime      # DAGs    # Errors  Last Runtime    Last Run
---------------------------------------  -----  ---------  --------  ----------  --------------  -------------------
/opt/airflow/dags/load_to_clickhouse.py                           1           0  2.40s           2025-11-01T19:53:44
/opt/airflow/dags/validate.py                                     1           0  2.44s           2025-11-01T19:53:44
================================================================================
[2025-11-01T19:54:43.684+0000] {manager.py:879} INFO - 
================================================================================
DAG File Processing Stats

File Path                                PID    Runtime      # DAGs    # Errors  Last Runtime    Last Run
---------------------------------------  -----  ---------  --------  ----------  --------------  -------------------
/opt/airflow/dags/load_to_clickhouse.py                           1           0  13.60s          2025-11-01T19:54:29
/opt/airflow/dags/validate.py                                     1           0  13.74s          2025-11-01T19:54:29
================================================================================
[2025-11-01T19:55:14.554+0000] {manager.py:879} INFO - 
================================================================================
DAG File Processing Stats

File Path                                  PID  Runtime      # DAGs    # Errors  Last Runtime    Last Run
---------------------------------------  -----  ---------  --------  ----------  --------------  -------------------
/opt/airflow/dags/load_to_clickhouse.py   1718  13.74s            1           0  13.60s          2025-11-01T19:54:29
/opt/airflow/dags/validate.py             1715  13.94s            1           0  13.74s          2025-11-01T19:54:29
================================================================================
[2025-11-01T19:55:45.386+0000] {manager.py:879} INFO - 
================================================================================
DAG File Processing Stats

File Path                                PID    Runtime      # DAGs    # Errors  Last Runtime    Last Run
---------------------------------------  -----  ---------  --------  ----------  --------------  -------------------
/opt/airflow/dags/load_to_clickhouse.py                           1           0  19.91s          2025-11-01T19:55:20
/opt/airflow/dags/validate.py                                     1           0  19.96s          2025-11-01T19:55:20
================================================================================
[2025-11-01T19:56:15.535+0000] {manager.py:879} INFO - 
================================================================================
DAG File Processing Stats

File Path                                PID    Runtime      # DAGs    # Errors  Last Runtime    Last Run
---------------------------------------  -----  ---------  --------  ----------  --------------  -------------------
/opt/airflow/dags/load_to_clickhouse.py                           1           0  21.80s          2025-11-01T19:56:12
/opt/airflow/dags/validate.py                                     1           0  18.28s          2025-11-01T19:56:08
================================================================================
[2025-11-01T19:56:45.974+0000] {manager.py:879} INFO - 
================================================================================
DAG File Processing Stats

File Path                                PID    Runtime      # DAGs    # Errors  Last Runtime    Last Run
---------------------------------------  -----  ---------  --------  ----------  --------------  -------------------
/opt/airflow/dags/load_to_clickhouse.py                           1           0  2.20s           2025-11-01T19:56:45
/opt/airflow/dags/validate.py                                     1           0  1.59s           2025-11-01T19:56:40
================================================================================
[2025-11-01T19:57:17.477+0000] {manager.py:879} INFO - 
================================================================================
DAG File Processing Stats

File Path                                  PID  Runtime      # DAGs    # Errors  Last Runtime    Last Run
---------------------------------------  -----  ---------  --------  ----------  --------------  -------------------
/opt/airflow/dags/load_to_clickhouse.py   1754  0.85s             1           0  2.20s           2025-11-01T19:56:45
/opt/airflow/dags/validate.py             1751  4.56s             1           0  1.59s           2025-11-01T19:56:40
================================================================================
[2025-11-01T19:57:26.672+0000] {manager.py:738} INFO - Searching for files in /opt/airflow/dags
[2025-11-01T19:57:26.792+0000] {manager.py:741} INFO - There are 2 files in /opt/airflow/dags
[2025-11-01T19:57:47.552+0000] {manager.py:879} INFO - 
================================================================================
DAG File Processing Stats

File Path                                PID    Runtime      # DAGs    # Errors  Last Runtime    Last Run
---------------------------------------  -----  ---------  --------  ----------  --------------  -------------------
/opt/airflow/dags/load_to_clickhouse.py                           1           0  4.98s           2025-11-01T19:57:21
/opt/airflow/dags/validate.py                                     1           0  8.33s           2025-11-01T19:57:21
================================================================================
[2025-11-01T19:58:17.613+0000] {manager.py:879} INFO - 
================================================================================
DAG File Processing Stats

File Path                                PID    Runtime      # DAGs    # Errors  Last Runtime    Last Run
---------------------------------------  -----  ---------  --------  ----------  --------------  -------------------
/opt/airflow/dags/load_to_clickhouse.py                           1           0  1.64s           2025-11-01T19:57:53
/opt/airflow/dags/validate.py                                     1           0  1.40s           2025-11-01T19:57:53
================================================================================
[2025-11-01T19:58:47.992+0000] {manager.py:879} INFO - 
================================================================================
DAG File Processing Stats

File Path                                PID    Runtime      # DAGs    # Errors  Last Runtime    Last Run
---------------------------------------  -----  ---------  --------  ----------  --------------  -------------------
/opt/airflow/dags/load_to_clickhouse.py                           1           0  1.67s           2025-11-01T19:58:25
/opt/airflow/dags/validate.py                                     1           0  1.30s           2025-11-01T19:58:24
================================================================================
[2025-11-01T19:59:18.242+0000] {manager.py:879} INFO - 
================================================================================
DAG File Processing Stats

File Path                                PID    Runtime      # DAGs    # Errors  Last Runtime    Last Run
---------------------------------------  -----  ---------  --------  ----------  --------------  -------------------
/opt/airflow/dags/load_to_clickhouse.py                           1           0  1.47s           2025-11-01T19:58:57
/opt/airflow/dags/validate.py                                     1           0  0.87s           2025-11-01T19:58:55
================================================================================
[2025-11-01T19:59:48.949+0000] {manager.py:879} INFO - 
================================================================================
DAG File Processing Stats

File Path                                PID    Runtime      # DAGs    # Errors  Last Runtime    Last Run
---------------------------------------  -----  ---------  --------  ----------  --------------  -------------------
/opt/airflow/dags/load_to_clickhouse.py                           1           0  1.46s           2025-11-01T19:59:28
/opt/airflow/dags/validate.py                                     1           0  1.31s           2025-11-01T19:59:27
================================================================================
[2025-11-01T20:00:19.610+0000] {manager.py:879} INFO - 
================================================================================
DAG File Processing Stats

File Path                                PID    Runtime      # DAGs    # Errors  Last Runtime    Last Run
---------------------------------------  -----  ---------  --------  ----------  --------------  -------------------
/opt/airflow/dags/load_to_clickhouse.py                           1           0  3.48s           2025-11-01T20:00:02
/opt/airflow/dags/validate.py                                     1           0  3.27s           2025-11-01T20:00:01
================================================================================
[2025-11-01T20:00:49.748+0000] {manager.py:879} INFO - 
================================================================================
DAG File Processing Stats

File Path                                PID    Runtime      # DAGs    # Errors  Last Runtime    Last Run
---------------------------------------  -----  ---------  --------  ----------  --------------  -------------------
/opt/airflow/dags/load_to_clickhouse.py                           1           0  1.82s           2025-11-01T20:00:34
/opt/airflow/dags/validate.py                                     1           0  1.70s           2025-11-01T20:00:33
================================================================================
[2025-11-01T20:01:19.873+0000] {manager.py:879} INFO - 
================================================================================
DAG File Processing Stats

File Path                                PID    Runtime      # DAGs    # Errors  Last Runtime    Last Run
---------------------------------------  -----  ---------  --------  ----------  --------------  -------------------
/opt/airflow/dags/load_to_clickhouse.py                           1           0  2.73s           2025-11-01T20:01:07
/opt/airflow/dags/validate.py                                     1           0  2.46s           2025-11-01T20:01:06
================================================================================
[2025-11-01T20:01:49.861+0000] {manager.py:879} INFO - 
================================================================================
DAG File Processing Stats

File Path                                PID    Runtime      # DAGs    # Errors  Last Runtime    Last Run
---------------------------------------  -----  ---------  --------  ----------  --------------  -------------------
/opt/airflow/dags/load_to_clickhouse.py                           1           0  7.81s           2025-11-01T20:01:45
/opt/airflow/dags/validate.py                                     1           0  1.33s           2025-11-01T20:01:38
================================================================================
[2025-11-01T20:02:20.940+0000] {manager.py:879} INFO - 
================================================================================
DAG File Processing Stats

File Path                                  PID  Runtime      # DAGs    # Errors  Last Runtime    Last Run
---------------------------------------  -----  ---------  --------  ----------  --------------  -------------------
/opt/airflow/dags/load_to_clickhouse.py   1863  3.03s             1           0  7.81s           2025-11-01T20:01:45
/opt/airflow/dags/validate.py             1859  11.58s            1           0  1.33s           2025-11-01T20:01:38
================================================================================
[2025-11-01T20:02:26.899+0000] {manager.py:738} INFO - Searching for files in /opt/airflow/dags
[2025-11-01T20:02:27.045+0000] {manager.py:741} INFO - There are 2 files in /opt/airflow/dags
[2025-11-01T20:02:51.670+0000] {manager.py:879} INFO - 
================================================================================
DAG File Processing Stats

File Path                                PID    Runtime      # DAGs    # Errors  Last Runtime    Last Run
---------------------------------------  -----  ---------  --------  ----------  --------------  -------------------
/opt/airflow/dags/load_to_clickhouse.py                           1           0  16.35s          2025-11-01T20:02:33
/opt/airflow/dags/validate.py                                     1           0  24.05s          2025-11-01T20:02:32
================================================================================
[2025-11-01T20:03:22.309+0000] {manager.py:879} INFO - 
================================================================================
DAG File Processing Stats

File Path                                PID    Runtime      # DAGs    # Errors  Last Runtime    Last Run
---------------------------------------  -----  ---------  --------  ----------  --------------  -------------------
/opt/airflow/dags/load_to_clickhouse.py                           1           0  3.18s           2025-11-01T20:03:08
/opt/airflow/dags/validate.py                                     1           0  3.68s           2025-11-01T20:03:08
================================================================================
[2025-11-01T20:03:52.702+0000] {manager.py:879} INFO - 
================================================================================
DAG File Processing Stats

File Path                                PID    Runtime      # DAGs    # Errors  Last Runtime    Last Run
---------------------------------------  -----  ---------  --------  ----------  --------------  -------------------
/opt/airflow/dags/load_to_clickhouse.py                           1           0  2.18s           2025-11-01T20:03:40
/opt/airflow/dags/validate.py                                     1           0  1.98s           2025-11-01T20:03:40
================================================================================
[2025-11-01T20:04:22.941+0000] {manager.py:879} INFO - 
================================================================================
DAG File Processing Stats

File Path                                PID    Runtime      # DAGs    # Errors  Last Runtime    Last Run
---------------------------------------  -----  ---------  --------  ----------  --------------  -------------------
/opt/airflow/dags/load_to_clickhouse.py                           1           0  2.44s           2025-11-01T20:04:13
/opt/airflow/dags/validate.py                                     1           0  1.92s           2025-11-01T20:04:13
================================================================================
[2025-11-01T20:04:53.311+0000] {manager.py:879} INFO - 
================================================================================
DAG File Processing Stats

File Path                                PID    Runtime      # DAGs    # Errors  Last Runtime    Last Run
---------------------------------------  -----  ---------  --------  ----------  --------------  -------------------
/opt/airflow/dags/load_to_clickhouse.py                           1           0  3.33s           2025-11-01T20:04:47
/opt/airflow/dags/validate.py                                     1           0  3.45s           2025-11-01T20:04:46
================================================================================
[2025-11-01T20:05:23.653+0000] {manager.py:879} INFO - 
================================================================================
DAG File Processing Stats

File Path                                PID    Runtime      # DAGs    # Errors  Last Runtime    Last Run
---------------------------------------  -----  ---------  --------  ----------  --------------  -------------------
/opt/airflow/dags/load_to_clickhouse.py                           1           0  3.59s           2025-11-01T20:05:21
/opt/airflow/dags/validate.py                                     1           0  3.38s           2025-11-01T20:05:20
================================================================================
[2025-11-01T20:05:53.704+0000] {manager.py:879} INFO - 
================================================================================
DAG File Processing Stats

File Path                                  PID  Runtime      # DAGs    # Errors  Last Runtime    Last Run
---------------------------------------  -----  ---------  --------  ----------  --------------  -------------------
/opt/airflow/dags/load_to_clickhouse.py   1935  1.89s             1           0  3.59s           2025-11-01T20:05:21
/opt/airflow/dags/validate.py                                     1           0  2.94s           2025-11-01T20:05:53
================================================================================
[2025-11-01T20:06:23.824+0000] {manager.py:879} INFO - 
================================================================================
DAG File Processing Stats

File Path                                  PID  Runtime      # DAGs    # Errors  Last Runtime    Last Run
---------------------------------------  -----  ---------  --------  ----------  --------------  -------------------
/opt/airflow/dags/load_to_clickhouse.py                           1           0  2.53s           2025-11-01T20:05:54
/opt/airflow/dags/validate.py             1943  0.03s             1           0  2.94s           2025-11-01T20:05:53
================================================================================
[2025-11-01T20:06:53.790+0000] {manager.py:879} INFO - 
================================================================================
DAG File Processing Stats

File Path                                PID    Runtime      # DAGs    # Errors  Last Runtime    Last Run
---------------------------------------  -----  ---------  --------  ----------  --------------  -------------------
/opt/airflow/dags/load_to_clickhouse.py                           1           0  2.52s           2025-11-01T20:06:27
/opt/airflow/dags/validate.py                                     1           0  1.66s           2025-11-01T20:06:25
================================================================================
[2025-11-01T20:07:24.499+0000] {manager.py:879} INFO - 
================================================================================
DAG File Processing Stats

File Path                                PID    Runtime      # DAGs    # Errors  Last Runtime    Last Run
---------------------------------------  -----  ---------  --------  ----------  --------------  -------------------
/opt/airflow/dags/load_to_clickhouse.py                           1           0  1.46s           2025-11-01T20:06:59
/opt/airflow/dags/validate.py                                     1           0  1.34s           2025-11-01T20:06:57
================================================================================
[2025-11-01T20:07:27.536+0000] {manager.py:738} INFO - Searching for files in /opt/airflow/dags
[2025-11-01T20:07:27.615+0000] {manager.py:741} INFO - There are 2 files in /opt/airflow/dags
[2025-11-01T20:07:54.644+0000] {manager.py:879} INFO - 
================================================================================
DAG File Processing Stats

File Path                                PID    Runtime      # DAGs    # Errors  Last Runtime    Last Run
---------------------------------------  -----  ---------  --------  ----------  --------------  -------------------
/opt/airflow/dags/load_to_clickhouse.py                           1           0  1.62s           2025-11-01T20:07:31
/opt/airflow/dags/validate.py                                     1           0  1.19s           2025-11-01T20:07:28
================================================================================
[2025-11-01T20:08:24.743+0000] {manager.py:879} INFO - 
================================================================================
DAG File Processing Stats

File Path                                PID    Runtime      # DAGs    # Errors  Last Runtime    Last Run
---------------------------------------  -----  ---------  --------  ----------  --------------  -------------------
/opt/airflow/dags/load_to_clickhouse.py                           1           0  2.12s           2025-11-01T20:08:03
/opt/airflow/dags/validate.py                                     1           0  1.20s           2025-11-01T20:08:00
================================================================================
[2025-11-01T20:08:54.838+0000] {manager.py:879} INFO - 
================================================================================
DAG File Processing Stats

File Path                                PID    Runtime      # DAGs    # Errors  Last Runtime    Last Run
---------------------------------------  -----  ---------  --------  ----------  --------------  -------------------
/opt/airflow/dags/load_to_clickhouse.py                           1           0  1.82s           2025-11-01T20:08:35
/opt/airflow/dags/validate.py                                     1           0  1.79s           2025-11-01T20:08:32
================================================================================
[2025-11-01T20:09:25.271+0000] {manager.py:879} INFO - 
================================================================================
DAG File Processing Stats

File Path                                PID    Runtime      # DAGs    # Errors  Last Runtime    Last Run
---------------------------------------  -----  ---------  --------  ----------  --------------  -------------------
/opt/airflow/dags/load_to_clickhouse.py                           1           0  6.46s           2025-11-01T20:09:12
/opt/airflow/dags/validate.py                                     1           0  8.96s           2025-11-01T20:09:12
================================================================================
[2025-11-01T20:09:55.594+0000] {manager.py:879} INFO - 
================================================================================
DAG File Processing Stats

File Path                                PID    Runtime      # DAGs    # Errors  Last Runtime    Last Run
---------------------------------------  -----  ---------  --------  ----------  --------------  -------------------
/opt/airflow/dags/load_to_clickhouse.py                           1           0  2.68s           2025-11-01T20:09:44
/opt/airflow/dags/validate.py                                     1           0  2.17s           2025-11-01T20:09:44
================================================================================
[2025-11-01T20:10:25.898+0000] {manager.py:879} INFO - 
================================================================================
DAG File Processing Stats

File Path                                PID    Runtime      # DAGs    # Errors  Last Runtime    Last Run
---------------------------------------  -----  ---------  --------  ----------  --------------  -------------------
/opt/airflow/dags/load_to_clickhouse.py                           1           0  4.17s           2025-11-01T20:10:19
/opt/airflow/dags/validate.py                                     1           0  4.45s           2025-11-01T20:10:19
================================================================================
[2025-11-01T20:10:55.926+0000] {manager.py:879} INFO - 
================================================================================
DAG File Processing Stats

File Path                                PID    Runtime      # DAGs    # Errors  Last Runtime    Last Run
---------------------------------------  -----  ---------  --------  ----------  --------------  -------------------
/opt/airflow/dags/load_to_clickhouse.py                           1           0  4.17s           2025-11-01T20:10:53
/opt/airflow/dags/validate.py                                     1           0  4.25s           2025-11-01T20:10:53
================================================================================
[2025-11-01T20:11:26.136+0000] {manager.py:879} INFO - 
================================================================================
DAG File Processing Stats

File Path                                PID    Runtime      # DAGs    # Errors  Last Runtime    Last Run
---------------------------------------  -----  ---------  --------  ----------  --------------  -------------------
/opt/airflow/dags/load_to_clickhouse.py                           1           0  1.78s           2025-11-01T20:11:26
/opt/airflow/dags/validate.py                                     1           0  1.42s           2025-11-01T20:11:25
================================================================================
[2025-11-01T20:11:56.228+0000] {manager.py:879} INFO - 
================================================================================
DAG File Processing Stats

File Path                                  PID  Runtime      # DAGs    # Errors  Last Runtime    Last Run
---------------------------------------  -----  ---------  --------  ----------  --------------  -------------------
/opt/airflow/dags/load_to_clickhouse.py   2066  0.02s             1           0  1.78s           2025-11-01T20:11:26
/opt/airflow/dags/validate.py             2063  0.06s             1           0  1.42s           2025-11-01T20:11:25
================================================================================
[2025-11-01T20:12:26.875+0000] {manager.py:879} INFO - 
================================================================================
DAG File Processing Stats

File Path                                PID    Runtime      # DAGs    # Errors  Last Runtime    Last Run
---------------------------------------  -----  ---------  --------  ----------  --------------  -------------------
/opt/airflow/dags/load_to_clickhouse.py                           1           0  2.37s           2025-11-01T20:11:58
/opt/airflow/dags/validate.py                                     1           0  1.90s           2025-11-01T20:11:58
================================================================================
[2025-11-01T20:12:27.886+0000] {manager.py:738} INFO - Searching for files in /opt/airflow/dags
[2025-11-01T20:12:27.993+0000] {manager.py:741} INFO - There are 2 files in /opt/airflow/dags
[2025-11-01T20:12:56.851+0000] {manager.py:879} INFO - 
================================================================================
DAG File Processing Stats

File Path                                PID    Runtime      # DAGs    # Errors  Last Runtime    Last Run
---------------------------------------  -----  ---------  --------  ----------  --------------  -------------------
/opt/airflow/dags/load_to_clickhouse.py                           1           0  3.75s           2025-11-01T20:12:32
/opt/airflow/dags/validate.py                                     1           0  3.54s           2025-11-01T20:12:32
================================================================================
[2025-11-01T20:13:27.114+0000] {manager.py:879} INFO - 
================================================================================
DAG File Processing Stats

File Path                                PID    Runtime      # DAGs    # Errors  Last Runtime    Last Run
---------------------------------------  -----  ---------  --------  ----------  --------------  -------------------
/opt/airflow/dags/load_to_clickhouse.py                           1           0  1.88s           2025-11-01T20:13:04
/opt/airflow/dags/validate.py                                     1           0  1.81s           2025-11-01T20:13:04
================================================================================
[2025-11-01T20:13:57.884+0000] {manager.py:879} INFO - 
================================================================================
DAG File Processing Stats

File Path                                PID    Runtime      # DAGs    # Errors  Last Runtime    Last Run
---------------------------------------  -----  ---------  --------  ----------  --------------  -------------------
/opt/airflow/dags/load_to_clickhouse.py                           1           0  5.69s           2025-11-01T20:13:40
/opt/airflow/dags/validate.py                                     1           0  5.39s           2025-11-01T20:13:40
================================================================================
[2025-11-01T20:14:28.675+0000] {manager.py:879} INFO - 
================================================================================
DAG File Processing Stats

File Path                                PID    Runtime      # DAGs    # Errors  Last Runtime    Last Run
---------------------------------------  -----  ---------  --------  ----------  --------------  -------------------
/opt/airflow/dags/load_to_clickhouse.py                           1           0  8.77s           2025-11-01T20:14:20
/opt/airflow/dags/validate.py                                     1           0  8.95s           2025-11-01T20:14:20
================================================================================
[2025-11-01T20:14:59.164+0000] {manager.py:879} INFO - 
================================================================================
DAG File Processing Stats

File Path                                PID    Runtime      # DAGs    # Errors  Last Runtime    Last Run
---------------------------------------  -----  ---------  --------  ----------  --------------  -------------------
/opt/airflow/dags/load_to_clickhouse.py                           1           0  6.90s           2025-11-01T20:14:58
/opt/airflow/dags/validate.py                                     1           0  7.01s           2025-11-01T20:14:58
================================================================================
[2025-11-01T20:15:32.153+0000] {manager.py:879} INFO - 
================================================================================
DAG File Processing Stats

File Path                                  PID  Runtime      # DAGs    # Errors  Last Runtime    Last Run
---------------------------------------  -----  ---------  --------  ----------  --------------  -------------------
/opt/airflow/dags/load_to_clickhouse.py   2138  0.47s             1           0  6.90s           2025-11-01T20:14:58
/opt/airflow/dags/validate.py             2135  2.65s             1           0  7.01s           2025-11-01T20:14:58
================================================================================
[2025-11-01T20:16:02.979+0000] {manager.py:879} INFO - 
================================================================================
DAG File Processing Stats

File Path                                PID    Runtime      # DAGs    # Errors  Last Runtime    Last Run
---------------------------------------  -----  ---------  --------  ----------  --------------  -------------------
/opt/airflow/dags/load_to_clickhouse.py                           1           0  7.96s           2025-11-01T20:15:39
/opt/airflow/dags/validate.py                                     1           0  10.13s          2025-11-01T20:15:39
================================================================================
[2025-11-01T20:16:32.970+0000] {manager.py:879} INFO - 
================================================================================
DAG File Processing Stats

File Path                                PID    Runtime      # DAGs    # Errors  Last Runtime    Last Run
---------------------------------------  -----  ---------  --------  ----------  --------------  -------------------
/opt/airflow/dags/load_to_clickhouse.py                           1           0  3.58s           2025-11-01T20:16:13
/opt/airflow/dags/validate.py                                     1           0  3.38s           2025-11-01T20:16:13
================================================================================
[2025-11-01T20:17:03.170+0000] {manager.py:879} INFO - 
================================================================================
DAG File Processing Stats

File Path                                PID    Runtime      # DAGs    # Errors  Last Runtime    Last Run
---------------------------------------  -----  ---------  --------  ----------  --------------  -------------------
/opt/airflow/dags/load_to_clickhouse.py                           1           0  8.68s           2025-11-01T20:16:55
/opt/airflow/dags/validate.py                                     1           0  10.06s          2025-11-01T20:16:55
================================================================================
[2025-11-01T20:17:27.889+0000] {manager.py:738} INFO - Searching for files in /opt/airflow/dags
[2025-11-01T20:17:28.131+0000] {manager.py:741} INFO - There are 2 files in /opt/airflow/dags
[2025-11-01T20:17:33.252+0000] {manager.py:879} INFO - 
================================================================================
DAG File Processing Stats

File Path                                PID    Runtime      # DAGs    # Errors  Last Runtime    Last Run
---------------------------------------  -----  ---------  --------  ----------  --------------  -------------------
/opt/airflow/dags/load_to_clickhouse.py                           1           0  4.62s           2025-11-01T20:17:30
/opt/airflow/dags/validate.py                                     1           0  4.75s           2025-11-01T20:17:30
================================================================================
[2025-11-01T20:18:10.200+0000] {manager.py:879} INFO - 
================================================================================
DAG File Processing Stats

File Path                                  PID  Runtime      # DAGs    # Errors  Last Runtime    Last Run
---------------------------------------  -----  ---------  --------  ----------  --------------  -------------------
/opt/airflow/dags/load_to_clickhouse.py   2185  0.07s             1           0  4.62s           2025-11-01T20:17:30
/opt/airflow/dags/validate.py             2183  0.25s             1           0  4.75s           2025-11-01T20:17:30
================================================================================
[2025-11-01T20:18:40.162+0000] {manager.py:879} INFO - 
================================================================================
DAG File Processing Stats

File Path                                PID    Runtime      # DAGs    # Errors  Last Runtime    Last Run
---------------------------------------  -----  ---------  --------  ----------  --------------  -------------------
/opt/airflow/dags/load_to_clickhouse.py                           1           0  10.82s          2025-11-01T20:18:20
/opt/airflow/dags/validate.py                                     1           0  11.07s          2025-11-01T20:18:20
================================================================================
[2025-11-01T20:19:10.186+0000] {manager.py:879} INFO - 
================================================================================
DAG File Processing Stats

File Path                                PID    Runtime      # DAGs    # Errors  Last Runtime    Last Run
---------------------------------------  -----  ---------  --------  ----------  --------------  -------------------
/opt/airflow/dags/load_to_clickhouse.py                           1           0  3.95s           2025-11-01T20:18:54
/opt/airflow/dags/validate.py                                     1           0  3.00s           2025-11-01T20:18:54
================================================================================
[2025-11-01T20:19:40.506+0000] {manager.py:879} INFO - 
================================================================================
DAG File Processing Stats

File Path                                PID    Runtime      # DAGs    # Errors  Last Runtime    Last Run
---------------------------------------  -----  ---------  --------  ----------  --------------  -------------------
/opt/airflow/dags/load_to_clickhouse.py                           1           0  2.36s           2025-11-01T20:19:27
/opt/airflow/dags/validate.py                                     1           0  2.96s           2025-11-01T20:19:27
================================================================================
[2025-11-01T20:20:10.567+0000] {manager.py:879} INFO - 
================================================================================
DAG File Processing Stats

File Path                                PID    Runtime      # DAGs    # Errors  Last Runtime    Last Run
---------------------------------------  -----  ---------  --------  ----------  --------------  -------------------
/opt/airflow/dags/load_to_clickhouse.py                           1           0  3.55s           2025-11-01T20:20:01
/opt/airflow/dags/validate.py                                     1           0  3.51s           2025-11-01T20:20:01
================================================================================
[2025-11-01T20:20:41.031+0000] {manager.py:879} INFO - 
================================================================================
DAG File Processing Stats

File Path                                PID    Runtime      # DAGs    # Errors  Last Runtime    Last Run
---------------------------------------  -----  ---------  --------  ----------  --------------  -------------------
/opt/airflow/dags/load_to_clickhouse.py                           1           0  7.09s           2025-11-01T20:20:39
/opt/airflow/dags/validate.py                                     1           0  7.15s           2025-11-01T20:20:39
================================================================================
[2025-11-01T20:21:11.493+0000] {manager.py:879} INFO - 
================================================================================
DAG File Processing Stats

File Path                                  PID  Runtime      # DAGs    # Errors  Last Runtime    Last Run
---------------------------------------  -----  ---------  --------  ----------  --------------  -------------------
/opt/airflow/dags/load_to_clickhouse.py   2246  2.02s             1           0  7.09s           2025-11-01T20:20:39
/opt/airflow/dags/validate.py             2243  2.15s             1           0  7.15s           2025-11-01T20:20:39
================================================================================
[2025-11-01T20:21:41.533+0000] {manager.py:879} INFO - 
================================================================================
DAG File Processing Stats

File Path                                PID    Runtime      # DAGs    # Errors  Last Runtime    Last Run
---------------------------------------  -----  ---------  --------  ----------  --------------  -------------------
/opt/airflow/dags/load_to_clickhouse.py                           1           0  18.33s          2025-11-01T20:21:27
/opt/airflow/dags/validate.py                                     1           0  18.38s          2025-11-01T20:21:27
================================================================================
[2025-11-01T20:22:11.477+0000] {manager.py:879} INFO - 
================================================================================
DAG File Processing Stats

File Path                                PID    Runtime      # DAGs    # Errors  Last Runtime    Last Run
---------------------------------------  -----  ---------  --------  ----------  --------------  -------------------
/opt/airflow/dags/load_to_clickhouse.py                           1           0  6.67s           2025-11-01T20:22:04
/opt/airflow/dags/validate.py                                     1           0  6.63s           2025-11-01T20:22:04
================================================================================
[2025-11-01T20:22:28.845+0000] {manager.py:738} INFO - Searching for files in /opt/airflow/dags
[2025-11-01T20:22:28.995+0000] {manager.py:741} INFO - There are 2 files in /opt/airflow/dags
[2025-11-01T20:22:42.294+0000] {manager.py:879} INFO - 
================================================================================
DAG File Processing Stats

File Path                                  PID  Runtime      # DAGs    # Errors  Last Runtime    Last Run
---------------------------------------  -----  ---------  --------  ----------  --------------  -------------------
/opt/airflow/dags/load_to_clickhouse.py   2270  7.03s             1           0  6.67s           2025-11-01T20:22:04
/opt/airflow/dags/validate.py             2267  7.09s             1           0  6.63s           2025-11-01T20:22:04
================================================================================
[2025-11-01T20:23:12.468+0000] {manager.py:879} INFO - 
================================================================================
DAG File Processing Stats

File Path                                PID    Runtime      # DAGs    # Errors  Last Runtime    Last Run
---------------------------------------  -----  ---------  --------  ----------  --------------  -------------------
/opt/airflow/dags/load_to_clickhouse.py                           1           0  7.73s           2025-11-01T20:22:42
/opt/airflow/dags/validate.py                                     1           0  7.82s           2025-11-01T20:22:43
================================================================================
[2025-11-01T20:23:42.722+0000] {manager.py:879} INFO - 
================================================================================
DAG File Processing Stats

File Path                                PID    Runtime      # DAGs    # Errors  Last Runtime    Last Run
---------------------------------------  -----  ---------  --------  ----------  --------------  -------------------
/opt/airflow/dags/load_to_clickhouse.py                           1           0  3.74s           2025-11-01T20:23:17
/opt/airflow/dags/validate.py                                     1           0  3.79s           2025-11-01T20:23:17
================================================================================
[2025-11-01T20:24:12.707+0000] {manager.py:879} INFO - 
================================================================================
DAG File Processing Stats

File Path                                PID    Runtime      # DAGs    # Errors  Last Runtime    Last Run
---------------------------------------  -----  ---------  --------  ----------  --------------  -------------------
/opt/airflow/dags/load_to_clickhouse.py                           1           0  4.98s           2025-11-01T20:23:52
/opt/airflow/dags/validate.py                                     1           0  5.01s           2025-11-01T20:23:52
================================================================================
[2025-11-01T20:24:42.887+0000] {manager.py:879} INFO - 
================================================================================
DAG File Processing Stats

File Path                                PID    Runtime      # DAGs    # Errors  Last Runtime    Last Run
---------------------------------------  -----  ---------  --------  ----------  --------------  -------------------
/opt/airflow/dags/load_to_clickhouse.py                           1           0  18.79s          2025-11-01T20:24:41
/opt/airflow/dags/validate.py                                     1           0  18.97s          2025-11-01T20:24:41
================================================================================
[2025-11-01T20:25:13.806+0000] {manager.py:879} INFO - 
================================================================================
DAG File Processing Stats

File Path                                  PID  Runtime      # DAGs    # Errors  Last Runtime    Last Run
---------------------------------------  -----  ---------  --------  ----------  --------------  -------------------
/opt/airflow/dags/load_to_clickhouse.py   2318  1.09s             1           0  18.79s          2025-11-01T20:24:41
/opt/airflow/dags/validate.py             2315  1.30s             1           0  18.97s          2025-11-01T20:24:41
================================================================================
[2025-11-01T20:25:43.717+0000] {manager.py:879} INFO - 
================================================================================
DAG File Processing Stats

File Path                                PID    Runtime      # DAGs    # Errors  Last Runtime    Last Run
---------------------------------------  -----  ---------  --------  ----------  --------------  -------------------
/opt/airflow/dags/load_to_clickhouse.py                           1           0  10.01s          2025-11-01T20:25:22
/opt/airflow/dags/validate.py                                     1           0  10.03s          2025-11-01T20:25:22
================================================================================
[2025-11-01T20:26:14.013+0000] {manager.py:879} INFO - 
================================================================================
DAG File Processing Stats

File Path                                PID    Runtime      # DAGs    # Errors  Last Runtime    Last Run
---------------------------------------  -----  ---------  --------  ----------  --------------  -------------------
/opt/airflow/dags/load_to_clickhouse.py                           1           0  15.78s          2025-11-01T20:26:13
/opt/airflow/dags/validate.py                                     1           0  17.65s          2025-11-01T20:26:12
================================================================================
[2025-11-01T20:26:44.878+0000] {manager.py:879} INFO - 
================================================================================
DAG File Processing Stats

File Path                                  PID  Runtime      # DAGs    # Errors  Last Runtime    Last Run
---------------------------------------  -----  ---------  --------  ----------  --------------  -------------------
/opt/airflow/dags/load_to_clickhouse.py   2341  0.09s             1           0  15.78s          2025-11-01T20:26:13
/opt/airflow/dags/validate.py             2339  0.90s             1           0  17.65s          2025-11-01T20:26:12
================================================================================
[2025-11-01T20:27:16.734+0000] {manager.py:879} INFO - 
================================================================================
DAG File Processing Stats

File Path                                PID    Runtime      # DAGs    # Errors  Last Runtime    Last Run
---------------------------------------  -----  ---------  --------  ----------  --------------  -------------------
/opt/airflow/dags/load_to_clickhouse.py                           1           0  6.04s           2025-11-01T20:26:50
/opt/airflow/dags/validate.py                                     1           0  6.85s           2025-11-01T20:26:50
================================================================================
[2025-11-01T20:27:28.886+0000] {manager.py:738} INFO - Searching for files in /opt/airflow/dags
[2025-11-01T20:27:29.043+0000] {manager.py:741} INFO - There are 2 files in /opt/airflow/dags
[2025-11-01T20:27:48.208+0000] {manager.py:879} INFO - 
================================================================================
DAG File Processing Stats

File Path                                PID    Runtime      # DAGs    # Errors  Last Runtime    Last Run
---------------------------------------  -----  ---------  --------  ----------  --------------  -------------------
/opt/airflow/dags/load_to_clickhouse.py                           1           0  11.05s          2025-11-01T20:27:36
/opt/airflow/dags/validate.py                                     1           0  13.07s          2025-11-01T20:27:36
================================================================================
[2025-11-01T20:28:18.419+0000] {manager.py:879} INFO - 
================================================================================
DAG File Processing Stats

File Path                                PID    Runtime      # DAGs    # Errors  Last Runtime    Last Run
---------------------------------------  -----  ---------  --------  ----------  --------------  -------------------
/opt/airflow/dags/load_to_clickhouse.py                           1           0  2.40s           2025-11-01T20:28:09
/opt/airflow/dags/validate.py                                     1           0  2.27s           2025-11-01T20:28:09
================================================================================
[2025-11-01T20:28:49.147+0000] {manager.py:879} INFO - 
================================================================================
DAG File Processing Stats

File Path                                PID    Runtime      # DAGs    # Errors  Last Runtime    Last Run
---------------------------------------  -----  ---------  --------  ----------  --------------  -------------------
/opt/airflow/dags/load_to_clickhouse.py                           1           0  2.26s           2025-11-01T20:28:42
/opt/airflow/dags/validate.py                                     1           0  2.27s           2025-11-01T20:28:42
================================================================================
[2025-11-01T20:29:19.474+0000] {manager.py:879} INFO - 
================================================================================
DAG File Processing Stats

File Path                                PID    Runtime      # DAGs    # Errors  Last Runtime    Last Run
---------------------------------------  -----  ---------  --------  ----------  --------------  -------------------
/opt/airflow/dags/load_to_clickhouse.py                           1           0  1.90s           2025-11-01T20:29:14
/opt/airflow/dags/validate.py                                     1           0  1.41s           2025-11-01T20:29:13
================================================================================
[2025-11-01T20:29:49.907+0000] {manager.py:879} INFO - 
================================================================================
DAG File Processing Stats

File Path                                PID    Runtime      # DAGs    # Errors  Last Runtime    Last Run
---------------------------------------  -----  ---------  --------  ----------  --------------  -------------------
/opt/airflow/dags/load_to_clickhouse.py                           1           0  4.56s           2025-11-01T20:29:49
/opt/airflow/dags/validate.py                                     1           0  5.00s           2025-11-01T20:29:49
================================================================================
[2025-11-01T20:30:20.303+0000] {manager.py:879} INFO - 
================================================================================
DAG File Processing Stats

File Path                                  PID  Runtime      # DAGs    # Errors  Last Runtime    Last Run
---------------------------------------  -----  ---------  --------  ----------  --------------  -------------------
/opt/airflow/dags/load_to_clickhouse.py   2414  0.50s             1           0  4.56s           2025-11-01T20:29:49
/opt/airflow/dags/validate.py             2411  0.56s             1           0  5.00s           2025-11-01T20:29:49
================================================================================
[2025-11-01T20:30:50.812+0000] {manager.py:879} INFO - 
================================================================================
DAG File Processing Stats

File Path                                PID    Runtime      # DAGs    # Errors  Last Runtime    Last Run
---------------------------------------  -----  ---------  --------  ----------  --------------  -------------------
/opt/airflow/dags/load_to_clickhouse.py                           1           0  2.83s           2025-11-01T20:30:22
/opt/airflow/dags/validate.py                                     1           0  2.87s           2025-11-01T20:30:22
================================================================================
[2025-11-01T20:31:21.014+0000] {manager.py:879} INFO - 
================================================================================
DAG File Processing Stats

File Path                                PID    Runtime      # DAGs    # Errors  Last Runtime    Last Run
---------------------------------------  -----  ---------  --------  ----------  --------------  -------------------
/opt/airflow/dags/load_to_clickhouse.py                           1           0  8.65s           2025-11-01T20:31:01
/opt/airflow/dags/validate.py                                     1           0  8.57s           2025-11-01T20:31:01
================================================================================
[2025-11-01T20:31:51.113+0000] {manager.py:879} INFO - 
================================================================================
DAG File Processing Stats

File Path                                PID    Runtime      # DAGs    # Errors  Last Runtime    Last Run
---------------------------------------  -----  ---------  --------  ----------  --------------  -------------------
/opt/airflow/dags/load_to_clickhouse.py                           1           0  2.52s           2025-11-01T20:31:34
/opt/airflow/dags/validate.py                                     1           0  2.63s           2025-11-01T20:31:34
================================================================================
[2025-11-01T20:32:21.553+0000] {manager.py:879} INFO - 
================================================================================
DAG File Processing Stats

File Path                                PID    Runtime      # DAGs    # Errors  Last Runtime    Last Run
---------------------------------------  -----  ---------  --------  ----------  --------------  -------------------
/opt/airflow/dags/load_to_clickhouse.py                           1           0  1.58s           2025-11-01T20:32:06
/opt/airflow/dags/validate.py                                     1           0  1.42s           2025-11-01T20:32:05
================================================================================
[2025-11-01T20:32:28.976+0000] {manager.py:738} INFO - Searching for files in /opt/airflow/dags
[2025-11-01T20:32:29.083+0000] {manager.py:741} INFO - There are 2 files in /opt/airflow/dags
[2025-11-01T20:32:52.033+0000] {manager.py:879} INFO - 
================================================================================
DAG File Processing Stats

File Path                                PID    Runtime      # DAGs    # Errors  Last Runtime    Last Run
---------------------------------------  -----  ---------  --------  ----------  --------------  -------------------
/opt/airflow/dags/load_to_clickhouse.py                           1           0  3.30s           2025-11-01T20:32:40
/opt/airflow/dags/validate.py                                     1           0  3.48s           2025-11-01T20:32:39
================================================================================
[2025-11-01T20:33:22.836+0000] {manager.py:879} INFO - 
================================================================================
DAG File Processing Stats

File Path                                  PID  Runtime      # DAGs    # Errors  Last Runtime    Last Run
---------------------------------------  -----  ---------  --------  ----------  --------------  -------------------
/opt/airflow/dags/load_to_clickhouse.py   2474  12.38s            1           0  3.30s           2025-11-01T20:32:40
/opt/airflow/dags/validate.py             2471  13.22s            1           0  3.48s           2025-11-01T20:32:39
================================================================================
[2025-11-01T20:33:53.518+0000] {manager.py:879} INFO - 
================================================================================
DAG File Processing Stats

File Path                                PID    Runtime      # DAGs    # Errors  Last Runtime    Last Run
---------------------------------------  -----  ---------  --------  ----------  --------------  -------------------
/opt/airflow/dags/load_to_clickhouse.py                           1           0  16.94s          2025-11-01T20:33:27
/opt/airflow/dags/validate.py                                     1           0  17.57s          2025-11-01T20:33:27
================================================================================
[2025-11-01T20:34:24.205+0000] {manager.py:879} INFO - 
================================================================================
DAG File Processing Stats

File Path                                PID    Runtime      # DAGs    # Errors  Last Runtime    Last Run
---------------------------------------  -----  ---------  --------  ----------  --------------  -------------------
/opt/airflow/dags/load_to_clickhouse.py                           1           0  1.94s           2025-11-01T20:33:59
/opt/airflow/dags/validate.py                                     1           0  1.60s           2025-11-01T20:33:59
================================================================================
[2025-11-01T20:34:54.427+0000] {manager.py:879} INFO - 
================================================================================
DAG File Processing Stats

File Path                                PID    Runtime      # DAGs    # Errors  Last Runtime    Last Run
---------------------------------------  -----  ---------  --------  ----------  --------------  -------------------
/opt/airflow/dags/load_to_clickhouse.py                           1           0  2.84s           2025-11-01T20:34:33
/opt/airflow/dags/validate.py                                     1           0  2.23s           2025-11-01T20:34:31
================================================================================
[2025-11-01T20:35:24.428+0000] {manager.py:879} INFO - 
================================================================================
DAG File Processing Stats

File Path                                PID    Runtime      # DAGs    # Errors  Last Runtime    Last Run
---------------------------------------  -----  ---------  --------  ----------  --------------  -------------------
/opt/airflow/dags/load_to_clickhouse.py                           1           0  1.86s           2025-11-01T20:35:05
/opt/airflow/dags/validate.py                                     1           0  2.30s           2025-11-01T20:35:03
================================================================================
[2025-11-01T20:35:54.693+0000] {manager.py:879} INFO - 
================================================================================
DAG File Processing Stats

File Path                                PID    Runtime      # DAGs    # Errors  Last Runtime    Last Run
---------------------------------------  -----  ---------  --------  ----------  --------------  -------------------
/opt/airflow/dags/load_to_clickhouse.py                           1           0  1.69s           2025-11-01T20:35:37
/opt/airflow/dags/validate.py                                     1           0  1.41s           2025-11-01T20:35:35
================================================================================
[2025-11-01T20:36:25.120+0000] {manager.py:879} INFO - 
================================================================================
DAG File Processing Stats

File Path                                PID    Runtime      # DAGs    # Errors  Last Runtime    Last Run
---------------------------------------  -----  ---------  --------  ----------  --------------  -------------------
/opt/airflow/dags/load_to_clickhouse.py                           1           0  2.38s           2025-11-01T20:36:09
/opt/airflow/dags/validate.py                                     1           0  2.29s           2025-11-01T20:36:08
================================================================================
[2025-11-01T20:36:55.652+0000] {manager.py:879} INFO - 
================================================================================
DAG File Processing Stats

File Path                                PID    Runtime      # DAGs    # Errors  Last Runtime    Last Run
---------------------------------------  -----  ---------  --------  ----------  --------------  -------------------
/opt/airflow/dags/load_to_clickhouse.py                           1           0  1.67s           2025-11-01T20:36:42
/opt/airflow/dags/validate.py                                     1           0  1.08s           2025-11-01T20:36:39
================================================================================
[2025-11-01T20:37:25.632+0000] {manager.py:879} INFO - 
================================================================================
DAG File Processing Stats

File Path                                PID    Runtime      # DAGs    # Errors  Last Runtime    Last Run
---------------------------------------  -----  ---------  --------  ----------  --------------  -------------------
/opt/airflow/dags/load_to_clickhouse.py                           1           0  1.59s           2025-11-01T20:37:14
/opt/airflow/dags/validate.py                                     1           0  1.19s           2025-11-01T20:37:11
================================================================================
[2025-11-01T20:37:29.255+0000] {manager.py:738} INFO - Searching for files in /opt/airflow/dags
[2025-11-01T20:37:29.352+0000] {manager.py:741} INFO - There are 2 files in /opt/airflow/dags
[2025-11-01T20:37:55.732+0000] {manager.py:879} INFO - 
================================================================================
DAG File Processing Stats

File Path                                PID    Runtime      # DAGs    # Errors  Last Runtime    Last Run
---------------------------------------  -----  ---------  --------  ----------  --------------  -------------------
/opt/airflow/dags/load_to_clickhouse.py                           1           0  2.19s           2025-11-01T20:37:46
/opt/airflow/dags/validate.py                                     1           0  2.12s           2025-11-01T20:37:43
================================================================================
[2025-11-01T20:38:25.736+0000] {manager.py:879} INFO - 
================================================================================
DAG File Processing Stats

File Path                                PID    Runtime      # DAGs    # Errors  Last Runtime    Last Run
---------------------------------------  -----  ---------  --------  ----------  --------------  -------------------
/opt/airflow/dags/load_to_clickhouse.py                           1           0  1.49s           2025-11-01T20:38:18
/opt/airflow/dags/validate.py                                     1           0  1.29s           2025-11-01T20:38:15
================================================================================
[2025-11-01T20:38:56.120+0000] {manager.py:879} INFO - 
================================================================================
DAG File Processing Stats

File Path                                PID    Runtime      # DAGs    # Errors  Last Runtime    Last Run
---------------------------------------  -----  ---------  --------  ----------  --------------  -------------------
/opt/airflow/dags/load_to_clickhouse.py                           1           0  1.57s           2025-11-01T20:38:50
/opt/airflow/dags/validate.py                                     1           0  1.28s           2025-11-01T20:38:46
================================================================================
[2025-11-01T20:39:26.292+0000] {manager.py:879} INFO - 
================================================================================
DAG File Processing Stats

File Path                                PID    Runtime      # DAGs    # Errors  Last Runtime    Last Run
---------------------------------------  -----  ---------  --------  ----------  --------------  -------------------
/opt/airflow/dags/load_to_clickhouse.py                           1           0  1.45s           2025-11-01T20:39:22
/opt/airflow/dags/validate.py                                     1           0  1.48s           2025-11-01T20:39:18
================================================================================
[2025-11-01T20:39:56.574+0000] {manager.py:879} INFO - 
================================================================================
DAG File Processing Stats

File Path                                PID    Runtime      # DAGs    # Errors  Last Runtime    Last Run
---------------------------------------  -----  ---------  --------  ----------  --------------  -------------------
/opt/airflow/dags/load_to_clickhouse.py                           1           0  1.43s           2025-11-01T20:39:53
/opt/airflow/dags/validate.py                                     1           0  1.13s           2025-11-01T20:39:50
================================================================================
[2025-11-01T20:40:26.510+0000] {manager.py:879} INFO - 
================================================================================
DAG File Processing Stats

File Path                                PID    Runtime      # DAGs    # Errors  Last Runtime    Last Run
---------------------------------------  -----  ---------  --------  ----------  --------------  -------------------
/opt/airflow/dags/load_to_clickhouse.py                           1           0  1.33s           2025-11-01T20:40:25
/opt/airflow/dags/validate.py                                     1           0  1.54s           2025-11-01T20:40:22
================================================================================
[2025-11-01T20:40:56.994+0000] {manager.py:879} INFO - 
================================================================================
DAG File Processing Stats

File Path                                  PID  Runtime      # DAGs    # Errors  Last Runtime    Last Run
---------------------------------------  -----  ---------  --------  ----------  --------------  -------------------
/opt/airflow/dags/load_to_clickhouse.py   2645  1.03s             1           0  1.33s           2025-11-01T20:40:25
/opt/airflow/dags/validate.py                                     1           0  1.28s           2025-11-01T20:40:54
================================================================================
[2025-11-01T20:41:27.656+0000] {manager.py:879} INFO - 
================================================================================
DAG File Processing Stats

File Path                                  PID  Runtime      # DAGs    # Errors  Last Runtime    Last Run
---------------------------------------  -----  ---------  --------  ----------  --------------  -------------------
/opt/airflow/dags/load_to_clickhouse.py   2657  0.02s             1           0  1.48s           2025-11-01T20:40:57
/opt/airflow/dags/validate.py                                     1           0  1.08s           2025-11-01T20:41:25
================================================================================
[2025-11-01T20:41:58.088+0000] {manager.py:879} INFO - 
================================================================================
DAG File Processing Stats

File Path                                PID    Runtime      # DAGs    # Errors  Last Runtime    Last Run
---------------------------------------  -----  ---------  --------  ----------  --------------  -------------------
/opt/airflow/dags/load_to_clickhouse.py                           1           0  2.61s           2025-11-01T20:41:30
/opt/airflow/dags/validate.py                                     1           0  1.28s           2025-11-01T20:41:57
================================================================================
[2025-11-01T20:42:28.521+0000] {manager.py:879} INFO - 
================================================================================
DAG File Processing Stats

File Path                                  PID  Runtime      # DAGs    # Errors  Last Runtime    Last Run
---------------------------------------  -----  ---------  --------  ----------  --------------  -------------------
/opt/airflow/dags/load_to_clickhouse.py                           1           0  1.97s           2025-11-01T20:42:02
/opt/airflow/dags/validate.py             2675  1.03s             1           0  1.28s           2025-11-01T20:41:57
================================================================================
[2025-11-01T20:42:29.682+0000] {manager.py:738} INFO - Searching for files in /opt/airflow/dags
[2025-11-01T20:42:29.746+0000] {manager.py:741} INFO - There are 2 files in /opt/airflow/dags
[2025-11-01T20:42:59.013+0000] {manager.py:879} INFO - 
================================================================================
DAG File Processing Stats

File Path                                  PID  Runtime      # DAGs    # Errors  Last Runtime    Last Run
---------------------------------------  -----  ---------  --------  ----------  --------------  -------------------
/opt/airflow/dags/load_to_clickhouse.py                           1           0  1.82s           2025-11-01T20:42:34
/opt/airflow/dags/validate.py             2687  0.02s             1           0  1.27s           2025-11-01T20:42:28
================================================================================
[2025-11-01T20:43:29.169+0000] {manager.py:879} INFO - 
================================================================================
DAG File Processing Stats

File Path                                PID    Runtime      # DAGs    # Errors  Last Runtime    Last Run
---------------------------------------  -----  ---------  --------  ----------  --------------  -------------------
/opt/airflow/dags/load_to_clickhouse.py                           1           0  3.57s           2025-11-01T20:43:08
/opt/airflow/dags/validate.py                                     1           0  1.70s           2025-11-01T20:43:00
================================================================================
[2025-11-01T20:43:59.643+0000] {manager.py:879} INFO - 
================================================================================
DAG File Processing Stats

File Path                                PID    Runtime      # DAGs    # Errors  Last Runtime    Last Run
---------------------------------------  -----  ---------  --------  ----------  --------------  -------------------
/opt/airflow/dags/load_to_clickhouse.py                           1           0  1.62s           2025-11-01T20:43:40
/opt/airflow/dags/validate.py                                     1           0  1.40s           2025-11-01T20:43:32
================================================================================
[2025-11-01T20:44:29.529+0000] {manager.py:879} INFO - 
================================================================================
DAG File Processing Stats

File Path                                PID    Runtime      # DAGs    # Errors  Last Runtime    Last Run
---------------------------------------  -----  ---------  --------  ----------  --------------  -------------------
/opt/airflow/dags/load_to_clickhouse.py                           1           0  14.08s          2025-11-01T20:44:25
/opt/airflow/dags/validate.py                                     1           0  1.93s           2025-11-01T20:44:04
================================================================================
[2025-11-01T20:45:00.205+0000] {manager.py:879} INFO - 
================================================================================
DAG File Processing Stats

File Path                                PID    Runtime      # DAGs    # Errors  Last Runtime    Last Run
---------------------------------------  -----  ---------  --------  ----------  --------------  -------------------
/opt/airflow/dags/load_to_clickhouse.py                           1           0  2.19s           2025-11-01T20:44:58
/opt/airflow/dags/validate.py                                     1           0  1.43s           2025-11-01T20:44:36
================================================================================
[2025-11-01T20:45:32.634+0000] {manager.py:879} INFO - 
================================================================================
DAG File Processing Stats

File Path                                  PID  Runtime      # DAGs    # Errors  Last Runtime    Last Run
---------------------------------------  -----  ---------  --------  ----------  --------------  -------------------
/opt/airflow/dags/load_to_clickhouse.py   2741  0.93s             1           0  2.19s           2025-11-01T20:44:58
/opt/airflow/dags/validate.py                                     1           0  1.39s           2025-11-01T20:45:07
================================================================================
[2025-11-01T20:46:03.222+0000] {manager.py:879} INFO - 
================================================================================
DAG File Processing Stats

File Path                                PID    Runtime      # DAGs    # Errors  Last Runtime    Last Run
---------------------------------------  -----  ---------  --------  ----------  --------------  -------------------
/opt/airflow/dags/load_to_clickhouse.py                           1           0  10.03s          2025-11-01T20:45:40
/opt/airflow/dags/validate.py                                     1           0  3.95s           2025-11-01T20:45:42
================================================================================
[2025-11-01T20:46:33.558+0000] {manager.py:879} INFO - 
================================================================================
DAG File Processing Stats

File Path                                PID    Runtime      # DAGs    # Errors  Last Runtime    Last Run
---------------------------------------  -----  ---------  --------  ----------  --------------  -------------------
/opt/airflow/dags/load_to_clickhouse.py                           1           0  2.34s           2025-11-01T20:46:13
/opt/airflow/dags/validate.py                                     1           0  1.93s           2025-11-01T20:46:14
================================================================================
[2025-11-01T20:47:03.606+0000] {manager.py:879} INFO - 
================================================================================
DAG File Processing Stats

File Path                                PID    Runtime      # DAGs    # Errors  Last Runtime    Last Run
---------------------------------------  -----  ---------  --------  ----------  --------------  -------------------
/opt/airflow/dags/load_to_clickhouse.py                           1           0  1.74s           2025-11-01T20:46:45
/opt/airflow/dags/validate.py                                     1           0  1.67s           2025-11-01T20:46:46
================================================================================
[2025-11-01T20:47:30.608+0000] {manager.py:738} INFO - Searching for files in /opt/airflow/dags
[2025-11-01T20:47:32.845+0000] {manager.py:741} INFO - There are 2 files in /opt/airflow/dags
[2025-11-01T20:47:34.459+0000] {manager.py:879} INFO - 
================================================================================
DAG File Processing Stats

File Path                                PID    Runtime      # DAGs    # Errors  Last Runtime    Last Run
---------------------------------------  -----  ---------  --------  ----------  --------------  -------------------
/opt/airflow/dags/load_to_clickhouse.py                           1           0  4.08s           2025-11-01T20:47:20
/opt/airflow/dags/validate.py                                     1           0  3.54s           2025-11-01T20:47:20
================================================================================
[2025-11-01T20:48:04.627+0000] {manager.py:879} INFO - 
================================================================================
DAG File Processing Stats

File Path                                PID    Runtime      # DAGs    # Errors  Last Runtime    Last Run
---------------------------------------  -----  ---------  --------  ----------  --------------  -------------------
/opt/airflow/dags/load_to_clickhouse.py                           1           0  2.79s           2025-11-01T20:47:53
/opt/airflow/dags/validate.py                                     1           0  2.85s           2025-11-01T20:47:53
================================================================================
[2025-11-01T20:48:35.072+0000] {manager.py:879} INFO - 
================================================================================
DAG File Processing Stats

File Path                                PID    Runtime      # DAGs    # Errors  Last Runtime    Last Run
---------------------------------------  -----  ---------  --------  ----------  --------------  -------------------
/opt/airflow/dags/load_to_clickhouse.py                           1           0  4.96s           2025-11-01T20:48:29
/opt/airflow/dags/validate.py                                     1           0  5.07s           2025-11-01T20:48:29
================================================================================
[2025-11-01T20:49:05.040+0000] {manager.py:879} INFO - 
================================================================================
DAG File Processing Stats

File Path                                PID    Runtime      # DAGs    # Errors  Last Runtime    Last Run
---------------------------------------  -----  ---------  --------  ----------  --------------  -------------------
/opt/airflow/dags/load_to_clickhouse.py                           1           0  2.74s           2025-11-01T20:49:02
/opt/airflow/dags/validate.py                                     1           0  2.67s           2025-11-01T20:49:01
================================================================================
[2025-11-01T20:49:35.253+0000] {manager.py:879} INFO - 
================================================================================
DAG File Processing Stats

File Path                                  PID  Runtime      # DAGs    # Errors  Last Runtime    Last Run
---------------------------------------  -----  ---------  --------  ----------  --------------  -------------------
/opt/airflow/dags/load_to_clickhouse.py   2828  2.87s             1           0  2.74s           2025-11-01T20:49:02
/opt/airflow/dags/validate.py             2825  3.18s             1           0  2.67s           2025-11-01T20:49:01
================================================================================
[2025-11-01T20:50:05.558+0000] {manager.py:879} INFO - 
================================================================================
DAG File Processing Stats

File Path                                PID    Runtime      # DAGs    # Errors  Last Runtime    Last Run
---------------------------------------  -----  ---------  --------  ----------  --------------  -------------------
/opt/airflow/dags/load_to_clickhouse.py                           1           0  6.29s           2025-11-01T20:49:38
/opt/airflow/dags/validate.py                                     1           0  6.60s           2025-11-01T20:49:38
================================================================================
[2025-11-01T20:50:40.670+0000] {manager.py:879} INFO - 
================================================================================
DAG File Processing Stats

File Path                                  PID  Runtime      # DAGs    # Errors  Last Runtime    Last Run
---------------------------------------  -----  ---------  --------  ----------  --------------  -------------------
/opt/airflow/dags/load_to_clickhouse.py   2840  27.50s            1           0  6.29s           2025-11-01T20:49:38
/opt/airflow/dags/validate.py             2837  27.63s            1           0  6.60s           2025-11-01T20:49:38
================================================================================
[2025-11-01T20:51:12.345+0000] {manager.py:879} INFO - 
================================================================================
DAG File Processing Stats

File Path                                PID    Runtime      # DAGs    # Errors  Last Runtime    Last Run
---------------------------------------  -----  ---------  --------  ----------  --------------  -------------------
/opt/airflow/dags/load_to_clickhouse.py                           1           0  43.20s          2025-11-01T20:50:52
/opt/airflow/dags/validate.py                                     1           0  43.31s          2025-11-01T20:50:52
================================================================================
[2025-11-01T20:51:42.737+0000] {manager.py:879} INFO - 
================================================================================
DAG File Processing Stats

File Path                                PID    Runtime      # DAGs    # Errors  Last Runtime    Last Run
---------------------------------------  -----  ---------  --------  ----------  --------------  -------------------
/opt/airflow/dags/load_to_clickhouse.py                           1           0  3.88s           2025-11-01T20:51:26
/opt/airflow/dags/validate.py                                     1           0  3.94s           2025-11-01T20:51:26
================================================================================
[2025-11-01T20:52:12.972+0000] {manager.py:879} INFO - 
================================================================================
DAG File Processing Stats

File Path                                PID    Runtime      # DAGs    # Errors  Last Runtime    Last Run
---------------------------------------  -----  ---------  --------  ----------  --------------  -------------------
/opt/airflow/dags/load_to_clickhouse.py                           1           0  2.10s           2025-11-01T20:51:58
/opt/airflow/dags/validate.py                                     1           0  2.09s           2025-11-01T20:51:58
================================================================================
[2025-11-01T20:52:31.286+0000] {manager.py:738} INFO - Searching for files in /opt/airflow/dags
[2025-11-01T20:52:31.640+0000] {manager.py:741} INFO - There are 2 files in /opt/airflow/dags
[2025-11-01T20:52:43.448+0000] {manager.py:879} INFO - 
================================================================================
DAG File Processing Stats

File Path                                  PID  Runtime      # DAGs    # Errors  Last Runtime    Last Run
---------------------------------------  -----  ---------  --------  ----------  --------------  -------------------
/opt/airflow/dags/load_to_clickhouse.py   2876  13.95s            1           0  2.10s           2025-11-01T20:51:58
/opt/airflow/dags/validate.py             2873  14.02s            1           0  2.09s           2025-11-01T20:51:58
================================================================================
[2025-11-01T20:53:14.284+0000] {manager.py:879} INFO - 
================================================================================
DAG File Processing Stats

File Path                                PID    Runtime      # DAGs    # Errors  Last Runtime    Last Run
---------------------------------------  -----  ---------  --------  ----------  --------------  -------------------
/opt/airflow/dags/load_to_clickhouse.py                           1           0  18.12s          2025-11-01T20:52:47
/opt/airflow/dags/validate.py                                     1           0  18.20s          2025-11-01T20:52:47
================================================================================
[2025-11-01T20:53:45.106+0000] {manager.py:879} INFO - 
================================================================================
DAG File Processing Stats

File Path                                PID    Runtime      # DAGs    # Errors  Last Runtime    Last Run
---------------------------------------  -----  ---------  --------  ----------  --------------  -------------------
/opt/airflow/dags/load_to_clickhouse.py                           1           0  7.12s           2025-11-01T20:53:38
/opt/airflow/dags/validate.py                                     1           0  14.91s          2025-11-01T20:53:38
================================================================================
[2025-11-01T20:54:15.606+0000] {manager.py:879} INFO - 
================================================================================
DAG File Processing Stats

File Path                                PID    Runtime      # DAGs    # Errors  Last Runtime    Last Run
---------------------------------------  -----  ---------  --------  ----------  --------------  -------------------
/opt/airflow/dags/load_to_clickhouse.py                           1           0  2.84s           2025-11-01T20:54:11
/opt/airflow/dags/validate.py                                     1           0  2.86s           2025-11-01T20:54:11
================================================================================
[2025-11-01T20:54:46.868+0000] {manager.py:879} INFO - 
================================================================================
DAG File Processing Stats

File Path                                  PID  Runtime      # DAGs    # Errors  Last Runtime    Last Run
---------------------------------------  -----  ---------  --------  ----------  --------------  -------------------
/opt/airflow/dags/load_to_clickhouse.py   2912  1.81s             1           0  2.84s           2025-11-01T20:54:11
/opt/airflow/dags/validate.py             2909  3.62s             1           0  2.86s           2025-11-01T20:54:11
================================================================================
[2025-11-01T20:55:17.112+0000] {manager.py:879} INFO - 
================================================================================
DAG File Processing Stats

File Path                                PID    Runtime      # DAGs    # Errors  Last Runtime    Last Run
---------------------------------------  -----  ---------  --------  ----------  --------------  -------------------
/opt/airflow/dags/load_to_clickhouse.py                           1           0  9.00s           2025-11-01T20:54:53
/opt/airflow/dags/validate.py                                     1           0  9.91s           2025-11-01T20:54:52
================================================================================
[2025-11-01T20:55:47.077+0000] {manager.py:879} INFO - 
================================================================================
DAG File Processing Stats

File Path                                PID    Runtime      # DAGs    # Errors  Last Runtime    Last Run
---------------------------------------  -----  ---------  --------  ----------  --------------  -------------------
/opt/airflow/dags/load_to_clickhouse.py                           1           0  1.61s           2025-11-01T20:55:25
/opt/airflow/dags/validate.py                                     1           0  1.57s           2025-11-01T20:55:24
================================================================================
[2025-11-01T20:56:17.077+0000] {manager.py:879} INFO - 
================================================================================
DAG File Processing Stats

File Path                                PID    Runtime      # DAGs    # Errors  Last Runtime    Last Run
---------------------------------------  -----  ---------  --------  ----------  --------------  -------------------
/opt/airflow/dags/load_to_clickhouse.py                           1           0  1.60s           2025-11-01T20:55:57
/opt/airflow/dags/validate.py                                     1           0  1.31s           2025-11-01T20:55:56
================================================================================
[2025-11-01T20:56:47.013+0000] {manager.py:879} INFO - 
================================================================================
DAG File Processing Stats

File Path                                PID    Runtime      # DAGs    # Errors  Last Runtime    Last Run
---------------------------------------  -----  ---------  --------  ----------  --------------  -------------------
/opt/airflow/dags/load_to_clickhouse.py                           1           0  1.77s           2025-11-01T20:56:29
/opt/airflow/dags/validate.py                                     1           0  1.88s           2025-11-01T20:56:28
================================================================================
[2025-11-01T20:57:17.381+0000] {manager.py:879} INFO - 
================================================================================
DAG File Processing Stats

File Path                                  PID  Runtime      # DAGs    # Errors  Last Runtime    Last Run
---------------------------------------  -----  ---------  --------  ----------  --------------  -------------------
/opt/airflow/dags/load_to_clickhouse.py   2960  11.36s            1           0  1.77s           2025-11-01T20:56:29
/opt/airflow/dags/validate.py                                     1           0  14.69s          2025-11-01T20:57:17
================================================================================
[2025-11-01T20:57:31.593+0000] {manager.py:738} INFO - Searching for files in /opt/airflow/dags
[2025-11-01T20:57:31.680+0000] {manager.py:741} INFO - There are 2 files in /opt/airflow/dags
[2025-11-01T20:57:53.124+0000] {manager.py:879} INFO - 
================================================================================
DAG File Processing Stats

File Path                                  PID  Runtime      # DAGs    # Errors  Last Runtime    Last Run
---------------------------------------  -----  ---------  --------  ----------  --------------  -------------------
/opt/airflow/dags/load_to_clickhouse.py   2972  1.04s             1           0  11.37s          2025-11-01T20:57:17
/opt/airflow/dags/validate.py             2969  3.85s             1           0  14.69s          2025-11-01T20:57:17
================================================================================
[2025-11-01T20:58:24.438+0000] {manager.py:879} INFO - 
================================================================================
DAG File Processing Stats

File Path                                  PID  Runtime      # DAGs    # Errors  Last Runtime    Last Run
---------------------------------------  -----  ---------  --------  ----------  --------------  -------------------
/opt/airflow/dags/load_to_clickhouse.py   2972  32.23s            1           0  11.37s          2025-11-01T20:57:17
/opt/airflow/dags/validate.py             2969  35.04s            1           0  14.69s          2025-11-01T20:57:17
================================================================================
[2025-11-01T20:58:55.684+0000] {manager.py:879} INFO - 
================================================================================
DAG File Processing Stats

File Path                                PID    Runtime      # DAGs    # Errors  Last Runtime    Last Run
---------------------------------------  -----  ---------  --------  ----------  --------------  -------------------
/opt/airflow/dags/load_to_clickhouse.py                           1           0  48.40s          2025-11-01T20:58:40
/opt/airflow/dags/validate.py                                     1           0  50.09s          2025-11-01T20:58:38
================================================================================
[2025-11-01T20:59:26.266+0000] {manager.py:879} INFO - 
================================================================================
DAG File Processing Stats

File Path                                PID    Runtime      # DAGs    # Errors  Last Runtime    Last Run
---------------------------------------  -----  ---------  --------  ----------  --------------  -------------------
/opt/airflow/dags/load_to_clickhouse.py                           1           0  5.96s           2025-11-01T20:59:18
/opt/airflow/dags/validate.py                                     1           0  6.71s           2025-11-01T20:59:18
================================================================================
[2025-11-01T20:59:56.428+0000] {manager.py:879} INFO - 
================================================================================
DAG File Processing Stats

File Path                                PID    Runtime      # DAGs    # Errors  Last Runtime    Last Run
---------------------------------------  -----  ---------  --------  ----------  --------------  -------------------
/opt/airflow/dags/load_to_clickhouse.py                           1           0  4.75s           2025-11-01T20:59:53
/opt/airflow/dags/validate.py                                     1           0  4.95s           2025-11-01T20:59:53
================================================================================
[2025-11-01T21:00:26.881+0000] {manager.py:879} INFO - 
================================================================================
DAG File Processing Stats

File Path                                PID    Runtime      # DAGs    # Errors  Last Runtime    Last Run
---------------------------------------  -----  ---------  --------  ----------  --------------  -------------------
/opt/airflow/dags/load_to_clickhouse.py                           1           0  1.78s           2025-11-01T21:00:26
/opt/airflow/dags/validate.py                                     1           0  2.07s           2025-11-01T21:00:25
================================================================================
[2025-11-01T21:00:57.869+0000] {manager.py:879} INFO - 
================================================================================
DAG File Processing Stats

File Path                                  PID  Runtime      # DAGs    # Errors  Last Runtime    Last Run
---------------------------------------  -----  ---------  --------  ----------  --------------  -------------------
/opt/airflow/dags/load_to_clickhouse.py   3020  1.32s             1           0  1.78s           2025-11-01T21:00:26
/opt/airflow/dags/validate.py             3017  1.41s             1           0  2.07s           2025-11-01T21:00:25
================================================================================
[2025-11-01T21:01:27.845+0000] {manager.py:879} INFO - 
================================================================================
DAG File Processing Stats

File Path                                  PID  Runtime      # DAGs    # Errors  Last Runtime    Last Run
---------------------------------------  -----  ---------  --------  ----------  --------------  -------------------
/opt/airflow/dags/load_to_clickhouse.py   3020  31.37s            1           0  1.78s           2025-11-01T21:00:26
/opt/airflow/dags/validate.py             3017  31.46s            1           0  2.07s           2025-11-01T21:00:25
================================================================================
[2025-11-01T21:01:58.145+0000] {manager.py:879} INFO - 
================================================================================
DAG File Processing Stats

File Path                                PID    Runtime      # DAGs    # Errors  Last Runtime    Last Run
---------------------------------------  -----  ---------  --------  ----------  --------------  -------------------
/opt/airflow/dags/load_to_clickhouse.py                           1           0  33.72s          2025-11-01T21:01:30
/opt/airflow/dags/validate.py                                     1           0  33.80s          2025-11-01T21:01:30
================================================================================
[2025-11-01T21:02:28.301+0000] {manager.py:879} INFO - 
================================================================================
DAG File Processing Stats

File Path                                PID    Runtime      # DAGs    # Errors  Last Runtime    Last Run
---------------------------------------  -----  ---------  --------  ----------  --------------  -------------------
/opt/airflow/dags/load_to_clickhouse.py                           1           0  19.96s          2025-11-01T21:02:20
/opt/airflow/dags/validate.py                                     1           0  20.05s          2025-11-01T21:02:20
================================================================================
[2025-11-01T21:02:32.358+0000] {manager.py:738} INFO - Searching for files in /opt/airflow/dags
[2025-11-01T21:02:32.472+0000] {manager.py:741} INFO - There are 2 files in /opt/airflow/dags
[2025-11-01T21:02:59.192+0000] {manager.py:879} INFO - 
================================================================================
DAG File Processing Stats

File Path                                  PID  Runtime      # DAGs    # Errors  Last Runtime    Last Run
---------------------------------------  -----  ---------  --------  ----------  --------------  -------------------
/opt/airflow/dags/load_to_clickhouse.py   3044  2.91s             1           0  19.96s          2025-11-01T21:02:20
/opt/airflow/dags/validate.py             3041  5.19s             1           0  20.05s          2025-11-01T21:02:20
================================================================================
[2025-11-01T21:03:29.670+0000] {manager.py:879} INFO - 
================================================================================
DAG File Processing Stats

File Path                                PID    Runtime      # DAGs    # Errors  Last Runtime    Last Run
---------------------------------------  -----  ---------  --------  ----------  --------------  -------------------
/opt/airflow/dags/load_to_clickhouse.py                           1           0  24.74s          2025-11-01T21:03:20
/opt/airflow/dags/validate.py                                     1           0  27.01s          2025-11-01T21:03:20
================================================================================
[2025-11-01T21:04:00.104+0000] {manager.py:879} INFO - 
================================================================================
DAG File Processing Stats

File Path                                  PID  Runtime      # DAGs    # Errors  Last Runtime    Last Run
---------------------------------------  -----  ---------  --------  ----------  --------------  -------------------
/opt/airflow/dags/load_to_clickhouse.py   3056  5.61s             1           0  24.74s          2025-11-01T21:03:20
/opt/airflow/dags/validate.py             3053  8.20s             1           0  27.01s          2025-11-01T21:03:20
================================================================================
[2025-11-01T21:04:30.722+0000] {manager.py:879} INFO - 
================================================================================
DAG File Processing Stats

File Path                                PID    Runtime      # DAGs    # Errors  Last Runtime    Last Run
---------------------------------------  -----  ---------  --------  ----------  --------------  -------------------
/opt/airflow/dags/load_to_clickhouse.py                           1           0  7.81s           2025-11-01T21:04:02
/opt/airflow/dags/validate.py                                     1           0  10.49s          2025-11-01T21:04:02
================================================================================
[2025-11-01T21:05:09.075+0000] {manager.py:879} INFO - 
================================================================================
DAG File Processing Stats

File Path                                PID    Runtime      # DAGs    # Errors  Last Runtime    Last Run
---------------------------------------  -----  ---------  --------  ----------  --------------  -------------------
/opt/airflow/dags/load_to_clickhouse.py                           1           0  15.19s          2025-11-01T21:04:48
/opt/airflow/dags/validate.py                                     1           0  15.22s          2025-11-01T21:04:48
================================================================================
[2025-11-01T21:05:43.693+0000] {manager.py:879} INFO - 
================================================================================
DAG File Processing Stats

File Path                                  PID  Runtime      # DAGs    # Errors  Last Runtime    Last Run
---------------------------------------  -----  ---------  --------  ----------  --------------  -------------------
/opt/airflow/dags/load_to_clickhouse.py   3080  23.94s            1           0  15.19s          2025-11-01T21:04:48
/opt/airflow/dags/validate.py             3077  24.42s            1           0  15.22s          2025-11-01T21:04:48
================================================================================
[2025-11-01T21:06:09.052+0000] {manager.py:1201} ERROR - Processor for /opt/airflow/dags/validate.py with PID 3077 started at 2025-11-01T21:05:18.673400+00:00 has timed out, killing it.
[2025-11-01T21:06:10.623+0000] {manager.py:1201} ERROR - Processor for /opt/airflow/dags/load_to_clickhouse.py with PID 3080 started at 2025-11-01T21:05:19.155426+00:00 has timed out, killing it.
[2025-11-01T21:06:14.272+0000] {manager.py:879} INFO - 
================================================================================
DAG File Processing Stats

File Path                                PID    Runtime      # DAGs    # Errors  Last Runtime    Last Run
---------------------------------------  -----  ---------  --------  ----------  --------------  -------------------
/opt/airflow/dags/load_to_clickhouse.py                           0           1  51.47s          2025-11-01T21:06:10
/opt/airflow/dags/validate.py                                     0           1  50.29s          2025-11-01T21:06:08
================================================================================
[2025-11-01T21:06:44.448+0000] {manager.py:879} INFO - 
================================================================================
DAG File Processing Stats

File Path                                  PID  Runtime      # DAGs    # Errors  Last Runtime    Last Run
---------------------------------------  -----  ---------  --------  ----------  --------------  -------------------
/opt/airflow/dags/load_to_clickhouse.py   3089  3.12s             0           1  51.47s          2025-11-01T21:06:10
/opt/airflow/dags/validate.py             3085  5.29s             0           1  50.29s          2025-11-01T21:06:08
================================================================================
[2025-11-01T21:07:13.988+0000] {manager.py:879} INFO - 
================================================================================
DAG File Processing Stats

File Path                                PID    Runtime      # DAGs    # Errors  Last Runtime    Last Run
---------------------------------------  -----  ---------  --------  ----------  --------------  -------------------
/opt/airflow/dags/load_to_clickhouse.py                           1           0  15.20s          2025-11-01T21:06:56
/opt/airflow/dags/validate.py                                     1           0  16.81s          2025-11-01T21:06:55
================================================================================
[2025-11-01T21:07:32.535+0000] {manager.py:738} INFO - Searching for files in /opt/airflow/dags
[2025-11-01T21:07:32.650+0000] {manager.py:741} INFO - There are 2 files in /opt/airflow/dags
[2025-11-01T21:07:44.746+0000] {manager.py:879} INFO - 
================================================================================
DAG File Processing Stats

File Path                                PID    Runtime      # DAGs    # Errors  Last Runtime    Last Run
---------------------------------------  -----  ---------  --------  ----------  --------------  -------------------
/opt/airflow/dags/load_to_clickhouse.py                           1           0  2.36s           2025-11-01T21:07:29
/opt/airflow/dags/validate.py                                     1           0  2.57s           2025-11-01T21:07:29
================================================================================
[2025-11-01T21:08:15.588+0000] {manager.py:879} INFO - 
================================================================================
DAG File Processing Stats

File Path                                PID    Runtime      # DAGs    # Errors  Last Runtime    Last Run
---------------------------------------  -----  ---------  --------  ----------  --------------  -------------------
/opt/airflow/dags/load_to_clickhouse.py                           1           0  6.91s           2025-11-01T21:08:06
/opt/airflow/dags/validate.py                                     1           0  6.95s           2025-11-01T21:08:06
================================================================================
[2025-11-01T21:08:47.232+0000] {manager.py:879} INFO - 
================================================================================
DAG File Processing Stats

File Path                                  PID  Runtime      # DAGs    # Errors  Last Runtime    Last Run
---------------------------------------  -----  ---------  --------  ----------  --------------  -------------------
/opt/airflow/dags/load_to_clickhouse.py   3122  3.80s             1           0  6.91s           2025-11-01T21:08:06
/opt/airflow/dags/validate.py             3121  4.38s             1           0  6.95s           2025-11-01T21:08:06
================================================================================
[2025-11-01T21:09:17.689+0000] {manager.py:879} INFO - 
================================================================================
DAG File Processing Stats

File Path                                  PID  Runtime      # DAGs    # Errors  Last Runtime    Last Run
---------------------------------------  -----  ---------  --------  ----------  --------------  -------------------
/opt/airflow/dags/load_to_clickhouse.py   3122  34.25s            1           0  6.91s           2025-11-01T21:08:06
/opt/airflow/dags/validate.py             3121  34.84s            1           0  6.95s           2025-11-01T21:08:06
================================================================================
[2025-11-01T21:09:47.838+0000] {manager.py:879} INFO - 
================================================================================
DAG File Processing Stats

File Path                                PID    Runtime      # DAGs    # Errors  Last Runtime    Last Run
---------------------------------------  -----  ---------  --------  ----------  --------------  -------------------
/opt/airflow/dags/load_to_clickhouse.py                           1           0  39.99s          2025-11-01T21:09:23
/opt/airflow/dags/validate.py                                     1           0  40.54s          2025-11-01T21:09:23
================================================================================
[2025-11-01T21:10:18.296+0000] {manager.py:879} INFO - 
================================================================================
DAG File Processing Stats

File Path                                  PID  Runtime      # DAGs    # Errors  Last Runtime    Last Run
---------------------------------------  -----  ---------  --------  ----------  --------------  -------------------
/opt/airflow/dags/load_to_clickhouse.py   3136  22.12s            1           0  39.99s          2025-11-01T21:09:23
/opt/airflow/dags/validate.py             3133  23.46s            1           0  40.54s          2025-11-01T21:09:23
================================================================================
[2025-11-01T21:10:48.406+0000] {manager.py:879} INFO - 
================================================================================
DAG File Processing Stats

File Path                                PID    Runtime      # DAGs    # Errors  Last Runtime    Last Run
---------------------------------------  -----  ---------  --------  ----------  --------------  -------------------
/opt/airflow/dags/load_to_clickhouse.py                           1           0  37.34s          2025-11-01T21:10:33
/opt/airflow/dags/validate.py                                     1           0  38.67s          2025-11-01T21:10:33
================================================================================
[2025-11-01T21:11:18.950+0000] {manager.py:879} INFO - 
================================================================================
DAG File Processing Stats

File Path                                PID    Runtime      # DAGs    # Errors  Last Runtime    Last Run
---------------------------------------  -----  ---------  --------  ----------  --------------  -------------------
/opt/airflow/dags/load_to_clickhouse.py                           1           0  13.59s          2025-11-01T21:11:17
/opt/airflow/dags/validate.py                                     1           0  14.24s          2025-11-01T21:11:17
================================================================================
[2025-11-01T21:11:49.456+0000] {manager.py:879} INFO - 
================================================================================
DAG File Processing Stats

File Path                                  PID  Runtime      # DAGs    # Errors  Last Runtime    Last Run
---------------------------------------  -----  ---------  --------  ----------  --------------  -------------------
/opt/airflow/dags/load_to_clickhouse.py   3160  1.03s             1           0  13.59s          2025-11-01T21:11:17
/opt/airflow/dags/validate.py             3157  1.07s             1           0  14.24s          2025-11-01T21:11:17
================================================================================
[2025-11-01T21:12:19.236+0000] {manager.py:879} INFO - 
================================================================================
DAG File Processing Stats

File Path                                PID    Runtime      # DAGs    # Errors  Last Runtime    Last Run
---------------------------------------  -----  ---------  --------  ----------  --------------  -------------------
/opt/airflow/dags/load_to_clickhouse.py                           1           0  2.26s           2025-11-01T21:11:50
/opt/airflow/dags/validate.py                                     1           0  2.15s           2025-11-01T21:11:50
================================================================================
[2025-11-01T21:12:32.661+0000] {manager.py:738} INFO - Searching for files in /opt/airflow/dags
[2025-11-01T21:12:32.776+0000] {manager.py:741} INFO - There are 2 files in /opt/airflow/dags
[2025-11-01T21:12:50.435+0000] {manager.py:879} INFO - 
================================================================================
DAG File Processing Stats

File Path                                PID    Runtime      # DAGs    # Errors  Last Runtime    Last Run
---------------------------------------  -----  ---------  --------  ----------  --------------  -------------------
/opt/airflow/dags/load_to_clickhouse.py                           1           0  2.25s           2025-11-01T21:12:23
/opt/airflow/dags/validate.py                                     1           0  1.79s           2025-11-01T21:12:23
================================================================================
[2025-11-01T21:13:23.055+0000] {manager.py:879} INFO - 
================================================================================
DAG File Processing Stats

File Path                                PID    Runtime      # DAGs    # Errors  Last Runtime    Last Run
---------------------------------------  -----  ---------  --------  ----------  --------------  -------------------
/opt/airflow/dags/load_to_clickhouse.py                           1           0  22.94s          2025-11-01T21:13:17
/opt/airflow/dags/validate.py                                     1           0  23.81s          2025-11-01T21:13:17
================================================================================
[2025-11-01T21:13:53.181+0000] {manager.py:879} INFO - 
================================================================================
DAG File Processing Stats

File Path                                  PID  Runtime      # DAGs    # Errors  Last Runtime    Last Run
---------------------------------------  -----  ---------  --------  ----------  --------------  -------------------
/opt/airflow/dags/load_to_clickhouse.py   3196  5.20s             1           0  22.94s          2025-11-01T21:13:17
/opt/airflow/dags/validate.py             3193  5.38s             1           0  23.81s          2025-11-01T21:13:17
================================================================================
[2025-11-01T21:14:23.296+0000] {manager.py:879} INFO - 
================================================================================
DAG File Processing Stats

File Path                                PID    Runtime      # DAGs    # Errors  Last Runtime    Last Run
---------------------------------------  -----  ---------  --------  ----------  --------------  -------------------
/opt/airflow/dags/load_to_clickhouse.py                           1           0  18.68s          2025-11-01T21:14:06
/opt/airflow/dags/validate.py                                     1           0  18.81s          2025-11-01T21:14:06
================================================================================
[2025-11-01T21:14:53.756+0000] {manager.py:879} INFO - 
================================================================================
DAG File Processing Stats

File Path                                  PID  Runtime      # DAGs    # Errors  Last Runtime    Last Run
---------------------------------------  -----  ---------  --------  ----------  --------------  -------------------
/opt/airflow/dags/load_to_clickhouse.py   3208  6.97s             1           0  18.68s          2025-11-01T21:14:06
/opt/airflow/dags/validate.py             3205  8.27s             1           0  18.81s          2025-11-01T21:14:06
================================================================================
[2025-11-01T21:15:24.344+0000] {manager.py:879} INFO - 
================================================================================
DAG File Processing Stats

File Path                                  PID  Runtime      # DAGs    # Errors  Last Runtime    Last Run
---------------------------------------  -----  ---------  --------  ----------  --------------  -------------------
/opt/airflow/dags/load_to_clickhouse.py   3208  38.04s            1           0  18.68s          2025-11-01T21:14:06
/opt/airflow/dags/validate.py             3205  39.34s            1           0  18.81s          2025-11-01T21:14:06
================================================================================
[2025-11-01T21:15:35.639+0000] {manager.py:1201} ERROR - Processor for /opt/airflow/dags/validate.py with PID 3205 started at 2025-11-01T21:14:44.968595+00:00 has timed out, killing it.
[2025-11-01T21:15:42.983+0000] {manager.py:1201} ERROR - Processor for /opt/airflow/dags/load_to_clickhouse.py with PID 3208 started at 2025-11-01T21:14:46.271273+00:00 has timed out, killing it.
[2025-11-01T21:15:55.931+0000] {manager.py:879} INFO - 
================================================================================
DAG File Processing Stats

File Path                                PID    Runtime      # DAGs    # Errors  Last Runtime    Last Run
---------------------------------------  -----  ---------  --------  ----------  --------------  -------------------
/opt/airflow/dags/load_to_clickhouse.py                           0           1  56.71s          2025-11-01T21:15:42
/opt/airflow/dags/validate.py                                     0           1  50.60s          2025-11-01T21:15:35
================================================================================
[2025-11-01T21:16:26.151+0000] {manager.py:879} INFO - 
================================================================================
DAG File Processing Stats

File Path                                  PID  Runtime      # DAGs    # Errors  Last Runtime    Last Run
---------------------------------------  -----  ---------  --------  ----------  --------------  -------------------
/opt/airflow/dags/load_to_clickhouse.py   3217  11.01s            0           1  56.71s          2025-11-01T21:15:42
/opt/airflow/dags/validate.py             3213  19.57s            0           1  50.60s          2025-11-01T21:15:35
================================================================================
[2025-11-01T21:16:59.313+0000] {manager.py:879} INFO - 
================================================================================
DAG File Processing Stats

File Path                                  PID  Runtime      # DAGs    # Errors  Last Runtime    Last Run
---------------------------------------  -----  ---------  --------  ----------  --------------  -------------------
/opt/airflow/dags/load_to_clickhouse.py   3217  43.61s            0           1  56.71s          2025-11-01T21:15:42
/opt/airflow/dags/validate.py             3213  52.17s            0           1  50.60s          2025-11-01T21:15:35
================================================================================
[2025-11-01T21:17:00.679+0000] {manager.py:1201} ERROR - Processor for /opt/airflow/dags/validate.py with PID 3213 started at 2025-11-01T21:16:06.512749+00:00 has timed out, killing it.
[2025-11-01T21:17:05.134+0000] {manager.py:1201} ERROR - Processor for /opt/airflow/dags/load_to_clickhouse.py with PID 3217 started at 2025-11-01T21:16:15.072318+00:00 has timed out, killing it.
[2025-11-01T21:17:30.404+0000] {manager.py:879} INFO - 
================================================================================
DAG File Processing Stats

File Path                                PID    Runtime      # DAGs    # Errors  Last Runtime    Last Run
---------------------------------------  -----  ---------  --------  ----------  --------------  -------------------
/opt/airflow/dags/load_to_clickhouse.py                           0           1  50.06s          2025-11-01T21:17:05
/opt/airflow/dags/validate.py                                     0           1  54.17s          2025-11-01T21:17:00
================================================================================
[2025-11-01T21:17:33.079+0000] {manager.py:738} INFO - Searching for files in /opt/airflow/dags
[2025-11-01T21:17:33.199+0000] {manager.py:741} INFO - There are 2 files in /opt/airflow/dags
[2025-11-01T21:18:00.804+0000] {manager.py:879} INFO - 
================================================================================
DAG File Processing Stats

File Path                                  PID  Runtime      # DAGs    # Errors  Last Runtime    Last Run
---------------------------------------  -----  ---------  --------  ----------  --------------  -------------------
/opt/airflow/dags/load_to_clickhouse.py   3225  25.41s            0           1  50.06s          2025-11-01T21:17:05
/opt/airflow/dags/validate.py             3221  29.68s            0           1  54.17s          2025-11-01T21:17:00
================================================================================
[2025-11-01T21:18:30.770+0000] {manager.py:879} INFO - 
================================================================================
DAG File Processing Stats

File Path                                PID    Runtime      # DAGs    # Errors  Last Runtime    Last Run
---------------------------------------  -----  ---------  --------  ----------  --------------  -------------------
/opt/airflow/dags/load_to_clickhouse.py                           0           1  31.36s          2025-11-01T21:18:06
/opt/airflow/dags/validate.py                                     1           0  36.66s          2025-11-01T21:18:07
================================================================================
[2025-11-01T21:19:00.901+0000] {manager.py:879} INFO - 
================================================================================
DAG File Processing Stats

File Path                                  PID  Runtime      # DAGs    # Errors  Last Runtime    Last Run
---------------------------------------  -----  ---------  --------  ----------  --------------  -------------------
/opt/airflow/dags/load_to_clickhouse.py   3233  21.43s            0           1  31.36s          2025-11-01T21:18:06
/opt/airflow/dags/validate.py             3236  17.39s            1           0  36.66s          2025-11-01T21:18:07
================================================================================
[2025-11-01T21:19:30.926+0000] {manager.py:879} INFO - 
================================================================================
DAG File Processing Stats

File Path                                PID    Runtime      # DAGs    # Errors  Last Runtime    Last Run
---------------------------------------  -----  ---------  --------  ----------  --------------  -------------------
/opt/airflow/dags/validate.py                                     0           1  33.61s          2025-11-01T21:19:17
/opt/airflow/dags/load_to_clickhouse.py                           1           0  47.31s          2025-11-01T21:19:26
================================================================================
[2025-11-01T21:20:00.892+0000] {manager.py:879} INFO - 
================================================================================
DAG File Processing Stats

File Path                                PID    Runtime      # DAGs    # Errors  Last Runtime    Last Run
---------------------------------------  -----  ---------  --------  ----------  --------------  -------------------
/opt/airflow/dags/load_to_clickhouse.py                           1           0  2.66s           2025-11-01T21:19:59
/opt/airflow/dags/validate.py                                     1           0  3.44s           2025-11-01T21:19:50
================================================================================
[2025-11-01T21:20:36.880+0000] {manager.py:879} INFO - 
================================================================================
DAG File Processing Stats

File Path                                  PID  Runtime      # DAGs    # Errors  Last Runtime    Last Run
---------------------------------------  -----  ---------  --------  ----------  --------------  -------------------
/opt/airflow/dags/load_to_clickhouse.py   3261  4.72s             1           0  2.66s           2025-11-01T21:19:59
/opt/airflow/dags/validate.py             3257  14.53s            1           0  3.44s           2025-11-01T21:19:50
================================================================================
[2025-11-01T21:21:09.535+0000] {manager.py:879} INFO - 
================================================================================
DAG File Processing Stats

File Path                                  PID  Runtime      # DAGs    # Errors  Last Runtime    Last Run
---------------------------------------  -----  ---------  --------  ----------  --------------  -------------------
/opt/airflow/dags/load_to_clickhouse.py   3261  36.78s            1           0  2.66s           2025-11-01T21:19:59
/opt/airflow/dags/validate.py                                     1           0  20.03s          2025-11-01T21:20:41
================================================================================
[2025-11-01T21:21:41.687+0000] {manager.py:879} INFO - 
================================================================================
DAG File Processing Stats

File Path                                  PID  Runtime      # DAGs    # Errors  Last Runtime    Last Run
---------------------------------------  -----  ---------  --------  ----------  --------------  -------------------
/opt/airflow/dags/load_to_clickhouse.py                           0           1  48.47s          2025-11-01T21:21:19
/opt/airflow/dags/validate.py             3267  24.87s            1           0  20.03s          2025-11-01T21:20:41
================================================================================
[2025-11-01T21:22:07.368+0000] {manager.py:1201} ERROR - Processor for /opt/airflow/dags/validate.py with PID 3267 started at 2025-11-01T21:21:16.442785+00:00 has timed out, killing it.
[2025-11-01T21:22:12.135+0000] {manager.py:879} INFO - 
================================================================================
DAG File Processing Stats

File Path                                  PID  Runtime      # DAGs    # Errors  Last Runtime    Last Run
---------------------------------------  -----  ---------  --------  ----------  --------------  -------------------
/opt/airflow/dags/load_to_clickhouse.py   3273  19.82s            0           1  48.47s          2025-11-01T21:21:19
/opt/airflow/dags/validate.py                                     0           1  50.81s          2025-11-01T21:22:07
================================================================================
[2025-11-01T21:22:33.786+0000] {manager.py:738} INFO - Searching for files in /opt/airflow/dags
[2025-11-01T21:22:36.140+0000] {manager.py:741} INFO - There are 2 files in /opt/airflow/dags
[2025-11-01T21:22:42.552+0000] {manager.py:879} INFO - 
================================================================================
DAG File Processing Stats

File Path                                  PID  Runtime      # DAGs    # Errors  Last Runtime    Last Run
---------------------------------------  -----  ---------  --------  ----------  --------------  -------------------
/opt/airflow/dags/validate.py             3279  3.24s             0           1  50.81s          2025-11-01T21:22:07
/opt/airflow/dags/load_to_clickhouse.py                           1           0  23.18s          2025-11-01T21:22:15
================================================================================
[2025-11-01T21:23:12.115+0000] {manager.py:879} INFO - 
================================================================================
DAG File Processing Stats

File Path                                PID    Runtime      # DAGs    # Errors  Last Runtime    Last Run
---------------------------------------  -----  ---------  --------  ----------  --------------  -------------------
/opt/airflow/dags/load_to_clickhouse.py                           1           0  1.85s           2025-11-01T21:22:47
/opt/airflow/dags/validate.py                                     1           0  3.36s           2025-11-01T21:22:42
================================================================================
[2025-11-01T21:23:42.281+0000] {manager.py:879} INFO - 
================================================================================
DAG File Processing Stats

File Path                                PID    Runtime      # DAGs    # Errors  Last Runtime    Last Run
---------------------------------------  -----  ---------  --------  ----------  --------------  -------------------
/opt/airflow/dags/load_to_clickhouse.py                           1           0  1.61s           2025-11-01T21:23:19
/opt/airflow/dags/validate.py                                     1           0  3.27s           2025-11-01T21:23:16
================================================================================
[2025-11-01T21:24:12.634+0000] {manager.py:879} INFO - 
================================================================================
DAG File Processing Stats

File Path                                PID    Runtime      # DAGs    # Errors  Last Runtime    Last Run
---------------------------------------  -----  ---------  --------  ----------  --------------  -------------------
/opt/airflow/dags/load_to_clickhouse.py                           1           0  11.05s          2025-11-01T21:24:05
/opt/airflow/dags/validate.py                                     1           0  17.38s          2025-11-01T21:24:03
================================================================================
[2025-11-01T21:24:42.554+0000] {manager.py:879} INFO - 
================================================================================
DAG File Processing Stats

File Path                                  PID  Runtime      # DAGs    # Errors  Last Runtime    Last Run
---------------------------------------  -----  ---------  --------  ----------  --------------  -------------------
/opt/airflow/dags/load_to_clickhouse.py   3318  5.08s             1           0  11.05s          2025-11-01T21:24:05
/opt/airflow/dags/validate.py             3315  7.60s             1           0  17.38s          2025-11-01T21:24:03
================================================================================
[2025-11-01T21:25:12.350+0000] {manager.py:879} INFO - 
================================================================================
DAG File Processing Stats

File Path                                PID    Runtime      # DAGs    # Errors  Last Runtime    Last Run
---------------------------------------  -----  ---------  --------  ----------  --------------  -------------------
/opt/airflow/dags/load_to_clickhouse.py                           1           0  5.33s           2025-11-01T21:24:42
/opt/airflow/dags/validate.py                                     1           0  7.72s           2025-11-01T21:24:42
================================================================================
[2025-11-01T21:25:43.008+0000] {manager.py:879} INFO - 
================================================================================
DAG File Processing Stats

File Path                                PID    Runtime      # DAGs    # Errors  Last Runtime    Last Run
---------------------------------------  -----  ---------  --------  ----------  --------------  -------------------
/opt/airflow/dags/load_to_clickhouse.py                           1           0  11.57s          2025-11-01T21:25:26
/opt/airflow/dags/validate.py                                     1           0  12.55s          2025-11-01T21:25:26
================================================================================
[2025-11-01T21:26:13.009+0000] {manager.py:879} INFO - 
================================================================================
DAG File Processing Stats

File Path                                  PID  Runtime      # DAGs    # Errors  Last Runtime    Last Run
---------------------------------------  -----  ---------  --------  ----------  --------------  -------------------
/opt/airflow/dags/load_to_clickhouse.py   3342  16.13s            1           0  11.57s          2025-11-01T21:25:26
/opt/airflow/dags/validate.py             3339  16.17s            1           0  12.55s          2025-11-01T21:25:26
================================================================================
[2025-11-01T21:26:43.470+0000] {manager.py:879} INFO - 
================================================================================
DAG File Processing Stats

File Path                                PID    Runtime      # DAGs    # Errors  Last Runtime    Last Run
---------------------------------------  -----  ---------  --------  ----------  --------------  -------------------
/opt/airflow/dags/load_to_clickhouse.py                           1           0  16.87s          2025-11-01T21:26:13
/opt/airflow/dags/validate.py                                     1           0  16.89s          2025-11-01T21:26:13
================================================================================
[2025-11-01T21:27:14.382+0000] {manager.py:879} INFO - 
================================================================================
DAG File Processing Stats

File Path                                PID    Runtime      # DAGs    # Errors  Last Runtime    Last Run
---------------------------------------  -----  ---------  --------  ----------  --------------  -------------------
/opt/airflow/dags/load_to_clickhouse.py                           1           0  6.02s           2025-11-01T21:26:53
/opt/airflow/dags/validate.py                                     1           0  7.81s           2025-11-01T21:26:53
================================================================================
[2025-11-01T21:27:33.798+0000] {manager.py:738} INFO - Searching for files in /opt/airflow/dags
[2025-11-01T21:27:34.009+0000] {manager.py:741} INFO - There are 2 files in /opt/airflow/dags
[2025-11-01T21:27:44.397+0000] {manager.py:879} INFO - 
================================================================================
DAG File Processing Stats

File Path                                PID    Runtime      # DAGs    # Errors  Last Runtime    Last Run
---------------------------------------  -----  ---------  --------  ----------  --------------  -------------------
/opt/airflow/dags/load_to_clickhouse.py                           1           0  2.81s           2025-11-01T21:27:26
/opt/airflow/dags/validate.py                                     1           0  2.03s           2025-11-01T21:27:25
================================================================================
[2025-11-01T21:28:14.569+0000] {manager.py:879} INFO - 
================================================================================
DAG File Processing Stats

File Path                                PID    Runtime      # DAGs    # Errors  Last Runtime    Last Run
---------------------------------------  -----  ---------  --------  ----------  --------------  -------------------
/opt/airflow/dags/load_to_clickhouse.py                           1           0  2.08s           2025-11-01T21:27:58
/opt/airflow/dags/validate.py                                     1           0  1.81s           2025-11-01T21:27:57
================================================================================
[2025-11-01T21:28:44.912+0000] {manager.py:879} INFO - 
================================================================================
DAG File Processing Stats

File Path                                PID    Runtime      # DAGs    # Errors  Last Runtime    Last Run
---------------------------------------  -----  ---------  --------  ----------  --------------  -------------------
/opt/airflow/dags/load_to_clickhouse.py                           1           0  2.25s           2025-11-01T21:28:31
/opt/airflow/dags/validate.py                                     1           0  1.65s           2025-11-01T21:28:29
================================================================================
[2025-11-01T21:29:16.747+0000] {manager.py:879} INFO - 
================================================================================
DAG File Processing Stats

File Path                                PID    Runtime      # DAGs    # Errors  Last Runtime    Last Run
---------------------------------------  -----  ---------  --------  ----------  --------------  -------------------
/opt/airflow/dags/load_to_clickhouse.py                           1           0  3.43s           2025-11-01T21:29:05
/opt/airflow/dags/validate.py                                     1           0  5.27s           2025-11-01T21:29:04
================================================================================
[2025-11-01T21:29:46.829+0000] {manager.py:879} INFO - 
================================================================================
DAG File Processing Stats

File Path                                PID    Runtime      # DAGs    # Errors  Last Runtime    Last Run
---------------------------------------  -----  ---------  --------  ----------  --------------  -------------------
/opt/airflow/dags/load_to_clickhouse.py                           1           0  2.30s           2025-11-01T21:29:38
/opt/airflow/dags/validate.py                                     1           0  2.45s           2025-11-01T21:29:37
================================================================================
[2025-11-01T21:30:17.017+0000] {manager.py:879} INFO - 
================================================================================
DAG File Processing Stats

File Path                                PID    Runtime      # DAGs    # Errors  Last Runtime    Last Run
---------------------------------------  -----  ---------  --------  ----------  --------------  -------------------
/opt/airflow/dags/load_to_clickhouse.py                           1           0  2.95s           2025-11-01T21:30:12
/opt/airflow/dags/validate.py                                     1           0  1.99s           2025-11-01T21:30:10
================================================================================
[2025-11-01T21:30:47.520+0000] {manager.py:879} INFO - 
================================================================================
DAG File Processing Stats

File Path                                  PID  Runtime      # DAGs    # Errors  Last Runtime    Last Run
---------------------------------------  -----  ---------  --------  ----------  --------------  -------------------
/opt/airflow/dags/load_to_clickhouse.py   3438  4.28s             1           0  2.95s           2025-11-01T21:30:12
/opt/airflow/dags/validate.py             3435  6.74s             1           0  1.99s           2025-11-01T21:30:10
================================================================================
[2025-11-01T21:31:17.690+0000] {manager.py:879} INFO - 
================================================================================
DAG File Processing Stats

File Path                                PID    Runtime      # DAGs    # Errors  Last Runtime    Last Run
---------------------------------------  -----  ---------  --------  ----------  --------------  -------------------
/opt/airflow/dags/load_to_clickhouse.py                           1           0  13.23s          2025-11-01T21:30:56
/opt/airflow/dags/validate.py                                     1           0  15.66s          2025-11-01T21:30:56
================================================================================
[2025-11-01T21:31:51.948+0000] {manager.py:879} INFO - 
================================================================================
DAG File Processing Stats

File Path                                  PID  Runtime      # DAGs    # Errors  Last Runtime    Last Run
---------------------------------------  -----  ---------  --------  ----------  --------------  -------------------
/opt/airflow/dags/load_to_clickhouse.py   3450  20.33s            1           0  13.23s          2025-11-01T21:30:56
/opt/airflow/dags/validate.py             3447  20.46s            1           0  15.66s          2025-11-01T21:30:56
================================================================================
[2025-11-01T21:32:23.570+0000] {manager.py:879} INFO - 
================================================================================
DAG File Processing Stats

File Path                                PID    Runtime      # DAGs    # Errors  Last Runtime    Last Run
---------------------------------------  -----  ---------  --------  ----------  --------------  -------------------
/opt/airflow/dags/load_to_clickhouse.py                           1           0  28.16s          2025-11-01T21:31:55
/opt/airflow/dags/validate.py                                     1           0  28.35s          2025-11-01T21:31:55
================================================================================
[2025-11-01T21:32:33.824+0000] {manager.py:738} INFO - Searching for files in /opt/airflow/dags
[2025-11-01T21:32:34.047+0000] {manager.py:741} INFO - There are 2 files in /opt/airflow/dags
[2025-11-01T21:32:54.501+0000] {manager.py:879} INFO - 
================================================================================
DAG File Processing Stats

File Path                                  PID  Runtime      # DAGs    # Errors  Last Runtime    Last Run
---------------------------------------  -----  ---------  --------  ----------  --------------  -------------------
/opt/airflow/dags/load_to_clickhouse.py   3462  26.92s            1           0  28.16s          2025-11-01T21:31:55
/opt/airflow/dags/validate.py             3459  27.36s            1           0  28.35s          2025-11-01T21:31:55
================================================================================
[2025-11-01T21:33:24.524+0000] {manager.py:879} INFO - 
================================================================================
DAG File Processing Stats

File Path                                PID    Runtime      # DAGs    # Errors  Last Runtime    Last Run
---------------------------------------  -----  ---------  --------  ----------  --------------  -------------------
/opt/airflow/dags/load_to_clickhouse.py                           1           0  30.65s          2025-11-01T21:32:57
/opt/airflow/dags/validate.py                                     1           0  31.15s          2025-11-01T21:32:57
================================================================================
[2025-11-01T21:33:54.733+0000] {manager.py:879} INFO - 
================================================================================
DAG File Processing Stats

File Path                                PID    Runtime      # DAGs    # Errors  Last Runtime    Last Run
---------------------------------------  -----  ---------  --------  ----------  --------------  -------------------
/opt/airflow/dags/load_to_clickhouse.py                           1           0  6.99s           2025-11-01T21:33:34
/opt/airflow/dags/validate.py                                     1           0  7.09s           2025-11-01T21:33:34
================================================================================
[2025-11-01T21:34:24.820+0000] {manager.py:879} INFO - 
================================================================================
DAG File Processing Stats

File Path                                PID    Runtime      # DAGs    # Errors  Last Runtime    Last Run
---------------------------------------  -----  ---------  --------  ----------  --------------  -------------------
/opt/airflow/dags/load_to_clickhouse.py                           1           0  3.52s           2025-11-01T21:34:08
/opt/airflow/dags/validate.py                                     1           0  3.36s           2025-11-01T21:34:08
================================================================================
[2025-11-01T21:34:54.751+0000] {manager.py:879} INFO - 
================================================================================
DAG File Processing Stats

File Path                                PID    Runtime      # DAGs    # Errors  Last Runtime    Last Run
---------------------------------------  -----  ---------  --------  ----------  --------------  -------------------
/opt/airflow/dags/load_to_clickhouse.py                           1           0  2.76s           2025-11-01T21:34:41
/opt/airflow/dags/validate.py                                     1           0  2.70s           2025-11-01T21:34:41
================================================================================
[2025-11-01T21:35:24.633+0000] {manager.py:879} INFO - 
================================================================================
DAG File Processing Stats

File Path                                PID    Runtime      # DAGs    # Errors  Last Runtime    Last Run
---------------------------------------  -----  ---------  --------  ----------  --------------  -------------------
/opt/airflow/dags/load_to_clickhouse.py                           1           0  2.44s           2025-11-01T21:35:14
/opt/airflow/dags/validate.py                                     1           0  1.80s           2025-11-01T21:35:13
================================================================================
[2025-11-01T21:35:55.760+0000] {manager.py:879} INFO - 
================================================================================
DAG File Processing Stats

File Path                                  PID  Runtime      # DAGs    # Errors  Last Runtime    Last Run
---------------------------------------  -----  ---------  --------  ----------  --------------  -------------------
/opt/airflow/dags/load_to_clickhouse.py   3522  4.87s             1           0  2.44s           2025-11-01T21:35:14
/opt/airflow/dags/validate.py             3519  8.37s             1           0  1.80s           2025-11-01T21:35:13
================================================================================
[2025-11-01T21:36:26.508+0000] {manager.py:879} INFO - 
================================================================================
DAG File Processing Stats

File Path                                PID    Runtime      # DAGs    # Errors  Last Runtime    Last Run
---------------------------------------  -----  ---------  --------  ----------  --------------  -------------------
/opt/airflow/dags/load_to_clickhouse.py                           1           0  34.20s          2025-11-01T21:36:24
/opt/airflow/dags/validate.py                                     1           0  37.73s          2025-11-01T21:36:24
================================================================================
[2025-11-01T21:36:56.879+0000] {manager.py:879} INFO - 
================================================================================
DAG File Processing Stats

File Path                                  PID  Runtime      # DAGs    # Errors  Last Runtime    Last Run
---------------------------------------  -----  ---------  --------  ----------  --------------  -------------------
/opt/airflow/dags/load_to_clickhouse.py   3534  0.08s             1           0  34.20s          2025-11-01T21:36:24
/opt/airflow/dags/validate.py             3531  0.46s             1           0  37.73s          2025-11-01T21:36:24
================================================================================
[2025-11-01T21:37:26.916+0000] {manager.py:879} INFO - 
================================================================================
DAG File Processing Stats

File Path                                  PID  Runtime      # DAGs    # Errors  Last Runtime    Last Run
---------------------------------------  -----  ---------  --------  ----------  --------------  -------------------
/opt/airflow/dags/load_to_clickhouse.py   3534  30.12s            1           0  34.20s          2025-11-01T21:36:24
/opt/airflow/dags/validate.py             3531  30.50s            1           0  37.73s          2025-11-01T21:36:24
================================================================================
[2025-11-01T21:37:34.233+0000] {manager.py:738} INFO - Searching for files in /opt/airflow/dags
[2025-11-01T21:37:34.427+0000] {manager.py:741} INFO - There are 2 files in /opt/airflow/dags
[2025-11-01T21:37:59.098+0000] {manager.py:879} INFO - 
================================================================================
DAG File Processing Stats

File Path                                PID    Runtime      # DAGs    # Errors  Last Runtime    Last Run
---------------------------------------  -----  ---------  --------  ----------  --------------  -------------------
/opt/airflow/dags/load_to_clickhouse.py                           1           0  33.64s          2025-11-01T21:37:30
/opt/airflow/dags/validate.py                                     1           0  34.06s          2025-11-01T21:37:30
================================================================================
[2025-11-01T21:38:30.049+0000] {manager.py:879} INFO - 
================================================================================
DAG File Processing Stats

File Path                                  PID  Runtime      # DAGs    # Errors  Last Runtime    Last Run
---------------------------------------  -----  ---------  --------  ----------  --------------  -------------------
/opt/airflow/dags/load_to_clickhouse.py   3546  24.75s            1           0  33.64s          2025-11-01T21:37:30
/opt/airflow/dags/validate.py             3543  25.15s            1           0  34.06s          2025-11-01T21:37:30
================================================================================
[2025-11-01T21:39:00.775+0000] {manager.py:879} INFO - 
================================================================================
DAG File Processing Stats

File Path                                PID    Runtime      # DAGs    # Errors  Last Runtime    Last Run
---------------------------------------  -----  ---------  --------  ----------  --------------  -------------------
/opt/airflow/dags/load_to_clickhouse.py                           1           0  37.13s          2025-11-01T21:38:42
/opt/airflow/dags/validate.py                                     1           0  37.50s          2025-11-01T21:38:42
================================================================================
[2025-11-01T21:39:31.316+0000] {manager.py:879} INFO - 
================================================================================
DAG File Processing Stats

File Path                                PID    Runtime      # DAGs    # Errors  Last Runtime    Last Run
---------------------------------------  -----  ---------  --------  ----------  --------------  -------------------
/opt/airflow/dags/load_to_clickhouse.py                           1           0  3.57s           2025-11-01T21:39:16
/opt/airflow/dags/validate.py                                     1           0  3.52s           2025-11-01T21:39:16
================================================================================
[2025-11-01T21:40:02.092+0000] {manager.py:879} INFO - 
================================================================================
DAG File Processing Stats

File Path                                PID    Runtime      # DAGs    # Errors  Last Runtime    Last Run
---------------------------------------  -----  ---------  --------  ----------  --------------  -------------------
/opt/airflow/dags/load_to_clickhouse.py                           1           0  2.38s           2025-11-01T21:39:49
/opt/airflow/dags/validate.py                                     1           0  2.42s           2025-11-01T21:39:49
================================================================================
[2025-11-01T21:40:32.530+0000] {manager.py:879} INFO - 
================================================================================
DAG File Processing Stats

File Path                                PID    Runtime      # DAGs    # Errors  Last Runtime    Last Run
---------------------------------------  -----  ---------  --------  ----------  --------------  -------------------
/opt/airflow/dags/load_to_clickhouse.py                           1           0  1.95s           2025-11-01T21:40:21
/opt/airflow/dags/validate.py                                     1           0  1.37s           2025-11-01T21:40:20
================================================================================
[2025-11-01T21:41:02.989+0000] {manager.py:879} INFO - 
================================================================================
DAG File Processing Stats

File Path                                PID    Runtime      # DAGs    # Errors  Last Runtime    Last Run
---------------------------------------  -----  ---------  --------  ----------  --------------  -------------------
/opt/airflow/dags/load_to_clickhouse.py                           1           0  2.35s           2025-11-01T21:40:54
/opt/airflow/dags/validate.py                                     1           0  1.73s           2025-11-01T21:40:52
================================================================================
[2025-11-01T21:41:32.890+0000] {manager.py:879} INFO - 
================================================================================
DAG File Processing Stats

File Path                                PID    Runtime      # DAGs    # Errors  Last Runtime    Last Run
---------------------------------------  -----  ---------  --------  ----------  --------------  -------------------
/opt/airflow/dags/load_to_clickhouse.py                           1           0  1.55s           2025-11-01T21:41:25
/opt/airflow/dags/validate.py                                     1           0  1.32s           2025-11-01T21:41:24
================================================================================
[2025-11-01T21:42:03.290+0000] {manager.py:879} INFO - 
================================================================================
DAG File Processing Stats

File Path                                PID    Runtime      # DAGs    # Errors  Last Runtime    Last Run
---------------------------------------  -----  ---------  --------  ----------  --------------  -------------------
/opt/airflow/dags/load_to_clickhouse.py                           1           0  1.45s           2025-11-01T21:41:57
/opt/airflow/dags/validate.py                                     1           0  1.33s           2025-11-01T21:41:56
================================================================================
[2025-11-01T21:42:33.609+0000] {manager.py:879} INFO - 
================================================================================
DAG File Processing Stats

File Path                                PID    Runtime      # DAGs    # Errors  Last Runtime    Last Run
---------------------------------------  -----  ---------  --------  ----------  --------------  -------------------
/opt/airflow/dags/load_to_clickhouse.py                           1           0  1.94s           2025-11-01T21:42:29
/opt/airflow/dags/validate.py                                     1           0  1.38s           2025-11-01T21:42:27
================================================================================
[2025-11-01T21:42:34.619+0000] {manager.py:738} INFO - Searching for files in /opt/airflow/dags
[2025-11-01T21:42:34.723+0000] {manager.py:741} INFO - There are 2 files in /opt/airflow/dags
[2025-11-01T21:43:03.588+0000] {manager.py:879} INFO - 
================================================================================
DAG File Processing Stats

File Path                                PID    Runtime      # DAGs    # Errors  Last Runtime    Last Run
---------------------------------------  -----  ---------  --------  ----------  --------------  -------------------
/opt/airflow/dags/load_to_clickhouse.py                           1           0  1.79s           2025-11-01T21:43:02
/opt/airflow/dags/validate.py                                     1           0  1.51s           2025-11-01T21:42:59
================================================================================
[2025-11-01T21:43:33.516+0000] {manager.py:879} INFO - 
================================================================================
DAG File Processing Stats

File Path                                  PID  Runtime      # DAGs    # Errors  Last Runtime    Last Run
---------------------------------------  -----  ---------  --------  ----------  --------------  -------------------
/opt/airflow/dags/load_to_clickhouse.py   3657  1.04s             1           0  1.79s           2025-11-01T21:43:02
/opt/airflow/dags/validate.py                                     1           0  1.78s           2025-11-01T21:43:31
================================================================================
[2025-11-01T21:44:04.132+0000] {manager.py:879} INFO - 
================================================================================
DAG File Processing Stats

File Path                                  PID  Runtime      # DAGs    # Errors  Last Runtime    Last Run
---------------------------------------  -----  ---------  --------  ----------  --------------  -------------------
/opt/airflow/dags/load_to_clickhouse.py   3667  0.05s             1           0  1.54s           2025-11-01T21:43:34
/opt/airflow/dags/validate.py             3663  2.12s             1           0  1.78s           2025-11-01T21:43:31
================================================================================
[2025-11-01T21:44:34.086+0000] {manager.py:879} INFO - 
================================================================================
DAG File Processing Stats

File Path                                PID    Runtime      # DAGs    # Errors  Last Runtime    Last Run
---------------------------------------  -----  ---------  --------  ----------  --------------  -------------------
/opt/airflow/dags/load_to_clickhouse.py                           1           0  2.38s           2025-11-01T21:44:06
/opt/airflow/dags/validate.py                                     1           0  2.77s           2025-11-01T21:44:04
================================================================================
[2025-11-01T21:45:04.205+0000] {manager.py:879} INFO - 
================================================================================
DAG File Processing Stats

File Path                                PID    Runtime      # DAGs    # Errors  Last Runtime    Last Run
---------------------------------------  -----  ---------  --------  ----------  --------------  -------------------
/opt/airflow/dags/load_to_clickhouse.py                           1           0  2.19s           2025-11-01T21:44:38
/opt/airflow/dags/validate.py                                     1           0  1.92s           2025-11-01T21:44:36
================================================================================
[2025-11-01T21:45:35.020+0000] {manager.py:879} INFO - 
================================================================================
DAG File Processing Stats

File Path                                PID    Runtime      # DAGs    # Errors  Last Runtime    Last Run
---------------------------------------  -----  ---------  --------  ----------  --------------  -------------------
/opt/airflow/dags/load_to_clickhouse.py                           1           0  13.12s          2025-11-01T21:45:22
/opt/airflow/dags/validate.py                                     1           0  15.50s          2025-11-01T21:45:23
================================================================================
[2025-11-01T21:46:06.068+0000] {manager.py:879} INFO - 
================================================================================
DAG File Processing Stats

File Path                                PID    Runtime      # DAGs    # Errors  Last Runtime    Last Run
---------------------------------------  -----  ---------  --------  ----------  --------------  -------------------
/opt/airflow/dags/load_to_clickhouse.py                           1           0  11.52s          2025-11-01T21:46:05
/opt/airflow/dags/validate.py                                     1           0  11.66s          2025-11-01T21:46:05
================================================================================
[2025-11-01T21:46:36.745+0000] {manager.py:879} INFO - 
================================================================================
DAG File Processing Stats

File Path                                  PID  Runtime      # DAGs    # Errors  Last Runtime    Last Run
---------------------------------------  -----  ---------  --------  ----------  --------------  -------------------
/opt/airflow/dags/load_to_clickhouse.py   3712  0.16s             1           0  11.52s          2025-11-01T21:46:05
/opt/airflow/dags/validate.py             3711  0.79s             1           0  11.66s          2025-11-01T21:46:05
================================================================================
[2025-11-01T21:47:06.834+0000] {manager.py:879} INFO - 
================================================================================
DAG File Processing Stats

File Path                                PID    Runtime      # DAGs    # Errors  Last Runtime    Last Run
---------------------------------------  -----  ---------  --------  ----------  --------------  -------------------
/opt/airflow/dags/load_to_clickhouse.py                           1           0  27.74s          2025-11-01T21:47:04
/opt/airflow/dags/validate.py                                     1           0  28.43s          2025-11-01T21:47:04
================================================================================
[2025-11-01T21:47:35.251+0000] {manager.py:738} INFO - Searching for files in /opt/airflow/dags
[2025-11-01T21:47:35.401+0000] {manager.py:741} INFO - There are 2 files in /opt/airflow/dags
[2025-11-01T21:47:36.602+0000] {manager.py:879} INFO - 
================================================================================
DAG File Processing Stats

File Path                                  PID  Runtime      # DAGs    # Errors  Last Runtime    Last Run
---------------------------------------  -----  ---------  --------  ----------  --------------  -------------------
/opt/airflow/dags/load_to_clickhouse.py   3726  1.94s             1           0  27.74s          2025-11-01T21:47:04
/opt/airflow/dags/validate.py             3723  2.08s             1           0  28.43s          2025-11-01T21:47:04
================================================================================
[2025-11-01T21:48:07.654+0000] {manager.py:879} INFO - 
================================================================================
DAG File Processing Stats

File Path                                PID    Runtime      # DAGs    # Errors  Last Runtime    Last Run
---------------------------------------  -----  ---------  --------  ----------  --------------  -------------------
/opt/airflow/dags/load_to_clickhouse.py                           1           0  18.76s          2025-11-01T21:47:53
/opt/airflow/dags/validate.py                                     1           0  18.88s          2025-11-01T21:47:53
================================================================================
[2025-11-01T21:48:37.763+0000] {manager.py:879} INFO - 
================================================================================
DAG File Processing Stats

File Path                                  PID  Runtime      # DAGs    # Errors  Last Runtime    Last Run
---------------------------------------  -----  ---------  --------  ----------  --------------  -------------------
/opt/airflow/dags/load_to_clickhouse.py   3738  11.32s            1           0  18.76s          2025-11-01T21:47:53
/opt/airflow/dags/validate.py             3735  12.73s            1           0  18.88s          2025-11-01T21:47:53
================================================================================
[2025-11-01T21:49:07.989+0000] {manager.py:879} INFO - 
================================================================================
DAG File Processing Stats

File Path                                PID    Runtime      # DAGs    # Errors  Last Runtime    Last Run
---------------------------------------  -----  ---------  --------  ----------  --------------  -------------------
/opt/airflow/dags/load_to_clickhouse.py                           1           0  15.96s          2025-11-01T21:48:42
/opt/airflow/dags/validate.py                                     1           0  17.36s          2025-11-01T21:48:42
================================================================================
[2025-11-01T21:49:38.147+0000] {manager.py:879} INFO - 
================================================================================
DAG File Processing Stats

File Path                                PID    Runtime      # DAGs    # Errors  Last Runtime    Last Run
---------------------------------------  -----  ---------  --------  ----------  --------------  -------------------
/opt/airflow/dags/load_to_clickhouse.py                           1           0  3.38s           2025-11-01T21:49:16
/opt/airflow/dags/validate.py                                     1           0  3.41s           2025-11-01T21:49:16
================================================================================
[2025-11-01T21:50:09.072+0000] {manager.py:879} INFO - 
================================================================================
DAG File Processing Stats

File Path                                PID    Runtime      # DAGs    # Errors  Last Runtime    Last Run
---------------------------------------  -----  ---------  --------  ----------  --------------  -------------------
/opt/airflow/dags/load_to_clickhouse.py                           1           0  4.30s           2025-11-01T21:49:51
/opt/airflow/dags/validate.py                                     1           0  3.73s           2025-11-01T21:49:50
================================================================================
[2025-11-01T21:50:39.526+0000] {manager.py:879} INFO - 
================================================================================
DAG File Processing Stats

File Path                                PID    Runtime      # DAGs    # Errors  Last Runtime    Last Run
---------------------------------------  -----  ---------  --------  ----------  --------------  -------------------
/opt/airflow/dags/load_to_clickhouse.py                           1           0  11.60s          2025-11-01T21:50:35
/opt/airflow/dags/validate.py                                     1           0  13.81s          2025-11-01T21:50:35
================================================================================
[2025-11-01T21:51:10.104+0000] {manager.py:879} INFO - 
================================================================================
DAG File Processing Stats

File Path                                  PID  Runtime      # DAGs    # Errors  Last Runtime    Last Run
---------------------------------------  -----  ---------  --------  ----------  --------------  -------------------
/opt/airflow/dags/load_to_clickhouse.py   3786  1.10s             1           0  11.60s          2025-11-01T21:50:35
/opt/airflow/dags/validate.py             3783  2.50s             1           0  13.81s          2025-11-01T21:50:35
================================================================================
[2025-11-01T21:51:40.425+0000] {manager.py:879} INFO - 
================================================================================
DAG File Processing Stats

File Path                                PID    Runtime      # DAGs    # Errors  Last Runtime    Last Run
---------------------------------------  -----  ---------  --------  ----------  --------------  -------------------
/opt/airflow/dags/load_to_clickhouse.py                           1           0  5.15s           2025-11-01T21:51:14
/opt/airflow/dags/validate.py                                     1           0  6.58s           2025-11-01T21:51:14
================================================================================
[2025-11-01T21:52:14.941+0000] {manager.py:879} INFO - 
================================================================================
DAG File Processing Stats

File Path                                PID    Runtime      # DAGs    # Errors  Last Runtime    Last Run
---------------------------------------  -----  ---------  --------  ----------  --------------  -------------------
/opt/airflow/dags/load_to_clickhouse.py                           1           0  9.58s           2025-11-01T21:51:54
/opt/airflow/dags/validate.py                                     1           0  9.85s           2025-11-01T21:51:54
================================================================================
[2025-11-01T21:52:35.878+0000] {manager.py:738} INFO - Searching for files in /opt/airflow/dags
[2025-11-01T21:52:36.503+0000] {manager.py:741} INFO - There are 2 files in /opt/airflow/dags
[2025-11-01T21:52:51.491+0000] {manager.py:879} INFO - 
================================================================================
DAG File Processing Stats

File Path                                PID    Runtime      # DAGs    # Errors  Last Runtime    Last Run
---------------------------------------  -----  ---------  --------  ----------  --------------  -------------------
/opt/airflow/dags/load_to_clickhouse.py                           1           0  19.01s          2025-11-01T21:52:44
/opt/airflow/dags/validate.py                                     1           0  19.14s          2025-11-01T21:52:44
================================================================================
[2025-11-01T21:53:22.200+0000] {manager.py:879} INFO - 
================================================================================
DAG File Processing Stats

File Path                                  PID  Runtime      # DAGs    # Errors  Last Runtime    Last Run
---------------------------------------  -----  ---------  --------  ----------  --------------  -------------------
/opt/airflow/dags/load_to_clickhouse.py   3821  5.16s             1           0  19.01s          2025-11-01T21:52:44
/opt/airflow/dags/validate.py             3819  6.37s             1           0  19.14s          2025-11-01T21:52:44
================================================================================
[2025-11-01T21:53:57.635+0000] {manager.py:879} INFO - 
================================================================================
DAG File Processing Stats

File Path                                PID    Runtime      # DAGs    # Errors  Last Runtime    Last Run
---------------------------------------  -----  ---------  --------  ----------  --------------  -------------------
/opt/airflow/dags/load_to_clickhouse.py                           1           0  21.67s          2025-11-01T21:53:38
/opt/airflow/dags/validate.py                                     1           0  22.81s          2025-11-01T21:53:38
================================================================================
[2025-11-01T21:54:29.961+0000] {manager.py:879} INFO - 
================================================================================
DAG File Processing Stats

File Path                                  PID  Runtime      # DAGs    # Errors  Last Runtime    Last Run
---------------------------------------  -----  ---------  --------  ----------  --------------  -------------------
/opt/airflow/dags/load_to_clickhouse.py   3833  9.35s             1           0  21.67s          2025-11-01T21:53:38
/opt/airflow/dags/validate.py             3831  13.61s            1           0  22.81s          2025-11-01T21:53:38
================================================================================
[2025-11-01T21:55:02.128+0000] {manager.py:879} INFO - 
================================================================================
DAG File Processing Stats

File Path                                PID    Runtime      # DAGs    # Errors  Last Runtime    Last Run
---------------------------------------  -----  ---------  --------  ----------  --------------  -------------------
/opt/airflow/dags/load_to_clickhouse.py                           1           0  21.19s          2025-11-01T21:54:41
/opt/airflow/dags/validate.py                                     1           0  25.49s          2025-11-01T21:54:41
================================================================================
[2025-11-01T21:55:32.641+0000] {manager.py:879} INFO - 
================================================================================
DAG File Processing Stats

File Path                                  PID  Runtime      # DAGs    # Errors  Last Runtime    Last Run
---------------------------------------  -----  ---------  --------  ----------  --------------  -------------------
/opt/airflow/dags/load_to_clickhouse.py   3846  9.61s             1           0  21.19s          2025-11-01T21:54:41
/opt/airflow/dags/validate.py             3843  10.34s            1           0  25.49s          2025-11-01T21:54:41
================================================================================
[2025-11-01T21:56:04.953+0000] {manager.py:879} INFO - 
================================================================================
DAG File Processing Stats

File Path                                PID    Runtime      # DAGs    # Errors  Last Runtime    Last Run
---------------------------------------  -----  ---------  --------  ----------  --------------  -------------------
/opt/airflow/dags/load_to_clickhouse.py                           1           0  18.75s          2025-11-01T21:55:41
/opt/airflow/dags/validate.py                                     1           0  19.46s          2025-11-01T21:55:41
================================================================================
[2025-11-01T21:56:36.771+0000] {manager.py:879} INFO - 
================================================================================
DAG File Processing Stats

File Path                                PID    Runtime      # DAGs    # Errors  Last Runtime    Last Run
---------------------------------------  -----  ---------  --------  ----------  --------------  -------------------
/opt/airflow/dags/load_to_clickhouse.py                           1           0  17.24s          2025-11-01T21:56:29
/opt/airflow/dags/validate.py                                     1           0  17.37s          2025-11-01T21:56:29
================================================================================
[2025-11-01T21:57:07.642+0000] {manager.py:879} INFO - 
================================================================================
DAG File Processing Stats

File Path                                  PID  Runtime      # DAGs    # Errors  Last Runtime    Last Run
---------------------------------------  -----  ---------  --------  ----------  --------------  -------------------
/opt/airflow/dags/load_to_clickhouse.py   3870  7.07s             1           0  17.24s          2025-11-01T21:56:29
/opt/airflow/dags/validate.py             3867  7.13s             1           0  17.37s          2025-11-01T21:56:29
================================================================================
[2025-11-01T21:57:36.007+0000] {manager.py:738} INFO - Searching for files in /opt/airflow/dags
[2025-11-01T21:57:36.144+0000] {manager.py:741} INFO - There are 2 files in /opt/airflow/dags
[2025-11-01T21:57:38.527+0000] {manager.py:879} INFO - 
================================================================================
DAG File Processing Stats

File Path                                PID    Runtime      # DAGs    # Errors  Last Runtime    Last Run
---------------------------------------  -----  ---------  --------  ----------  --------------  -------------------
/opt/airflow/dags/load_to_clickhouse.py                           1           0  21.47s          2025-11-01T21:57:21
/opt/airflow/dags/validate.py                                     1           0  21.47s          2025-11-01T21:57:21
================================================================================
[2025-11-01T21:58:09.251+0000] {manager.py:879} INFO - 
================================================================================
DAG File Processing Stats

File Path                                PID    Runtime      # DAGs    # Errors  Last Runtime    Last Run
---------------------------------------  -----  ---------  --------  ----------  --------------  -------------------
/opt/airflow/dags/load_to_clickhouse.py                           1           0  4.85s           2025-11-01T21:57:57
/opt/airflow/dags/validate.py                                     1           0  5.13s           2025-11-01T21:57:57
================================================================================
[2025-11-01T21:58:39.524+0000] {manager.py:879} INFO - 
================================================================================
DAG File Processing Stats

File Path                                PID    Runtime      # DAGs    # Errors  Last Runtime    Last Run
---------------------------------------  -----  ---------  --------  ----------  --------------  -------------------
/opt/airflow/dags/load_to_clickhouse.py                           1           0  2.42s           2025-11-01T21:58:30
/opt/airflow/dags/validate.py                                     1           0  2.31s           2025-11-01T21:58:29
================================================================================
[2025-11-01T21:59:09.568+0000] {manager.py:879} INFO - 
================================================================================
DAG File Processing Stats

File Path                                PID    Runtime      # DAGs    # Errors  Last Runtime    Last Run
---------------------------------------  -----  ---------  --------  ----------  --------------  -------------------
/opt/airflow/dags/load_to_clickhouse.py                           1           0  3.15s           2025-11-01T21:59:03
/opt/airflow/dags/validate.py                                     1           0  2.71s           2025-11-01T21:59:02
================================================================================
[2025-11-01T21:59:39.906+0000] {manager.py:879} INFO - 
================================================================================
DAG File Processing Stats

File Path                                PID    Runtime      # DAGs    # Errors  Last Runtime    Last Run
---------------------------------------  -----  ---------  --------  ----------  --------------  -------------------
/opt/airflow/dags/load_to_clickhouse.py                           1           0  2.32s           2025-11-01T21:59:36
/opt/airflow/dags/validate.py                                     1           0  2.34s           2025-11-01T21:59:36
================================================================================
[2025-11-01T22:00:09.910+0000] {manager.py:879} INFO - 
================================================================================
DAG File Processing Stats

File Path                                  PID  Runtime      # DAGs    # Errors  Last Runtime    Last Run
---------------------------------------  -----  ---------  --------  ----------  --------------  -------------------
/opt/airflow/dags/load_to_clickhouse.py   3930  3.56s             1           0  2.32s           2025-11-01T21:59:36
/opt/airflow/dags/validate.py                                     1           0  2.58s           2025-11-01T22:00:08
================================================================================
[2025-11-01T22:00:40.367+0000] {manager.py:879} INFO - 
================================================================================
DAG File Processing Stats

File Path                                  PID  Runtime      # DAGs    # Errors  Last Runtime    Last Run
---------------------------------------  -----  ---------  --------  ----------  --------------  -------------------
/opt/airflow/dags/load_to_clickhouse.py   3943  0.03s             1           0  3.69s           2025-11-01T22:00:10
/opt/airflow/dags/validate.py             3939  1.08s             1           0  2.58s           2025-11-01T22:00:08
================================================================================
[2025-11-01T22:01:10.518+0000] {manager.py:879} INFO - 
================================================================================
DAG File Processing Stats

File Path                                PID    Runtime      # DAGs    # Errors  Last Runtime    Last Run
---------------------------------------  -----  ---------  --------  ----------  --------------  -------------------
/opt/airflow/dags/load_to_clickhouse.py                           1           0  2.02s           2025-11-01T22:00:42
/opt/airflow/dags/validate.py                                     1           0  1.89s           2025-11-01T22:00:41
================================================================================
[2025-11-01T22:01:40.731+0000] {manager.py:879} INFO - 
================================================================================
DAG File Processing Stats

File Path                                PID    Runtime      # DAGs    # Errors  Last Runtime    Last Run
---------------------------------------  -----  ---------  --------  ----------  --------------  -------------------
/opt/airflow/dags/load_to_clickhouse.py                           1           0  5.30s           2025-11-01T22:01:18
/opt/airflow/dags/validate.py                                     1           0  5.83s           2025-11-01T22:01:17
================================================================================
[2025-11-01T22:02:11.432+0000] {manager.py:879} INFO - 
================================================================================
DAG File Processing Stats

File Path                                PID    Runtime      # DAGs    # Errors  Last Runtime    Last Run
---------------------------------------  -----  ---------  --------  ----------  --------------  -------------------
/opt/airflow/dags/load_to_clickhouse.py                           1           0  8.66s           2025-11-01T22:01:57
/opt/airflow/dags/validate.py                                     1           0  9.71s           2025-11-01T22:01:57
================================================================================
[2025-11-01T22:02:36.217+0000] {manager.py:738} INFO - Searching for files in /opt/airflow/dags
[2025-11-01T22:02:38.444+0000] {manager.py:741} INFO - There are 2 files in /opt/airflow/dags
[2025-11-01T22:02:42.775+0000] {manager.py:879} INFO - 
================================================================================
DAG File Processing Stats

File Path                                PID    Runtime      # DAGs    # Errors  Last Runtime    Last Run
---------------------------------------  -----  ---------  --------  ----------  --------------  -------------------
/opt/airflow/dags/load_to_clickhouse.py                           1           0  3.29s           2025-11-01T22:02:31
/opt/airflow/dags/validate.py                                     1           0  3.35s           2025-11-01T22:02:31
================================================================================
[2025-11-01T22:03:13.442+0000] {manager.py:879} INFO - 
================================================================================
DAG File Processing Stats

File Path                                PID    Runtime      # DAGs    # Errors  Last Runtime    Last Run
---------------------------------------  -----  ---------  --------  ----------  --------------  -------------------
/opt/airflow/dags/load_to_clickhouse.py                           1           0  1.86s           2025-11-01T22:03:03
/opt/airflow/dags/validate.py                                     1           0  1.59s           2025-11-01T22:03:03
================================================================================
[2025-11-01T22:03:43.493+0000] {manager.py:879} INFO - 
================================================================================
DAG File Processing Stats

File Path                                  PID  Runtime      # DAGs    # Errors  Last Runtime    Last Run
---------------------------------------  -----  ---------  --------  ----------  --------------  -------------------
/opt/airflow/dags/load_to_clickhouse.py   4002  0.12s             1           0  1.86s           2025-11-01T22:03:03
/opt/airflow/dags/validate.py             3999  6.02s             1           0  1.59s           2025-11-01T22:03:03
================================================================================
[2025-11-01T22:04:13.689+0000] {manager.py:879} INFO - 
================================================================================
DAG File Processing Stats

File Path                                PID    Runtime      # DAGs    # Errors  Last Runtime    Last Run
---------------------------------------  -----  ---------  --------  ----------  --------------  -------------------
/opt/airflow/dags/load_to_clickhouse.py                           1           0  7.11s           2025-11-01T22:03:50
/opt/airflow/dags/validate.py                                     1           0  12.99s          2025-11-01T22:03:50
================================================================================
[2025-11-01T22:04:43.616+0000] {manager.py:879} INFO - 
================================================================================
DAG File Processing Stats

File Path                                PID    Runtime      # DAGs    # Errors  Last Runtime    Last Run
---------------------------------------  -----  ---------  --------  ----------  --------------  -------------------
/opt/airflow/dags/load_to_clickhouse.py                           1           0  1.55s           2025-11-01T22:04:22
/opt/airflow/dags/validate.py                                     1           0  1.28s           2025-11-01T22:04:22
================================================================================
[2025-11-01T22:05:14.132+0000] {manager.py:879} INFO - 
================================================================================
DAG File Processing Stats

File Path                                PID    Runtime      # DAGs    # Errors  Last Runtime    Last Run
---------------------------------------  -----  ---------  --------  ----------  --------------  -------------------
/opt/airflow/dags/load_to_clickhouse.py                           1           0  1.70s           2025-11-01T22:04:54
/opt/airflow/dags/validate.py                                     1           0  1.47s           2025-11-01T22:04:53
================================================================================
[2025-11-01T22:05:44.336+0000] {manager.py:879} INFO - 
================================================================================
DAG File Processing Stats

File Path                                PID    Runtime      # DAGs    # Errors  Last Runtime    Last Run
---------------------------------------  -----  ---------  --------  ----------  --------------  -------------------
/opt/airflow/dags/load_to_clickhouse.py                           1           0  4.75s           2025-11-01T22:05:29
/opt/airflow/dags/validate.py                                     1           0  4.80s           2025-11-01T22:05:29
================================================================================
[2025-11-01T22:06:14.635+0000] {manager.py:879} INFO - 
================================================================================
DAG File Processing Stats

File Path                                PID    Runtime      # DAGs    # Errors  Last Runtime    Last Run
---------------------------------------  -----  ---------  --------  ----------  --------------  -------------------
/opt/airflow/dags/load_to_clickhouse.py                           1           0  2.10s           2025-11-01T22:06:01
/opt/airflow/dags/validate.py                                     1           0  1.99s           2025-11-01T22:06:01
================================================================================
[2025-11-01T22:06:44.971+0000] {manager.py:879} INFO - 
================================================================================
DAG File Processing Stats

File Path                                PID    Runtime      # DAGs    # Errors  Last Runtime    Last Run
---------------------------------------  -----  ---------  --------  ----------  --------------  -------------------
/opt/airflow/dags/load_to_clickhouse.py                           1           0  2.94s           2025-11-01T22:06:34
/opt/airflow/dags/validate.py                                     1           0  2.85s           2025-11-01T22:06:34
================================================================================
[2025-11-01T22:07:15.457+0000] {manager.py:879} INFO - 
================================================================================
DAG File Processing Stats

File Path                                PID    Runtime      # DAGs    # Errors  Last Runtime    Last Run
---------------------------------------  -----  ---------  --------  ----------  --------------  -------------------
/opt/airflow/dags/load_to_clickhouse.py                           1           0  2.19s           2025-11-01T22:07:07
/opt/airflow/dags/validate.py                                     1           0  1.64s           2025-11-01T22:07:06
================================================================================
[2025-11-01T22:07:36.658+0000] {manager.py:738} INFO - Searching for files in /opt/airflow/dags
[2025-11-01T22:07:36.768+0000] {manager.py:741} INFO - There are 2 files in /opt/airflow/dags
[2025-11-01T22:07:45.564+0000] {manager.py:879} INFO - 
================================================================================
DAG File Processing Stats

File Path                                PID    Runtime      # DAGs    # Errors  Last Runtime    Last Run
---------------------------------------  -----  ---------  --------  ----------  --------------  -------------------
/opt/airflow/dags/load_to_clickhouse.py                           1           0  2.56s           2025-11-01T22:07:40
/opt/airflow/dags/validate.py                                     1           0  1.80s           2025-11-01T22:07:39
================================================================================
[2025-11-01T22:08:16.152+0000] {manager.py:879} INFO - 
================================================================================
DAG File Processing Stats

File Path                                PID    Runtime      # DAGs    # Errors  Last Runtime    Last Run
---------------------------------------  -----  ---------  --------  ----------  --------------  -------------------
/opt/airflow/dags/load_to_clickhouse.py                           1           0  1.71s           2025-11-01T22:08:12
/opt/airflow/dags/validate.py                                     1           0  1.45s           2025-11-01T22:08:11
================================================================================
[2025-11-01T22:08:46.376+0000] {manager.py:879} INFO - 
================================================================================
DAG File Processing Stats

File Path                                PID    Runtime      # DAGs    # Errors  Last Runtime    Last Run
---------------------------------------  -----  ---------  --------  ----------  --------------  -------------------
/opt/airflow/dags/load_to_clickhouse.py                           1           0  1.88s           2025-11-01T22:08:44
/opt/airflow/dags/validate.py                                     1           0  1.20s           2025-11-01T22:08:42
================================================================================
[2025-11-01T22:09:16.307+0000] {manager.py:879} INFO - 
================================================================================
DAG File Processing Stats

File Path                                PID    Runtime      # DAGs    # Errors  Last Runtime    Last Run
---------------------------------------  -----  ---------  --------  ----------  --------------  -------------------
/opt/airflow/dags/load_to_clickhouse.py                           1           0  1.86s           2025-11-01T22:09:16
/opt/airflow/dags/validate.py                                     1           0  1.56s           2025-11-01T22:09:14
================================================================================
[2025-11-01T22:09:46.693+0000] {manager.py:879} INFO - 
================================================================================
DAG File Processing Stats

File Path                                  PID  Runtime      # DAGs    # Errors  Last Runtime    Last Run
---------------------------------------  -----  ---------  --------  ----------  --------------  -------------------
/opt/airflow/dags/load_to_clickhouse.py   4134  0.02s             1           0  1.86s           2025-11-01T22:09:16
/opt/airflow/dags/validate.py             4131  1.12s             1           0  1.56s           2025-11-01T22:09:14
================================================================================
[2025-11-01T22:10:17.474+0000] {manager.py:879} INFO - 
================================================================================
DAG File Processing Stats

File Path                                PID    Runtime      # DAGs    # Errors  Last Runtime    Last Run
---------------------------------------  -----  ---------  --------  ----------  --------------  -------------------
/opt/airflow/dags/load_to_clickhouse.py                           1           0  17.59s          2025-11-01T22:10:04
/opt/airflow/dags/validate.py                                     1           0  18.68s          2025-11-01T22:10:04
================================================================================
[2025-11-01T22:10:47.045+0000] {manager.py:879} INFO - 
================================================================================
DAG File Processing Stats

File Path                                  PID  Runtime      # DAGs    # Errors  Last Runtime    Last Run
---------------------------------------  -----  ---------  --------  ----------  --------------  -------------------
/opt/airflow/dags/load_to_clickhouse.py   4146  8.30s             1           0  17.59s          2025-11-01T22:10:04
/opt/airflow/dags/validate.py             4143  10.61s            1           0  18.68s          2025-11-01T22:10:04
================================================================================
[2025-11-01T22:11:17.730+0000] {manager.py:879} INFO - 
================================================================================
DAG File Processing Stats

File Path                                PID    Runtime      # DAGs    # Errors  Last Runtime    Last Run
---------------------------------------  -----  ---------  --------  ----------  --------------  -------------------
/opt/airflow/dags/load_to_clickhouse.py                           1           0  25.92s          2025-11-01T22:11:04
/opt/airflow/dags/validate.py                                     1           0  28.19s          2025-11-01T22:11:04
================================================================================
[2025-11-01T22:11:48.127+0000] {manager.py:879} INFO - 
================================================================================
DAG File Processing Stats

File Path                                PID    Runtime      # DAGs    # Errors  Last Runtime    Last Run
---------------------------------------  -----  ---------  --------  ----------  --------------  -------------------
/opt/airflow/dags/load_to_clickhouse.py                           1           0  2.40s           2025-11-01T22:11:37
/opt/airflow/dags/validate.py                                     1           0  1.82s           2025-11-01T22:11:36
================================================================================
[2025-11-01T22:12:18.042+0000] {manager.py:879} INFO - 
================================================================================
DAG File Processing Stats

File Path                                PID    Runtime      # DAGs    # Errors  Last Runtime    Last Run
---------------------------------------  -----  ---------  --------  ----------  --------------  -------------------
/opt/airflow/dags/load_to_clickhouse.py                           1           0  4.20s           2025-11-01T22:12:14
/opt/airflow/dags/validate.py                                     1           0  6.34s           2025-11-01T22:12:14
================================================================================
[2025-11-01T22:12:38.269+0000] {manager.py:738} INFO - Searching for files in /opt/airflow/dags
[2025-11-01T22:12:42.871+0000] {manager.py:741} INFO - There are 2 files in /opt/airflow/dags
[2025-11-01T22:12:48.447+0000] {manager.py:879} INFO - 
================================================================================
DAG File Processing Stats

File Path                                PID    Runtime      # DAGs    # Errors  Last Runtime    Last Run
---------------------------------------  -----  ---------  --------  ----------  --------------  -------------------
/opt/airflow/dags/load_to_clickhouse.py                           1           0  1.71s           2025-11-01T22:12:46
/opt/airflow/dags/validate.py                                     1           0  1.35s           2025-11-01T22:12:46
================================================================================
[2025-11-01T22:13:18.828+0000] {manager.py:879} INFO - 
================================================================================
DAG File Processing Stats

File Path                                  PID  Runtime      # DAGs    # Errors  Last Runtime    Last Run
---------------------------------------  -----  ---------  --------  ----------  --------------  -------------------
/opt/airflow/dags/load_to_clickhouse.py   4195  1.64s             1           0  1.71s           2025-11-01T22:12:46
/opt/airflow/dags/validate.py                                     1           0  1.43s           2025-11-01T22:13:18
================================================================================
[2025-11-01T22:13:48.853+0000] {manager.py:879} INFO - 
================================================================================
DAG File Processing Stats

File Path                                  PID  Runtime      # DAGs    # Errors  Last Runtime    Last Run
---------------------------------------  -----  ---------  --------  ----------  --------------  -------------------
/opt/airflow/dags/load_to_clickhouse.py                           1           0  1.88s           2025-11-01T22:13:19
/opt/airflow/dags/validate.py             4203  0.22s             1           0  1.43s           2025-11-01T22:13:18
================================================================================
[2025-11-01T22:14:19.488+0000] {manager.py:879} INFO - 
================================================================================
DAG File Processing Stats

File Path                                PID    Runtime      # DAGs    # Errors  Last Runtime    Last Run
---------------------------------------  -----  ---------  --------  ----------  --------------  -------------------
/opt/airflow/dags/load_to_clickhouse.py                           1           0  1.68s           2025-11-01T22:13:51
/opt/airflow/dags/validate.py                                     1           0  1.54s           2025-11-01T22:13:50
================================================================================
[2025-11-01T22:14:50.055+0000] {manager.py:879} INFO - 
================================================================================
DAG File Processing Stats

File Path                                PID    Runtime      # DAGs    # Errors  Last Runtime    Last Run
---------------------------------------  -----  ---------  --------  ----------  --------------  -------------------
/opt/airflow/dags/load_to_clickhouse.py                           1           0  2.16s           2025-11-01T22:14:23
/opt/airflow/dags/validate.py                                     1           0  1.89s           2025-11-01T22:14:22
================================================================================
[2025-11-01T22:15:20.439+0000] {manager.py:879} INFO - 
================================================================================
DAG File Processing Stats

File Path                                PID    Runtime      # DAGs    # Errors  Last Runtime    Last Run
---------------------------------------  -----  ---------  --------  ----------  --------------  -------------------
/opt/airflow/dags/load_to_clickhouse.py                           1           0  18.74s          2025-11-01T22:15:15
/opt/airflow/dags/validate.py                                     1           0  21.81s          2025-11-01T22:15:15
================================================================================
[2025-11-01T22:15:57.313+0000] {manager.py:879} INFO - 
================================================================================
DAG File Processing Stats

File Path                                  PID  Runtime      # DAGs    # Errors  Last Runtime    Last Run
---------------------------------------  -----  ---------  --------  ----------  --------------  -------------------
/opt/airflow/dags/load_to_clickhouse.py   4242  0.14s             1           0  18.74s          2025-11-01T22:15:15
/opt/airflow/dags/validate.py             4239  3.47s             1           0  21.81s          2025-11-01T22:15:15
================================================================================
[2025-11-01T22:16:27.635+0000] {manager.py:879} INFO - 
================================================================================
DAG File Processing Stats

File Path                                PID    Runtime      # DAGs    # Errors  Last Runtime    Last Run
---------------------------------------  -----  ---------  --------  ----------  --------------  -------------------
/opt/airflow/dags/load_to_clickhouse.py                           1           0  22.36s          2025-11-01T22:16:19
/opt/airflow/dags/validate.py                                     1           0  25.64s          2025-11-01T22:16:19
================================================================================
[2025-11-01T22:16:58.539+0000] {manager.py:879} INFO - 
================================================================================
DAG File Processing Stats

File Path                                  PID  Runtime      # DAGs    # Errors  Last Runtime    Last Run
---------------------------------------  -----  ---------  --------  ----------  --------------  -------------------
/opt/airflow/dags/load_to_clickhouse.py   4254  3.34s             1           0  22.36s          2025-11-01T22:16:19
/opt/airflow/dags/validate.py             4251  7.04s             1           0  25.64s          2025-11-01T22:16:19
================================================================================
[2025-11-01T22:17:28.602+0000] {manager.py:879} INFO - 
================================================================================
DAG File Processing Stats

File Path                                PID    Runtime      # DAGs    # Errors  Last Runtime    Last Run
---------------------------------------  -----  ---------  --------  ----------  --------------  -------------------
/opt/airflow/dags/load_to_clickhouse.py                           1           0  7.16s           2025-11-01T22:17:02
/opt/airflow/dags/validate.py                                     1           0  10.87s          2025-11-01T22:17:02
================================================================================
[2025-11-01T22:17:38.606+0000] {manager.py:738} INFO - Searching for files in /opt/airflow/dags
[2025-11-01T22:17:38.709+0000] {manager.py:741} INFO - There are 2 files in /opt/airflow/dags
[2025-11-01T22:17:59.230+0000] {manager.py:879} INFO - 
================================================================================
DAG File Processing Stats

File Path                                PID    Runtime      # DAGs    # Errors  Last Runtime    Last Run
---------------------------------------  -----  ---------  --------  ----------  --------------  -------------------
/opt/airflow/dags/load_to_clickhouse.py                           1           0  5.10s           2025-11-01T22:17:37
/opt/airflow/dags/validate.py                                     1           0  4.88s           2025-11-01T22:17:37
================================================================================
[2025-11-01T22:18:29.440+0000] {manager.py:879} INFO - 
================================================================================
DAG File Processing Stats

File Path                                PID    Runtime      # DAGs    # Errors  Last Runtime    Last Run
---------------------------------------  -----  ---------  --------  ----------  --------------  -------------------
/opt/airflow/dags/load_to_clickhouse.py                           1           0  5.32s           2025-11-01T22:18:13
/opt/airflow/dags/validate.py                                     1           0  5.35s           2025-11-01T22:18:13
================================================================================
[2025-11-01T22:18:59.514+0000] {manager.py:879} INFO - 
================================================================================
DAG File Processing Stats

File Path                                PID    Runtime      # DAGs    # Errors  Last Runtime    Last Run
---------------------------------------  -----  ---------  --------  ----------  --------------  -------------------
/opt/airflow/dags/load_to_clickhouse.py                           1           0  6.66s           2025-11-01T22:18:50
/opt/airflow/dags/validate.py                                     1           0  6.00s           2025-11-01T22:18:50
================================================================================
[2025-11-01T22:19:29.767+0000] {manager.py:879} INFO - 
================================================================================
DAG File Processing Stats

File Path                                PID    Runtime      # DAGs    # Errors  Last Runtime    Last Run
---------------------------------------  -----  ---------  --------  ----------  --------------  -------------------
/opt/airflow/dags/load_to_clickhouse.py                           1           0  2.21s           2025-11-01T22:19:25
/opt/airflow/dags/validate.py                                     1           0  2.85s           2025-11-01T22:19:24
================================================================================
[2025-11-01T22:19:59.740+0000] {manager.py:879} INFO - 
================================================================================
DAG File Processing Stats

File Path                                PID    Runtime      # DAGs    # Errors  Last Runtime    Last Run
---------------------------------------  -----  ---------  --------  ----------  --------------  -------------------
/opt/airflow/dags/load_to_clickhouse.py                           1           0  2.87s           2025-11-01T22:19:58
/opt/airflow/dags/validate.py                                     1           0  2.61s           2025-11-01T22:19:57
================================================================================
[2025-11-01T22:20:29.878+0000] {manager.py:879} INFO - 
================================================================================
DAG File Processing Stats

File Path                                  PID  Runtime      # DAGs    # Errors  Last Runtime    Last Run
---------------------------------------  -----  ---------  --------  ----------  --------------  -------------------
/opt/airflow/dags/load_to_clickhouse.py   4327  1.04s             1           0  2.87s           2025-11-01T22:19:58
/opt/airflow/dags/validate.py             4323  2.12s             1           0  2.61s           2025-11-01T22:19:57
================================================================================
[2025-11-01T22:21:00.166+0000] {manager.py:879} INFO - 
================================================================================
DAG File Processing Stats

File Path                                PID    Runtime      # DAGs    # Errors  Last Runtime    Last Run
---------------------------------------  -----  ---------  --------  ----------  --------------  -------------------
/opt/airflow/dags/load_to_clickhouse.py                           1           0  2.32s           2025-11-01T22:20:31
/opt/airflow/dags/validate.py                                     1           0  2.47s           2025-11-01T22:20:30
================================================================================
[2025-11-01T22:21:30.708+0000] {manager.py:879} INFO - 
================================================================================
DAG File Processing Stats

File Path                                PID    Runtime      # DAGs    # Errors  Last Runtime    Last Run
---------------------------------------  -----  ---------  --------  ----------  --------------  -------------------
/opt/airflow/dags/load_to_clickhouse.py                           1           0  16.35s          2025-11-01T22:21:19
/opt/airflow/dags/validate.py                                     1           0  17.54s          2025-11-01T22:21:19
================================================================================
[2025-11-01T22:22:01.409+0000] {manager.py:879} INFO - 
================================================================================
DAG File Processing Stats

File Path                                  PID  Runtime      # DAGs    # Errors  Last Runtime    Last Run
---------------------------------------  -----  ---------  --------  ----------  --------------  -------------------
/opt/airflow/dags/load_to_clickhouse.py   4347  11.90s            1           0  16.35s          2025-11-01T22:21:19
/opt/airflow/dags/validate.py             4350  11.38s            1           0  17.54s          2025-11-01T22:21:19
================================================================================
[2025-11-01T22:22:32.072+0000] {manager.py:879} INFO - 
================================================================================
DAG File Processing Stats

File Path                                PID    Runtime      # DAGs    # Errors  Last Runtime    Last Run
---------------------------------------  -----  ---------  --------  ----------  --------------  -------------------
/opt/airflow/dags/load_to_clickhouse.py                           1           0  28.63s          2025-11-01T22:22:18
/opt/airflow/dags/validate.py                                     1           0  28.13s          2025-11-01T22:22:18
================================================================================
[2025-11-01T22:22:39.027+0000] {manager.py:738} INFO - Searching for files in /opt/airflow/dags
[2025-11-01T22:22:39.130+0000] {manager.py:741} INFO - There are 2 files in /opt/airflow/dags
[2025-11-01T22:23:02.021+0000] {manager.py:879} INFO - 
================================================================================
DAG File Processing Stats

File Path                                  PID  Runtime      # DAGs    # Errors  Last Runtime    Last Run
---------------------------------------  -----  ---------  --------  ----------  --------------  -------------------
/opt/airflow/dags/load_to_clickhouse.py   4360  6.26s             1           0  28.63s          2025-11-01T22:22:18
/opt/airflow/dags/validate.py             4359  9.38s             1           0  28.13s          2025-11-01T22:22:18
================================================================================
[2025-11-01T22:23:32.518+0000] {manager.py:879} INFO - 
================================================================================
DAG File Processing Stats

File Path                                PID    Runtime      # DAGs    # Errors  Last Runtime    Last Run
---------------------------------------  -----  ---------  --------  ----------  --------------  -------------------
/opt/airflow/dags/load_to_clickhouse.py                           1           0  12.57s          2025-11-01T22:23:08
/opt/airflow/dags/validate.py                                     1           0  15.56s          2025-11-01T22:23:08
================================================================================
[2025-11-01T22:24:02.968+0000] {manager.py:879} INFO - 
================================================================================
DAG File Processing Stats

File Path                                  PID  Runtime      # DAGs    # Errors  Last Runtime    Last Run
---------------------------------------  -----  ---------  --------  ----------  --------------  -------------------
/opt/airflow/dags/load_to_clickhouse.py   4374  23.89s            1           0  12.57s          2025-11-01T22:23:08
/opt/airflow/dags/validate.py             4371  24.10s            1           0  15.56s          2025-11-01T22:23:08
================================================================================
[2025-11-01T22:24:33.430+0000] {manager.py:879} INFO - 
================================================================================
DAG File Processing Stats

File Path                                PID    Runtime      # DAGs    # Errors  Last Runtime    Last Run
---------------------------------------  -----  ---------  --------  ----------  --------------  -------------------
/opt/airflow/dags/load_to_clickhouse.py                           1           0  27.01s          2025-11-01T22:24:05
/opt/airflow/dags/validate.py                                     1           0  27.24s          2025-11-01T22:24:05
================================================================================
[2025-11-01T22:25:03.993+0000] {manager.py:879} INFO - 
================================================================================
DAG File Processing Stats

File Path                                PID    Runtime      # DAGs    # Errors  Last Runtime    Last Run
---------------------------------------  -----  ---------  --------  ----------  --------------  -------------------
/opt/airflow/dags/load_to_clickhouse.py                           1           0  9.00s           2025-11-01T22:24:50
/opt/airflow/dags/validate.py                                     1           0  11.95s          2025-11-01T22:24:50
================================================================================
[2025-11-01T22:25:34.112+0000] {manager.py:879} INFO - 
================================================================================
DAG File Processing Stats

File Path                                PID    Runtime      # DAGs    # Errors  Last Runtime    Last Run
---------------------------------------  -----  ---------  --------  ----------  --------------  -------------------
/opt/airflow/dags/load_to_clickhouse.py                           1           0  2.23s           2025-11-01T22:25:23
/opt/airflow/dags/validate.py                                     1           0  1.68s           2025-11-01T22:25:22
================================================================================
[2025-11-01T22:26:04.166+0000] {manager.py:879} INFO - 
================================================================================
DAG File Processing Stats

File Path                                PID    Runtime      # DAGs    # Errors  Last Runtime    Last Run
---------------------------------------  -----  ---------  --------  ----------  --------------  -------------------
/opt/airflow/dags/load_to_clickhouse.py                           1           0  10.04s          2025-11-01T22:26:03
/opt/airflow/dags/validate.py                                     1           0  10.18s          2025-11-01T22:26:03
================================================================================
[2025-11-01T22:26:34.346+0000] {manager.py:879} INFO - 
================================================================================
DAG File Processing Stats

File Path                                  PID  Runtime      # DAGs    # Errors  Last Runtime    Last Run
---------------------------------------  -----  ---------  --------  ----------  --------------  -------------------
/opt/airflow/dags/load_to_clickhouse.py                           1           0  10.04s          2025-11-01T22:26:03
/opt/airflow/dags/validate.py             4419  0.18s             1           0  10.18s          2025-11-01T22:26:03
================================================================================
[2025-11-01T22:27:05.036+0000] {manager.py:879} INFO - 
================================================================================
DAG File Processing Stats

File Path                                  PID  Runtime      # DAGs    # Errors  Last Runtime    Last Run
---------------------------------------  -----  ---------  --------  ----------  --------------  -------------------
/opt/airflow/dags/load_to_clickhouse.py   4422  30.42s            1           0  10.04s          2025-11-01T22:26:03
/opt/airflow/dags/validate.py             4419  30.93s            1           0  10.18s          2025-11-01T22:26:03
================================================================================
[2025-11-01T22:27:35.168+0000] {manager.py:879} INFO - 
================================================================================
DAG File Processing Stats

File Path                                PID    Runtime      # DAGs    # Errors  Last Runtime    Last Run
---------------------------------------  -----  ---------  --------  ----------  --------------  -------------------
/opt/airflow/dags/load_to_clickhouse.py                           0           1  30.91s          2025-11-01T22:27:05
/opt/airflow/dags/validate.py                                     0           1  31.44s          2025-11-01T22:27:05
================================================================================
[2025-11-01T22:27:42.127+0000] {manager.py:738} INFO - Searching for files in /opt/airflow/dags
[2025-11-01T22:27:45.391+0000] {manager.py:741} INFO - There are 2 files in /opt/airflow/dags
[2025-11-01T22:28:05.354+0000] {manager.py:879} INFO - 
================================================================================
DAG File Processing Stats

File Path                                PID    Runtime      # DAGs    # Errors  Last Runtime    Last Run
---------------------------------------  -----  ---------  --------  ----------  --------------  -------------------
/opt/airflow/dags/load_to_clickhouse.py                           1           0  15.30s          2025-11-01T22:27:56
/opt/airflow/dags/validate.py                                     1           0  19.01s          2025-11-01T22:27:56
================================================================================
[2025-11-01T22:28:35.805+0000] {manager.py:879} INFO - 
================================================================================
DAG File Processing Stats

File Path                                PID    Runtime      # DAGs    # Errors  Last Runtime    Last Run
---------------------------------------  -----  ---------  --------  ----------  --------------  -------------------
/opt/airflow/dags/load_to_clickhouse.py                           1           0  2.86s           2025-11-01T22:28:29
/opt/airflow/dags/validate.py                                     1           0  2.54s           2025-11-01T22:28:29
================================================================================
[2025-11-01T22:29:05.519+0000] {manager.py:879} INFO - 
================================================================================
DAG File Processing Stats

File Path                                PID    Runtime      # DAGs    # Errors  Last Runtime    Last Run
---------------------------------------  -----  ---------  --------  ----------  --------------  -------------------
/opt/airflow/dags/load_to_clickhouse.py                           1           0  2.68s           2025-11-01T22:29:02
/opt/airflow/dags/validate.py                                     1           0  2.19s           2025-11-01T22:29:01
================================================================================
[2025-11-01T22:29:35.613+0000] {manager.py:879} INFO - 
================================================================================
DAG File Processing Stats

File Path                                PID    Runtime      # DAGs    # Errors  Last Runtime    Last Run
---------------------------------------  -----  ---------  --------  ----------  --------------  -------------------
/opt/airflow/dags/load_to_clickhouse.py                           1           0  2.83s           2025-11-01T22:29:35
/opt/airflow/dags/validate.py                                     1           0  3.09s           2025-11-01T22:29:34
================================================================================
[2025-11-01T22:30:06.020+0000] {manager.py:879} INFO - 
================================================================================
DAG File Processing Stats

File Path                                  PID  Runtime      # DAGs    # Errors  Last Runtime    Last Run
---------------------------------------  -----  ---------  --------  ----------  --------------  -------------------
/opt/airflow/dags/load_to_clickhouse.py   4483  0.02s             1           0  2.83s           2025-11-01T22:29:35
/opt/airflow/dags/validate.py             4479  1.08s             1           0  3.09s           2025-11-01T22:29:34
================================================================================
[2025-11-01T22:30:35.924+0000] {manager.py:879} INFO - 
================================================================================
DAG File Processing Stats

File Path                                PID    Runtime      # DAGs    # Errors  Last Runtime    Last Run
---------------------------------------  -----  ---------  --------  ----------  --------------  -------------------
/opt/airflow/dags/load_to_clickhouse.py                           1           0  1.61s           2025-11-01T22:30:07
/opt/airflow/dags/validate.py                                     1           0  1.52s           2025-11-01T22:30:06
================================================================================
[2025-11-01T22:31:05.944+0000] {manager.py:879} INFO - 
================================================================================
DAG File Processing Stats

File Path                                PID    Runtime      # DAGs    # Errors  Last Runtime    Last Run
---------------------------------------  -----  ---------  --------  ----------  --------------  -------------------
/opt/airflow/dags/load_to_clickhouse.py                           1           0  2.10s           2025-11-01T22:30:39
/opt/airflow/dags/validate.py                                     1           0  1.55s           2025-11-01T22:30:38
================================================================================
[2025-11-01T22:31:36.568+0000] {manager.py:879} INFO - 
================================================================================
DAG File Processing Stats

File Path                                PID    Runtime      # DAGs    # Errors  Last Runtime    Last Run
---------------------------------------  -----  ---------  --------  ----------  --------------  -------------------
/opt/airflow/dags/load_to_clickhouse.py                           1           0  4.22s           2025-11-01T22:31:14
/opt/airflow/dags/validate.py                                     1           0  4.55s           2025-11-01T22:31:13
================================================================================
[2025-11-01T22:32:06.676+0000] {manager.py:879} INFO - 
================================================================================
DAG File Processing Stats

File Path                                PID    Runtime      # DAGs    # Errors  Last Runtime    Last Run
---------------------------------------  -----  ---------  --------  ----------  --------------  -------------------
/opt/airflow/dags/load_to_clickhouse.py                           1           0  3.26s           2025-11-01T22:31:48
/opt/airflow/dags/validate.py                                     1           0  3.18s           2025-11-01T22:31:46
================================================================================
[2025-11-01T22:32:36.754+0000] {manager.py:879} INFO - 
================================================================================
DAG File Processing Stats

File Path                                PID    Runtime      # DAGs    # Errors  Last Runtime    Last Run
---------------------------------------  -----  ---------  --------  ----------  --------------  -------------------
/opt/airflow/dags/load_to_clickhouse.py                           1           0  4.24s           2025-11-01T22:32:23
/opt/airflow/dags/validate.py                                     1           0  4.95s           2025-11-01T22:32:22
================================================================================
[2025-11-01T22:32:42.303+0000] {manager.py:738} INFO - Searching for files in /opt/airflow/dags
[2025-11-01T22:32:42.442+0000] {manager.py:741} INFO - There are 2 files in /opt/airflow/dags
[2025-11-01T22:33:07.101+0000] {manager.py:879} INFO - 
================================================================================
DAG File Processing Stats

File Path                                PID    Runtime      # DAGs    # Errors  Last Runtime    Last Run
---------------------------------------  -----  ---------  --------  ----------  --------------  -------------------
/opt/airflow/dags/load_to_clickhouse.py                           1           0  2.21s           2025-11-01T22:32:56
/opt/airflow/dags/validate.py                                     1           0  2.68s           2025-11-01T22:32:55
================================================================================
[2025-11-01T22:33:37.062+0000] {manager.py:879} INFO - 
================================================================================
DAG File Processing Stats

File Path                                PID    Runtime      # DAGs    # Errors  Last Runtime    Last Run
---------------------------------------  -----  ---------  --------  ----------  --------------  -------------------
/opt/airflow/dags/load_to_clickhouse.py                           1           0  2.24s           2025-11-01T22:33:28
/opt/airflow/dags/validate.py                                     1           0  2.18s           2025-11-01T22:33:27
================================================================================
[2025-11-01T22:34:07.720+0000] {manager.py:879} INFO - 
================================================================================
DAG File Processing Stats

File Path                                  PID  Runtime      # DAGs    # Errors  Last Runtime    Last Run
---------------------------------------  -----  ---------  --------  ----------  --------------  -------------------
/opt/airflow/dags/load_to_clickhouse.py   4566  8.87s             1           0  2.24s           2025-11-01T22:33:28
/opt/airflow/dags/validate.py             4563  9.14s             1           0  2.18s           2025-11-01T22:33:27
================================================================================
[2025-11-01T22:34:37.727+0000] {manager.py:879} INFO - 
================================================================================
DAG File Processing Stats

File Path                                PID    Runtime      # DAGs    # Errors  Last Runtime    Last Run
---------------------------------------  -----  ---------  --------  ----------  --------------  -------------------
/opt/airflow/dags/load_to_clickhouse.py                           1           0  18.21s          2025-11-01T22:34:17
/opt/airflow/dags/validate.py                                     1           0  18.49s          2025-11-01T22:34:17
================================================================================
[2025-11-01T22:35:07.991+0000] {manager.py:879} INFO - 
================================================================================
DAG File Processing Stats

File Path                                PID    Runtime      # DAGs    # Errors  Last Runtime    Last Run
---------------------------------------  -----  ---------  --------  ----------  --------------  -------------------
/opt/airflow/dags/load_to_clickhouse.py                           1           0  8.24s           2025-11-01T22:34:55
/opt/airflow/dags/validate.py                                     1           0  8.38s           2025-11-01T22:34:55
================================================================================
