[2025-11-02T16:17:39.346+0000] {processor.py:161} INFO - Started process (PID=170) to work on /opt/airflow/dags/load_to_clickhouse.py
[2025-11-02T16:17:39.375+0000] {processor.py:830} INFO - Processing file /opt/airflow/dags/load_to_clickhouse.py for tasks to queue
[2025-11-02T16:17:39.394+0000] {logging_mixin.py:188} INFO - [2025-11-02T16:17:39.382+0000] {dagbag.py:538} INFO - Filling up the DagBag from /opt/airflow/dags/load_to_clickhouse.py
[2025-11-02T16:17:47.564+0000] {processor.py:840} INFO - DAG(s) 'load_csv_to_clickhouse' retrieved from /opt/airflow/dags/load_to_clickhouse.py
[2025-11-02T16:17:48.915+0000] {logging_mixin.py:188} INFO - [2025-11-02T16:17:48.912+0000] {dag.py:3036} INFO - Sync 1 DAGs
[2025-11-02T16:17:52.563+0000] {logging_mixin.py:188} INFO - [2025-11-02T16:17:52.563+0000] {dag.py:3823} INFO - Setting next_dagrun for load_csv_to_clickhouse to 2025-11-02 00:00:00+00:00, run_after=2025-11-09 00:00:00+00:00
[2025-11-02T16:17:52.738+0000] {processor.py:183} INFO - Processing /opt/airflow/dags/load_to_clickhouse.py took 13.494 seconds
[2025-11-02T16:18:30.494+0000] {processor.py:161} INFO - Started process (PID=182) to work on /opt/airflow/dags/load_to_clickhouse.py
[2025-11-02T16:18:30.628+0000] {processor.py:830} INFO - Processing file /opt/airflow/dags/load_to_clickhouse.py for tasks to queue
[2025-11-02T16:18:30.855+0000] {logging_mixin.py:188} INFO - [2025-11-02T16:18:30.782+0000] {dagbag.py:538} INFO - Filling up the DagBag from /opt/airflow/dags/load_to_clickhouse.py
[2025-11-02T16:18:39.698+0000] {processor.py:840} INFO - DAG(s) 'load_csv_to_clickhouse' retrieved from /opt/airflow/dags/load_to_clickhouse.py
[2025-11-02T16:18:39.937+0000] {logging_mixin.py:188} INFO - [2025-11-02T16:18:39.936+0000] {dag.py:3036} INFO - Sync 1 DAGs
[2025-11-02T16:18:40.114+0000] {logging_mixin.py:188} INFO - [2025-11-02T16:18:40.114+0000] {dag.py:3823} INFO - Setting next_dagrun for load_csv_to_clickhouse to 2025-11-02 00:00:00+00:00, run_after=2025-11-09 00:00:00+00:00
[2025-11-02T16:18:40.219+0000] {processor.py:183} INFO - Processing /opt/airflow/dags/load_to_clickhouse.py took 10.683 seconds
[2025-11-02T16:19:10.766+0000] {processor.py:161} INFO - Started process (PID=194) to work on /opt/airflow/dags/load_to_clickhouse.py
[2025-11-02T16:19:10.771+0000] {processor.py:830} INFO - Processing file /opt/airflow/dags/load_to_clickhouse.py for tasks to queue
[2025-11-02T16:19:10.775+0000] {logging_mixin.py:188} INFO - [2025-11-02T16:19:10.774+0000] {dagbag.py:538} INFO - Filling up the DagBag from /opt/airflow/dags/load_to_clickhouse.py
[2025-11-02T16:19:12.666+0000] {processor.py:840} INFO - DAG(s) 'load_csv_to_clickhouse' retrieved from /opt/airflow/dags/load_to_clickhouse.py
[2025-11-02T16:19:12.730+0000] {logging_mixin.py:188} INFO - [2025-11-02T16:19:12.729+0000] {dag.py:3036} INFO - Sync 1 DAGs
[2025-11-02T16:19:12.789+0000] {logging_mixin.py:188} INFO - [2025-11-02T16:19:12.789+0000] {dag.py:3823} INFO - Setting next_dagrun for load_csv_to_clickhouse to 2025-11-02 00:00:00+00:00, run_after=2025-11-09 00:00:00+00:00
[2025-11-02T16:19:12.836+0000] {processor.py:183} INFO - Processing /opt/airflow/dags/load_to_clickhouse.py took 2.086 seconds
[2025-11-02T16:19:43.330+0000] {processor.py:161} INFO - Started process (PID=206) to work on /opt/airflow/dags/load_to_clickhouse.py
[2025-11-02T16:19:43.332+0000] {processor.py:830} INFO - Processing file /opt/airflow/dags/load_to_clickhouse.py for tasks to queue
[2025-11-02T16:19:43.335+0000] {logging_mixin.py:188} INFO - [2025-11-02T16:19:43.334+0000] {dagbag.py:538} INFO - Filling up the DagBag from /opt/airflow/dags/load_to_clickhouse.py
[2025-11-02T16:19:45.034+0000] {processor.py:840} INFO - DAG(s) 'load_csv_to_clickhouse' retrieved from /opt/airflow/dags/load_to_clickhouse.py
[2025-11-02T16:19:45.119+0000] {logging_mixin.py:188} INFO - [2025-11-02T16:19:45.118+0000] {dag.py:3036} INFO - Sync 1 DAGs
[2025-11-02T16:19:45.189+0000] {logging_mixin.py:188} INFO - [2025-11-02T16:19:45.188+0000] {dag.py:3823} INFO - Setting next_dagrun for load_csv_to_clickhouse to 2025-11-02 00:00:00+00:00, run_after=2025-11-09 00:00:00+00:00
[2025-11-02T16:19:45.250+0000] {processor.py:183} INFO - Processing /opt/airflow/dags/load_to_clickhouse.py took 1.926 seconds
[2025-11-02T16:20:15.550+0000] {processor.py:161} INFO - Started process (PID=218) to work on /opt/airflow/dags/load_to_clickhouse.py
[2025-11-02T16:20:15.554+0000] {processor.py:830} INFO - Processing file /opt/airflow/dags/load_to_clickhouse.py for tasks to queue
[2025-11-02T16:20:15.557+0000] {logging_mixin.py:188} INFO - [2025-11-02T16:20:15.556+0000] {dagbag.py:538} INFO - Filling up the DagBag from /opt/airflow/dags/load_to_clickhouse.py
[2025-11-02T16:20:16.633+0000] {processor.py:840} INFO - DAG(s) 'load_csv_to_clickhouse' retrieved from /opt/airflow/dags/load_to_clickhouse.py
[2025-11-02T16:20:16.685+0000] {logging_mixin.py:188} INFO - [2025-11-02T16:20:16.684+0000] {dag.py:3036} INFO - Sync 1 DAGs
[2025-11-02T16:20:16.728+0000] {logging_mixin.py:188} INFO - [2025-11-02T16:20:16.728+0000] {dag.py:3823} INFO - Setting next_dagrun for load_csv_to_clickhouse to 2025-11-02 00:00:00+00:00, run_after=2025-11-09 00:00:00+00:00
[2025-11-02T16:20:16.768+0000] {processor.py:183} INFO - Processing /opt/airflow/dags/load_to_clickhouse.py took 1.227 seconds
[2025-11-02T16:20:47.133+0000] {processor.py:161} INFO - Started process (PID=230) to work on /opt/airflow/dags/load_to_clickhouse.py
[2025-11-02T16:20:47.136+0000] {processor.py:830} INFO - Processing file /opt/airflow/dags/load_to_clickhouse.py for tasks to queue
[2025-11-02T16:20:47.139+0000] {logging_mixin.py:188} INFO - [2025-11-02T16:20:47.138+0000] {dagbag.py:538} INFO - Filling up the DagBag from /opt/airflow/dags/load_to_clickhouse.py
[2025-11-02T16:20:48.311+0000] {processor.py:840} INFO - DAG(s) 'load_csv_to_clickhouse' retrieved from /opt/airflow/dags/load_to_clickhouse.py
[2025-11-02T16:20:48.393+0000] {logging_mixin.py:188} INFO - [2025-11-02T16:20:48.389+0000] {dag.py:3036} INFO - Sync 1 DAGs
[2025-11-02T16:20:48.452+0000] {logging_mixin.py:188} INFO - [2025-11-02T16:20:48.452+0000] {dag.py:3823} INFO - Setting next_dagrun for load_csv_to_clickhouse to 2025-11-02 00:00:00+00:00, run_after=2025-11-09 00:00:00+00:00
[2025-11-02T16:20:48.492+0000] {processor.py:183} INFO - Processing /opt/airflow/dags/load_to_clickhouse.py took 1.367 seconds
[2025-11-02T16:21:18.707+0000] {processor.py:161} INFO - Started process (PID=242) to work on /opt/airflow/dags/load_to_clickhouse.py
[2025-11-02T16:21:18.710+0000] {processor.py:830} INFO - Processing file /opt/airflow/dags/load_to_clickhouse.py for tasks to queue
[2025-11-02T16:21:18.713+0000] {logging_mixin.py:188} INFO - [2025-11-02T16:21:18.712+0000] {dagbag.py:538} INFO - Filling up the DagBag from /opt/airflow/dags/load_to_clickhouse.py
[2025-11-02T16:21:20.572+0000] {processor.py:840} INFO - DAG(s) 'load_csv_to_clickhouse' retrieved from /opt/airflow/dags/load_to_clickhouse.py
[2025-11-02T16:21:20.656+0000] {logging_mixin.py:188} INFO - [2025-11-02T16:21:20.655+0000] {dag.py:3036} INFO - Sync 1 DAGs
[2025-11-02T16:21:20.718+0000] {logging_mixin.py:188} INFO - [2025-11-02T16:21:20.717+0000] {dag.py:3823} INFO - Setting next_dagrun for load_csv_to_clickhouse to 2025-11-02 00:00:00+00:00, run_after=2025-11-09 00:00:00+00:00
[2025-11-02T16:21:20.782+0000] {processor.py:183} INFO - Processing /opt/airflow/dags/load_to_clickhouse.py took 2.084 seconds
[2025-11-02T16:21:50.976+0000] {processor.py:161} INFO - Started process (PID=254) to work on /opt/airflow/dags/load_to_clickhouse.py
[2025-11-02T16:21:50.979+0000] {processor.py:830} INFO - Processing file /opt/airflow/dags/load_to_clickhouse.py for tasks to queue
[2025-11-02T16:21:50.983+0000] {logging_mixin.py:188} INFO - [2025-11-02T16:21:50.981+0000] {dagbag.py:538} INFO - Filling up the DagBag from /opt/airflow/dags/load_to_clickhouse.py
[2025-11-02T16:21:51.852+0000] {processor.py:840} INFO - DAG(s) 'load_csv_to_clickhouse' retrieved from /opt/airflow/dags/load_to_clickhouse.py
[2025-11-02T16:21:51.901+0000] {logging_mixin.py:188} INFO - [2025-11-02T16:21:51.900+0000] {dag.py:3036} INFO - Sync 1 DAGs
[2025-11-02T16:21:51.956+0000] {logging_mixin.py:188} INFO - [2025-11-02T16:21:51.956+0000] {dag.py:3823} INFO - Setting next_dagrun for load_csv_to_clickhouse to 2025-11-02 00:00:00+00:00, run_after=2025-11-09 00:00:00+00:00
[2025-11-02T16:21:52.006+0000] {processor.py:183} INFO - Processing /opt/airflow/dags/load_to_clickhouse.py took 1.038 seconds
[2025-11-02T16:22:22.317+0000] {processor.py:161} INFO - Started process (PID=266) to work on /opt/airflow/dags/load_to_clickhouse.py
[2025-11-02T16:22:22.319+0000] {processor.py:830} INFO - Processing file /opt/airflow/dags/load_to_clickhouse.py for tasks to queue
[2025-11-02T16:22:22.322+0000] {logging_mixin.py:188} INFO - [2025-11-02T16:22:22.321+0000] {dagbag.py:538} INFO - Filling up the DagBag from /opt/airflow/dags/load_to_clickhouse.py
[2025-11-02T16:22:23.464+0000] {processor.py:840} INFO - DAG(s) 'load_csv_to_clickhouse' retrieved from /opt/airflow/dags/load_to_clickhouse.py
[2025-11-02T16:22:23.561+0000] {logging_mixin.py:188} INFO - [2025-11-02T16:22:23.560+0000] {dag.py:3036} INFO - Sync 1 DAGs
[2025-11-02T16:22:23.628+0000] {logging_mixin.py:188} INFO - [2025-11-02T16:22:23.628+0000] {dag.py:3823} INFO - Setting next_dagrun for load_csv_to_clickhouse to 2025-11-02 00:00:00+00:00, run_after=2025-11-09 00:00:00+00:00
[2025-11-02T16:22:23.682+0000] {processor.py:183} INFO - Processing /opt/airflow/dags/load_to_clickhouse.py took 1.375 seconds
[2025-11-02T16:22:54.212+0000] {processor.py:161} INFO - Started process (PID=278) to work on /opt/airflow/dags/load_to_clickhouse.py
[2025-11-02T16:22:54.215+0000] {processor.py:830} INFO - Processing file /opt/airflow/dags/load_to_clickhouse.py for tasks to queue
[2025-11-02T16:22:54.218+0000] {logging_mixin.py:188} INFO - [2025-11-02T16:22:54.217+0000] {dagbag.py:538} INFO - Filling up the DagBag from /opt/airflow/dags/load_to_clickhouse.py
[2025-11-02T16:22:55.430+0000] {processor.py:840} INFO - DAG(s) 'load_csv_to_clickhouse' retrieved from /opt/airflow/dags/load_to_clickhouse.py
[2025-11-02T16:22:55.521+0000] {logging_mixin.py:188} INFO - [2025-11-02T16:22:55.520+0000] {dag.py:3036} INFO - Sync 1 DAGs
[2025-11-02T16:22:55.565+0000] {logging_mixin.py:188} INFO - [2025-11-02T16:22:55.565+0000] {dag.py:3823} INFO - Setting next_dagrun for load_csv_to_clickhouse to 2025-11-02 00:00:00+00:00, run_after=2025-11-09 00:00:00+00:00
[2025-11-02T16:22:55.608+0000] {processor.py:183} INFO - Processing /opt/airflow/dags/load_to_clickhouse.py took 1.403 seconds
[2025-11-02T16:23:25.885+0000] {processor.py:161} INFO - Started process (PID=290) to work on /opt/airflow/dags/load_to_clickhouse.py
[2025-11-02T16:23:25.888+0000] {processor.py:830} INFO - Processing file /opt/airflow/dags/load_to_clickhouse.py for tasks to queue
[2025-11-02T16:23:25.890+0000] {logging_mixin.py:188} INFO - [2025-11-02T16:23:25.889+0000] {dagbag.py:538} INFO - Filling up the DagBag from /opt/airflow/dags/load_to_clickhouse.py
[2025-11-02T16:23:26.976+0000] {processor.py:840} INFO - DAG(s) 'load_csv_to_clickhouse' retrieved from /opt/airflow/dags/load_to_clickhouse.py
[2025-11-02T16:23:27.055+0000] {logging_mixin.py:188} INFO - [2025-11-02T16:23:27.051+0000] {dag.py:3036} INFO - Sync 1 DAGs
[2025-11-02T16:23:27.120+0000] {logging_mixin.py:188} INFO - [2025-11-02T16:23:27.119+0000] {dag.py:3823} INFO - Setting next_dagrun for load_csv_to_clickhouse to 2025-11-02 00:00:00+00:00, run_after=2025-11-09 00:00:00+00:00
[2025-11-02T16:23:27.173+0000] {processor.py:183} INFO - Processing /opt/airflow/dags/load_to_clickhouse.py took 1.299 seconds
[2025-11-02T16:23:57.600+0000] {processor.py:161} INFO - Started process (PID=302) to work on /opt/airflow/dags/load_to_clickhouse.py
[2025-11-02T16:23:57.614+0000] {processor.py:830} INFO - Processing file /opt/airflow/dags/load_to_clickhouse.py for tasks to queue
[2025-11-02T16:23:57.626+0000] {logging_mixin.py:188} INFO - [2025-11-02T16:23:57.622+0000] {dagbag.py:538} INFO - Filling up the DagBag from /opt/airflow/dags/load_to_clickhouse.py
[2025-11-02T16:23:59.566+0000] {processor.py:840} INFO - DAG(s) 'load_csv_to_clickhouse' retrieved from /opt/airflow/dags/load_to_clickhouse.py
[2025-11-02T16:23:59.648+0000] {logging_mixin.py:188} INFO - [2025-11-02T16:23:59.647+0000] {dag.py:3036} INFO - Sync 1 DAGs
[2025-11-02T16:23:59.709+0000] {logging_mixin.py:188} INFO - [2025-11-02T16:23:59.709+0000] {dag.py:3823} INFO - Setting next_dagrun for load_csv_to_clickhouse to 2025-11-02 00:00:00+00:00, run_after=2025-11-09 00:00:00+00:00
[2025-11-02T16:23:59.754+0000] {processor.py:183} INFO - Processing /opt/airflow/dags/load_to_clickhouse.py took 2.269 seconds
[2025-11-02T16:24:30.286+0000] {processor.py:161} INFO - Started process (PID=314) to work on /opt/airflow/dags/load_to_clickhouse.py
[2025-11-02T16:24:30.288+0000] {processor.py:830} INFO - Processing file /opt/airflow/dags/load_to_clickhouse.py for tasks to queue
[2025-11-02T16:24:30.291+0000] {logging_mixin.py:188} INFO - [2025-11-02T16:24:30.290+0000] {dagbag.py:538} INFO - Filling up the DagBag from /opt/airflow/dags/load_to_clickhouse.py
[2025-11-02T16:24:31.397+0000] {processor.py:840} INFO - DAG(s) 'load_csv_to_clickhouse' retrieved from /opt/airflow/dags/load_to_clickhouse.py
[2025-11-02T16:24:31.471+0000] {logging_mixin.py:188} INFO - [2025-11-02T16:24:31.470+0000] {dag.py:3036} INFO - Sync 1 DAGs
[2025-11-02T16:24:31.520+0000] {logging_mixin.py:188} INFO - [2025-11-02T16:24:31.519+0000] {dag.py:3823} INFO - Setting next_dagrun for load_csv_to_clickhouse to 2025-11-02 00:00:00+00:00, run_after=2025-11-09 00:00:00+00:00
[2025-11-02T16:24:31.577+0000] {processor.py:183} INFO - Processing /opt/airflow/dags/load_to_clickhouse.py took 1.307 seconds
[2025-11-02T16:25:01.847+0000] {processor.py:161} INFO - Started process (PID=326) to work on /opt/airflow/dags/load_to_clickhouse.py
[2025-11-02T16:25:01.851+0000] {processor.py:830} INFO - Processing file /opt/airflow/dags/load_to_clickhouse.py for tasks to queue
[2025-11-02T16:25:01.854+0000] {logging_mixin.py:188} INFO - [2025-11-02T16:25:01.853+0000] {dagbag.py:538} INFO - Filling up the DagBag from /opt/airflow/dags/load_to_clickhouse.py
[2025-11-02T16:25:02.954+0000] {processor.py:840} INFO - DAG(s) 'load_csv_to_clickhouse' retrieved from /opt/airflow/dags/load_to_clickhouse.py
[2025-11-02T16:25:03.040+0000] {logging_mixin.py:188} INFO - [2025-11-02T16:25:03.038+0000] {dag.py:3036} INFO - Sync 1 DAGs
[2025-11-02T16:25:03.116+0000] {logging_mixin.py:188} INFO - [2025-11-02T16:25:03.116+0000] {dag.py:3823} INFO - Setting next_dagrun for load_csv_to_clickhouse to 2025-11-02 00:00:00+00:00, run_after=2025-11-09 00:00:00+00:00
[2025-11-02T16:25:03.190+0000] {processor.py:183} INFO - Processing /opt/airflow/dags/load_to_clickhouse.py took 1.355 seconds
[2025-11-02T16:25:33.639+0000] {processor.py:161} INFO - Started process (PID=338) to work on /opt/airflow/dags/load_to_clickhouse.py
[2025-11-02T16:25:33.642+0000] {processor.py:830} INFO - Processing file /opt/airflow/dags/load_to_clickhouse.py for tasks to queue
[2025-11-02T16:25:33.645+0000] {logging_mixin.py:188} INFO - [2025-11-02T16:25:33.644+0000] {dagbag.py:538} INFO - Filling up the DagBag from /opt/airflow/dags/load_to_clickhouse.py
[2025-11-02T16:25:34.995+0000] {processor.py:840} INFO - DAG(s) 'load_csv_to_clickhouse' retrieved from /opt/airflow/dags/load_to_clickhouse.py
[2025-11-02T16:25:35.066+0000] {logging_mixin.py:188} INFO - [2025-11-02T16:25:35.065+0000] {dag.py:3036} INFO - Sync 1 DAGs
[2025-11-02T16:25:35.120+0000] {logging_mixin.py:188} INFO - [2025-11-02T16:25:35.119+0000] {dag.py:3823} INFO - Setting next_dagrun for load_csv_to_clickhouse to 2025-11-02 00:00:00+00:00, run_after=2025-11-09 00:00:00+00:00
[2025-11-02T16:25:35.164+0000] {processor.py:183} INFO - Processing /opt/airflow/dags/load_to_clickhouse.py took 1.533 seconds
[2025-11-02T16:26:05.476+0000] {processor.py:161} INFO - Started process (PID=350) to work on /opt/airflow/dags/load_to_clickhouse.py
[2025-11-02T16:26:05.480+0000] {processor.py:830} INFO - Processing file /opt/airflow/dags/load_to_clickhouse.py for tasks to queue
[2025-11-02T16:26:05.485+0000] {logging_mixin.py:188} INFO - [2025-11-02T16:26:05.484+0000] {dagbag.py:538} INFO - Filling up the DagBag from /opt/airflow/dags/load_to_clickhouse.py
[2025-11-02T16:26:06.636+0000] {processor.py:840} INFO - DAG(s) 'load_csv_to_clickhouse' retrieved from /opt/airflow/dags/load_to_clickhouse.py
[2025-11-02T16:26:06.705+0000] {logging_mixin.py:188} INFO - [2025-11-02T16:26:06.704+0000] {dag.py:3036} INFO - Sync 1 DAGs
[2025-11-02T16:26:06.758+0000] {logging_mixin.py:188} INFO - [2025-11-02T16:26:06.758+0000] {dag.py:3823} INFO - Setting next_dagrun for load_csv_to_clickhouse to 2025-11-02 00:00:00+00:00, run_after=2025-11-09 00:00:00+00:00
[2025-11-02T16:26:06.811+0000] {processor.py:183} INFO - Processing /opt/airflow/dags/load_to_clickhouse.py took 1.345 seconds
[2025-11-02T16:26:37.072+0000] {processor.py:161} INFO - Started process (PID=362) to work on /opt/airflow/dags/load_to_clickhouse.py
[2025-11-02T16:26:37.078+0000] {processor.py:830} INFO - Processing file /opt/airflow/dags/load_to_clickhouse.py for tasks to queue
[2025-11-02T16:26:37.084+0000] {logging_mixin.py:188} INFO - [2025-11-02T16:26:37.083+0000] {dagbag.py:538} INFO - Filling up the DagBag from /opt/airflow/dags/load_to_clickhouse.py
[2025-11-02T16:26:38.808+0000] {processor.py:840} INFO - DAG(s) 'load_csv_to_clickhouse' retrieved from /opt/airflow/dags/load_to_clickhouse.py
[2025-11-02T16:26:38.882+0000] {logging_mixin.py:188} INFO - [2025-11-02T16:26:38.880+0000] {dag.py:3036} INFO - Sync 1 DAGs
[2025-11-02T16:26:38.956+0000] {logging_mixin.py:188} INFO - [2025-11-02T16:26:38.955+0000] {dag.py:3823} INFO - Setting next_dagrun for load_csv_to_clickhouse to 2025-11-02 00:00:00+00:00, run_after=2025-11-09 00:00:00+00:00
[2025-11-02T16:26:39.020+0000] {processor.py:183} INFO - Processing /opt/airflow/dags/load_to_clickhouse.py took 1.966 seconds
[2025-11-02T16:27:10.076+0000] {processor.py:161} INFO - Started process (PID=377) to work on /opt/airflow/dags/load_to_clickhouse.py
[2025-11-02T16:27:10.079+0000] {processor.py:830} INFO - Processing file /opt/airflow/dags/load_to_clickhouse.py for tasks to queue
[2025-11-02T16:27:10.083+0000] {logging_mixin.py:188} INFO - [2025-11-02T16:27:10.081+0000] {dagbag.py:538} INFO - Filling up the DagBag from /opt/airflow/dags/load_to_clickhouse.py
[2025-11-02T16:27:11.575+0000] {processor.py:840} INFO - DAG(s) 'load_csv_to_clickhouse' retrieved from /opt/airflow/dags/load_to_clickhouse.py
[2025-11-02T16:27:11.818+0000] {logging_mixin.py:188} INFO - [2025-11-02T16:27:11.816+0000] {dag.py:3036} INFO - Sync 1 DAGs
[2025-11-02T16:27:12.047+0000] {logging_mixin.py:188} INFO - [2025-11-02T16:27:12.046+0000] {dag.py:3823} INFO - Setting next_dagrun for load_csv_to_clickhouse to 2025-11-02 00:00:00+00:00, run_after=2025-11-09 00:00:00+00:00
[2025-11-02T16:27:12.178+0000] {processor.py:183} INFO - Processing /opt/airflow/dags/load_to_clickhouse.py took 2.110 seconds
[2025-11-02T16:27:42.781+0000] {processor.py:161} INFO - Started process (PID=389) to work on /opt/airflow/dags/load_to_clickhouse.py
[2025-11-02T16:27:42.783+0000] {processor.py:830} INFO - Processing file /opt/airflow/dags/load_to_clickhouse.py for tasks to queue
[2025-11-02T16:27:42.786+0000] {logging_mixin.py:188} INFO - [2025-11-02T16:27:42.785+0000] {dagbag.py:538} INFO - Filling up the DagBag from /opt/airflow/dags/load_to_clickhouse.py
[2025-11-02T16:27:43.751+0000] {processor.py:840} INFO - DAG(s) 'load_csv_to_clickhouse' retrieved from /opt/airflow/dags/load_to_clickhouse.py
[2025-11-02T16:27:43.834+0000] {logging_mixin.py:188} INFO - [2025-11-02T16:27:43.833+0000] {dag.py:3036} INFO - Sync 1 DAGs
[2025-11-02T16:27:43.893+0000] {logging_mixin.py:188} INFO - [2025-11-02T16:27:43.893+0000] {dag.py:3823} INFO - Setting next_dagrun for load_csv_to_clickhouse to 2025-11-02 00:00:00+00:00, run_after=2025-11-09 00:00:00+00:00
[2025-11-02T16:27:43.946+0000] {processor.py:183} INFO - Processing /opt/airflow/dags/load_to_clickhouse.py took 1.172 seconds
[2025-11-02T16:28:14.325+0000] {processor.py:161} INFO - Started process (PID=401) to work on /opt/airflow/dags/load_to_clickhouse.py
[2025-11-02T16:28:14.329+0000] {processor.py:830} INFO - Processing file /opt/airflow/dags/load_to_clickhouse.py for tasks to queue
[2025-11-02T16:28:14.332+0000] {logging_mixin.py:188} INFO - [2025-11-02T16:28:14.331+0000] {dagbag.py:538} INFO - Filling up the DagBag from /opt/airflow/dags/load_to_clickhouse.py
[2025-11-02T16:28:15.451+0000] {processor.py:840} INFO - DAG(s) 'load_csv_to_clickhouse' retrieved from /opt/airflow/dags/load_to_clickhouse.py
[2025-11-02T16:28:15.539+0000] {logging_mixin.py:188} INFO - [2025-11-02T16:28:15.538+0000] {dag.py:3036} INFO - Sync 1 DAGs
[2025-11-02T16:28:15.585+0000] {logging_mixin.py:188} INFO - [2025-11-02T16:28:15.584+0000] {dag.py:3823} INFO - Setting next_dagrun for load_csv_to_clickhouse to 2025-11-02 00:00:00+00:00, run_after=2025-11-09 00:00:00+00:00
[2025-11-02T16:28:15.637+0000] {processor.py:183} INFO - Processing /opt/airflow/dags/load_to_clickhouse.py took 1.326 seconds
[2025-11-02T16:28:45.990+0000] {processor.py:161} INFO - Started process (PID=413) to work on /opt/airflow/dags/load_to_clickhouse.py
[2025-11-02T16:28:45.993+0000] {processor.py:830} INFO - Processing file /opt/airflow/dags/load_to_clickhouse.py for tasks to queue
[2025-11-02T16:28:45.995+0000] {logging_mixin.py:188} INFO - [2025-11-02T16:28:45.994+0000] {dagbag.py:538} INFO - Filling up the DagBag from /opt/airflow/dags/load_to_clickhouse.py
[2025-11-02T16:28:47.546+0000] {processor.py:840} INFO - DAG(s) 'load_csv_to_clickhouse' retrieved from /opt/airflow/dags/load_to_clickhouse.py
[2025-11-02T16:28:47.621+0000] {logging_mixin.py:188} INFO - [2025-11-02T16:28:47.619+0000] {dag.py:3036} INFO - Sync 1 DAGs
[2025-11-02T16:28:47.697+0000] {logging_mixin.py:188} INFO - [2025-11-02T16:28:47.697+0000] {dag.py:3823} INFO - Setting next_dagrun for load_csv_to_clickhouse to 2025-11-02 00:00:00+00:00, run_after=2025-11-09 00:00:00+00:00
[2025-11-02T16:28:47.757+0000] {processor.py:183} INFO - Processing /opt/airflow/dags/load_to_clickhouse.py took 1.817 seconds
[2025-11-02T16:29:18.140+0000] {processor.py:161} INFO - Started process (PID=425) to work on /opt/airflow/dags/load_to_clickhouse.py
[2025-11-02T16:29:18.144+0000] {processor.py:830} INFO - Processing file /opt/airflow/dags/load_to_clickhouse.py for tasks to queue
[2025-11-02T16:29:18.147+0000] {logging_mixin.py:188} INFO - [2025-11-02T16:29:18.146+0000] {dagbag.py:538} INFO - Filling up the DagBag from /opt/airflow/dags/load_to_clickhouse.py
[2025-11-02T16:29:19.321+0000] {processor.py:840} INFO - DAG(s) 'load_csv_to_clickhouse' retrieved from /opt/airflow/dags/load_to_clickhouse.py
[2025-11-02T16:29:19.392+0000] {logging_mixin.py:188} INFO - [2025-11-02T16:29:19.391+0000] {dag.py:3036} INFO - Sync 1 DAGs
[2025-11-02T16:29:19.441+0000] {logging_mixin.py:188} INFO - [2025-11-02T16:29:19.440+0000] {dag.py:3823} INFO - Setting next_dagrun for load_csv_to_clickhouse to 2025-11-02 00:00:00+00:00, run_after=2025-11-09 00:00:00+00:00
[2025-11-02T16:29:19.500+0000] {processor.py:183} INFO - Processing /opt/airflow/dags/load_to_clickhouse.py took 1.369 seconds
[2025-11-02T16:29:54.038+0000] {processor.py:161} INFO - Started process (PID=437) to work on /opt/airflow/dags/load_to_clickhouse.py
[2025-11-02T16:29:54.182+0000] {processor.py:830} INFO - Processing file /opt/airflow/dags/load_to_clickhouse.py for tasks to queue
[2025-11-02T16:29:54.300+0000] {logging_mixin.py:188} INFO - [2025-11-02T16:29:54.282+0000] {dagbag.py:538} INFO - Filling up the DagBag from /opt/airflow/dags/load_to_clickhouse.py
[2025-11-02T16:30:01.924+0000] {processor.py:840} INFO - DAG(s) 'load_csv_to_clickhouse' retrieved from /opt/airflow/dags/load_to_clickhouse.py
[2025-11-02T16:30:02.006+0000] {logging_mixin.py:188} INFO - [2025-11-02T16:30:02.004+0000] {dag.py:3036} INFO - Sync 1 DAGs
[2025-11-02T16:30:02.119+0000] {logging_mixin.py:188} INFO - [2025-11-02T16:30:02.118+0000] {dag.py:3823} INFO - Setting next_dagrun for load_csv_to_clickhouse to 2025-11-02 00:00:00+00:00, run_after=2025-11-09 00:00:00+00:00
[2025-11-02T16:30:02.245+0000] {processor.py:183} INFO - Processing /opt/airflow/dags/load_to_clickhouse.py took 8.619 seconds
[2025-11-02T16:30:32.853+0000] {processor.py:161} INFO - Started process (PID=449) to work on /opt/airflow/dags/load_to_clickhouse.py
[2025-11-02T16:30:32.859+0000] {processor.py:830} INFO - Processing file /opt/airflow/dags/load_to_clickhouse.py for tasks to queue
[2025-11-02T16:30:32.861+0000] {logging_mixin.py:188} INFO - [2025-11-02T16:30:32.860+0000] {dagbag.py:538} INFO - Filling up the DagBag from /opt/airflow/dags/load_to_clickhouse.py
[2025-11-02T16:30:34.146+0000] {processor.py:840} INFO - DAG(s) 'load_csv_to_clickhouse' retrieved from /opt/airflow/dags/load_to_clickhouse.py
[2025-11-02T16:30:34.271+0000] {logging_mixin.py:188} INFO - [2025-11-02T16:30:34.270+0000] {dag.py:3036} INFO - Sync 1 DAGs
[2025-11-02T16:30:34.334+0000] {logging_mixin.py:188} INFO - [2025-11-02T16:30:34.334+0000] {dag.py:3823} INFO - Setting next_dagrun for load_csv_to_clickhouse to 2025-11-02 00:00:00+00:00, run_after=2025-11-09 00:00:00+00:00
[2025-11-02T16:30:34.391+0000] {processor.py:183} INFO - Processing /opt/airflow/dags/load_to_clickhouse.py took 1.546 seconds
[2025-11-02T16:31:04.821+0000] {processor.py:161} INFO - Started process (PID=461) to work on /opt/airflow/dags/load_to_clickhouse.py
[2025-11-02T16:31:04.823+0000] {processor.py:830} INFO - Processing file /opt/airflow/dags/load_to_clickhouse.py for tasks to queue
[2025-11-02T16:31:04.826+0000] {logging_mixin.py:188} INFO - [2025-11-02T16:31:04.825+0000] {dagbag.py:538} INFO - Filling up the DagBag from /opt/airflow/dags/load_to_clickhouse.py
[2025-11-02T16:31:07.719+0000] {processor.py:840} INFO - DAG(s) 'load_csv_to_clickhouse' retrieved from /opt/airflow/dags/load_to_clickhouse.py
[2025-11-02T16:31:07.805+0000] {logging_mixin.py:188} INFO - [2025-11-02T16:31:07.799+0000] {dag.py:3036} INFO - Sync 1 DAGs
[2025-11-02T16:31:07.916+0000] {logging_mixin.py:188} INFO - [2025-11-02T16:31:07.915+0000] {dag.py:3823} INFO - Setting next_dagrun for load_csv_to_clickhouse to 2025-11-02 00:00:00+00:00, run_after=2025-11-09 00:00:00+00:00
[2025-11-02T16:31:07.972+0000] {processor.py:183} INFO - Processing /opt/airflow/dags/load_to_clickhouse.py took 3.159 seconds
[2025-11-02T16:31:38.252+0000] {processor.py:161} INFO - Started process (PID=473) to work on /opt/airflow/dags/load_to_clickhouse.py
[2025-11-02T16:31:38.254+0000] {processor.py:830} INFO - Processing file /opt/airflow/dags/load_to_clickhouse.py for tasks to queue
[2025-11-02T16:31:38.257+0000] {logging_mixin.py:188} INFO - [2025-11-02T16:31:38.257+0000] {dagbag.py:538} INFO - Filling up the DagBag from /opt/airflow/dags/load_to_clickhouse.py
[2025-11-02T16:31:39.832+0000] {processor.py:840} INFO - DAG(s) 'load_csv_to_clickhouse' retrieved from /opt/airflow/dags/load_to_clickhouse.py
[2025-11-02T16:31:39.907+0000] {logging_mixin.py:188} INFO - [2025-11-02T16:31:39.905+0000] {dag.py:3036} INFO - Sync 1 DAGs
[2025-11-02T16:31:39.974+0000] {logging_mixin.py:188} INFO - [2025-11-02T16:31:39.973+0000] {dag.py:3823} INFO - Setting next_dagrun for load_csv_to_clickhouse to 2025-11-02 00:00:00+00:00, run_after=2025-11-09 00:00:00+00:00
[2025-11-02T16:31:40.047+0000] {processor.py:183} INFO - Processing /opt/airflow/dags/load_to_clickhouse.py took 1.802 seconds
[2025-11-02T16:32:12.926+0000] {processor.py:161} INFO - Started process (PID=485) to work on /opt/airflow/dags/load_to_clickhouse.py
[2025-11-02T16:32:12.979+0000] {processor.py:830} INFO - Processing file /opt/airflow/dags/load_to_clickhouse.py for tasks to queue
[2025-11-02T16:32:13.055+0000] {logging_mixin.py:188} INFO - [2025-11-02T16:32:13.040+0000] {dagbag.py:538} INFO - Filling up the DagBag from /opt/airflow/dags/load_to_clickhouse.py
[2025-11-02T16:32:16.609+0000] {processor.py:840} INFO - DAG(s) 'load_csv_to_clickhouse' retrieved from /opt/airflow/dags/load_to_clickhouse.py
[2025-11-02T16:32:16.701+0000] {logging_mixin.py:188} INFO - [2025-11-02T16:32:16.700+0000] {dag.py:3036} INFO - Sync 1 DAGs
[2025-11-02T16:32:16.919+0000] {logging_mixin.py:188} INFO - [2025-11-02T16:32:16.919+0000] {dag.py:3823} INFO - Setting next_dagrun for load_csv_to_clickhouse to 2025-11-02 00:00:00+00:00, run_after=2025-11-09 00:00:00+00:00
[2025-11-02T16:32:17.026+0000] {processor.py:183} INFO - Processing /opt/airflow/dags/load_to_clickhouse.py took 4.289 seconds
[2025-11-02T16:32:47.610+0000] {processor.py:161} INFO - Started process (PID=497) to work on /opt/airflow/dags/load_to_clickhouse.py
[2025-11-02T16:32:47.612+0000] {processor.py:830} INFO - Processing file /opt/airflow/dags/load_to_clickhouse.py for tasks to queue
[2025-11-02T16:32:47.614+0000] {logging_mixin.py:188} INFO - [2025-11-02T16:32:47.613+0000] {dagbag.py:538} INFO - Filling up the DagBag from /opt/airflow/dags/load_to_clickhouse.py
[2025-11-02T16:32:48.471+0000] {processor.py:840} INFO - DAG(s) 'load_csv_to_clickhouse' retrieved from /opt/airflow/dags/load_to_clickhouse.py
[2025-11-02T16:32:48.531+0000] {logging_mixin.py:188} INFO - [2025-11-02T16:32:48.530+0000] {dag.py:3036} INFO - Sync 1 DAGs
[2025-11-02T16:32:48.593+0000] {logging_mixin.py:188} INFO - [2025-11-02T16:32:48.592+0000] {dag.py:3823} INFO - Setting next_dagrun for load_csv_to_clickhouse to 2025-11-02 00:00:00+00:00, run_after=2025-11-09 00:00:00+00:00
[2025-11-02T16:32:48.638+0000] {processor.py:183} INFO - Processing /opt/airflow/dags/load_to_clickhouse.py took 1.035 seconds
[2025-11-02T16:33:19.176+0000] {processor.py:161} INFO - Started process (PID=509) to work on /opt/airflow/dags/load_to_clickhouse.py
[2025-11-02T16:33:19.184+0000] {processor.py:830} INFO - Processing file /opt/airflow/dags/load_to_clickhouse.py for tasks to queue
[2025-11-02T16:33:19.187+0000] {logging_mixin.py:188} INFO - [2025-11-02T16:33:19.186+0000] {dagbag.py:538} INFO - Filling up the DagBag from /opt/airflow/dags/load_to_clickhouse.py
[2025-11-02T16:33:20.255+0000] {processor.py:840} INFO - DAG(s) 'load_csv_to_clickhouse' retrieved from /opt/airflow/dags/load_to_clickhouse.py
[2025-11-02T16:33:20.321+0000] {logging_mixin.py:188} INFO - [2025-11-02T16:33:20.320+0000] {dag.py:3036} INFO - Sync 1 DAGs
[2025-11-02T16:33:20.378+0000] {logging_mixin.py:188} INFO - [2025-11-02T16:33:20.377+0000] {dag.py:3823} INFO - Setting next_dagrun for load_csv_to_clickhouse to 2025-11-02 00:00:00+00:00, run_after=2025-11-09 00:00:00+00:00
[2025-11-02T16:33:20.432+0000] {processor.py:183} INFO - Processing /opt/airflow/dags/load_to_clickhouse.py took 1.285 seconds
[2025-11-02T16:33:50.683+0000] {processor.py:161} INFO - Started process (PID=521) to work on /opt/airflow/dags/load_to_clickhouse.py
[2025-11-02T16:33:50.688+0000] {processor.py:830} INFO - Processing file /opt/airflow/dags/load_to_clickhouse.py for tasks to queue
[2025-11-02T16:33:50.693+0000] {logging_mixin.py:188} INFO - [2025-11-02T16:33:50.691+0000] {dagbag.py:538} INFO - Filling up the DagBag from /opt/airflow/dags/load_to_clickhouse.py
[2025-11-02T16:33:51.605+0000] {processor.py:840} INFO - DAG(s) 'load_csv_to_clickhouse' retrieved from /opt/airflow/dags/load_to_clickhouse.py
[2025-11-02T16:33:51.667+0000] {logging_mixin.py:188} INFO - [2025-11-02T16:33:51.667+0000] {dag.py:3036} INFO - Sync 1 DAGs
[2025-11-02T16:33:51.713+0000] {logging_mixin.py:188} INFO - [2025-11-02T16:33:51.713+0000] {dag.py:3823} INFO - Setting next_dagrun for load_csv_to_clickhouse to 2025-11-02 00:00:00+00:00, run_after=2025-11-09 00:00:00+00:00
[2025-11-02T16:33:51.758+0000] {processor.py:183} INFO - Processing /opt/airflow/dags/load_to_clickhouse.py took 1.090 seconds
[2025-11-02T16:34:22.115+0000] {processor.py:161} INFO - Started process (PID=533) to work on /opt/airflow/dags/load_to_clickhouse.py
[2025-11-02T16:34:22.118+0000] {processor.py:830} INFO - Processing file /opt/airflow/dags/load_to_clickhouse.py for tasks to queue
[2025-11-02T16:34:22.122+0000] {logging_mixin.py:188} INFO - [2025-11-02T16:34:22.121+0000] {dagbag.py:538} INFO - Filling up the DagBag from /opt/airflow/dags/load_to_clickhouse.py
[2025-11-02T16:34:23.951+0000] {processor.py:840} INFO - DAG(s) 'load_csv_to_clickhouse' retrieved from /opt/airflow/dags/load_to_clickhouse.py
[2025-11-02T16:34:24.130+0000] {logging_mixin.py:188} INFO - [2025-11-02T16:34:24.128+0000] {dag.py:3036} INFO - Sync 1 DAGs
[2025-11-02T16:34:24.289+0000] {logging_mixin.py:188} INFO - [2025-11-02T16:34:24.287+0000] {dag.py:3823} INFO - Setting next_dagrun for load_csv_to_clickhouse to 2025-11-02 00:00:00+00:00, run_after=2025-11-09 00:00:00+00:00
[2025-11-02T16:34:24.394+0000] {processor.py:183} INFO - Processing /opt/airflow/dags/load_to_clickhouse.py took 2.286 seconds
[2025-11-02T16:34:54.711+0000] {processor.py:161} INFO - Started process (PID=545) to work on /opt/airflow/dags/load_to_clickhouse.py
[2025-11-02T16:34:54.714+0000] {processor.py:830} INFO - Processing file /opt/airflow/dags/load_to_clickhouse.py for tasks to queue
[2025-11-02T16:34:54.718+0000] {logging_mixin.py:188} INFO - [2025-11-02T16:34:54.717+0000] {dagbag.py:538} INFO - Filling up the DagBag from /opt/airflow/dags/load_to_clickhouse.py
[2025-11-02T16:34:55.660+0000] {processor.py:840} INFO - DAG(s) 'load_csv_to_clickhouse' retrieved from /opt/airflow/dags/load_to_clickhouse.py
[2025-11-02T16:34:55.729+0000] {logging_mixin.py:188} INFO - [2025-11-02T16:34:55.728+0000] {dag.py:3036} INFO - Sync 1 DAGs
[2025-11-02T16:34:55.794+0000] {logging_mixin.py:188} INFO - [2025-11-02T16:34:55.794+0000] {dag.py:3823} INFO - Setting next_dagrun for load_csv_to_clickhouse to 2025-11-02 00:00:00+00:00, run_after=2025-11-09 00:00:00+00:00
[2025-11-02T16:34:55.843+0000] {processor.py:183} INFO - Processing /opt/airflow/dags/load_to_clickhouse.py took 1.141 seconds
[2025-11-02T16:35:26.378+0000] {processor.py:161} INFO - Started process (PID=557) to work on /opt/airflow/dags/load_to_clickhouse.py
[2025-11-02T16:35:26.381+0000] {processor.py:830} INFO - Processing file /opt/airflow/dags/load_to_clickhouse.py for tasks to queue
[2025-11-02T16:35:26.384+0000] {logging_mixin.py:188} INFO - [2025-11-02T16:35:26.383+0000] {dagbag.py:538} INFO - Filling up the DagBag from /opt/airflow/dags/load_to_clickhouse.py
[2025-11-02T16:35:27.422+0000] {processor.py:840} INFO - DAG(s) 'load_csv_to_clickhouse' retrieved from /opt/airflow/dags/load_to_clickhouse.py
[2025-11-02T16:35:27.521+0000] {logging_mixin.py:188} INFO - [2025-11-02T16:35:27.520+0000] {dag.py:3036} INFO - Sync 1 DAGs
[2025-11-02T16:35:27.586+0000] {logging_mixin.py:188} INFO - [2025-11-02T16:35:27.585+0000] {dag.py:3823} INFO - Setting next_dagrun for load_csv_to_clickhouse to 2025-11-02 00:00:00+00:00, run_after=2025-11-09 00:00:00+00:00
[2025-11-02T16:35:27.643+0000] {processor.py:183} INFO - Processing /opt/airflow/dags/load_to_clickhouse.py took 1.274 seconds
[2025-11-02T16:35:57.833+0000] {processor.py:161} INFO - Started process (PID=569) to work on /opt/airflow/dags/load_to_clickhouse.py
[2025-11-02T16:35:57.836+0000] {processor.py:830} INFO - Processing file /opt/airflow/dags/load_to_clickhouse.py for tasks to queue
[2025-11-02T16:35:57.838+0000] {logging_mixin.py:188} INFO - [2025-11-02T16:35:57.837+0000] {dagbag.py:538} INFO - Filling up the DagBag from /opt/airflow/dags/load_to_clickhouse.py
[2025-11-02T16:35:58.796+0000] {processor.py:840} INFO - DAG(s) 'load_csv_to_clickhouse' retrieved from /opt/airflow/dags/load_to_clickhouse.py
[2025-11-02T16:35:58.965+0000] {logging_mixin.py:188} INFO - [2025-11-02T16:35:58.963+0000] {dag.py:3036} INFO - Sync 1 DAGs
[2025-11-02T16:35:59.145+0000] {logging_mixin.py:188} INFO - [2025-11-02T16:35:59.145+0000] {dag.py:3823} INFO - Setting next_dagrun for load_csv_to_clickhouse to 2025-11-02 00:00:00+00:00, run_after=2025-11-09 00:00:00+00:00
[2025-11-02T16:35:59.247+0000] {processor.py:183} INFO - Processing /opt/airflow/dags/load_to_clickhouse.py took 1.420 seconds
[2025-11-02T16:36:29.531+0000] {processor.py:161} INFO - Started process (PID=581) to work on /opt/airflow/dags/load_to_clickhouse.py
[2025-11-02T16:36:29.534+0000] {processor.py:830} INFO - Processing file /opt/airflow/dags/load_to_clickhouse.py for tasks to queue
[2025-11-02T16:36:29.536+0000] {logging_mixin.py:188} INFO - [2025-11-02T16:36:29.536+0000] {dagbag.py:538} INFO - Filling up the DagBag from /opt/airflow/dags/load_to_clickhouse.py
[2025-11-02T16:36:30.617+0000] {processor.py:840} INFO - DAG(s) 'load_csv_to_clickhouse' retrieved from /opt/airflow/dags/load_to_clickhouse.py
[2025-11-02T16:36:30.714+0000] {logging_mixin.py:188} INFO - [2025-11-02T16:36:30.713+0000] {dag.py:3036} INFO - Sync 1 DAGs
[2025-11-02T16:36:30.792+0000] {logging_mixin.py:188} INFO - [2025-11-02T16:36:30.791+0000] {dag.py:3823} INFO - Setting next_dagrun for load_csv_to_clickhouse to 2025-11-02 00:00:00+00:00, run_after=2025-11-09 00:00:00+00:00
[2025-11-02T16:36:30.844+0000] {processor.py:183} INFO - Processing /opt/airflow/dags/load_to_clickhouse.py took 1.338 seconds
[2025-11-02T16:37:01.427+0000] {processor.py:161} INFO - Started process (PID=593) to work on /opt/airflow/dags/load_to_clickhouse.py
[2025-11-02T16:37:01.430+0000] {processor.py:830} INFO - Processing file /opt/airflow/dags/load_to_clickhouse.py for tasks to queue
[2025-11-02T16:37:01.432+0000] {logging_mixin.py:188} INFO - [2025-11-02T16:37:01.432+0000] {dagbag.py:538} INFO - Filling up the DagBag from /opt/airflow/dags/load_to_clickhouse.py
[2025-11-02T16:37:02.889+0000] {processor.py:840} INFO - DAG(s) 'load_csv_to_clickhouse' retrieved from /opt/airflow/dags/load_to_clickhouse.py
[2025-11-02T16:37:02.962+0000] {logging_mixin.py:188} INFO - [2025-11-02T16:37:02.960+0000] {dag.py:3036} INFO - Sync 1 DAGs
[2025-11-02T16:37:03.022+0000] {logging_mixin.py:188} INFO - [2025-11-02T16:37:03.022+0000] {dag.py:3823} INFO - Setting next_dagrun for load_csv_to_clickhouse to 2025-11-02 00:00:00+00:00, run_after=2025-11-09 00:00:00+00:00
[2025-11-02T16:37:03.071+0000] {processor.py:183} INFO - Processing /opt/airflow/dags/load_to_clickhouse.py took 1.653 seconds
[2025-11-02T16:37:33.647+0000] {processor.py:161} INFO - Started process (PID=605) to work on /opt/airflow/dags/load_to_clickhouse.py
[2025-11-02T16:37:33.651+0000] {processor.py:830} INFO - Processing file /opt/airflow/dags/load_to_clickhouse.py for tasks to queue
[2025-11-02T16:37:33.653+0000] {logging_mixin.py:188} INFO - [2025-11-02T16:37:33.652+0000] {dagbag.py:538} INFO - Filling up the DagBag from /opt/airflow/dags/load_to_clickhouse.py
[2025-11-02T16:37:34.962+0000] {processor.py:840} INFO - DAG(s) 'load_csv_to_clickhouse' retrieved from /opt/airflow/dags/load_to_clickhouse.py
[2025-11-02T16:37:35.037+0000] {logging_mixin.py:188} INFO - [2025-11-02T16:37:35.035+0000] {dag.py:3036} INFO - Sync 1 DAGs
[2025-11-02T16:37:35.093+0000] {logging_mixin.py:188} INFO - [2025-11-02T16:37:35.092+0000] {dag.py:3823} INFO - Setting next_dagrun for load_csv_to_clickhouse to 2025-11-02 00:00:00+00:00, run_after=2025-11-09 00:00:00+00:00
[2025-11-02T16:37:38.853+0000] {processor.py:183} INFO - Processing /opt/airflow/dags/load_to_clickhouse.py took 5.213 seconds
[2025-11-02T16:38:09.252+0000] {processor.py:161} INFO - Started process (PID=617) to work on /opt/airflow/dags/load_to_clickhouse.py
[2025-11-02T16:38:09.255+0000] {processor.py:830} INFO - Processing file /opt/airflow/dags/load_to_clickhouse.py for tasks to queue
[2025-11-02T16:38:09.258+0000] {logging_mixin.py:188} INFO - [2025-11-02T16:38:09.257+0000] {dagbag.py:538} INFO - Filling up the DagBag from /opt/airflow/dags/load_to_clickhouse.py
[2025-11-02T16:38:10.821+0000] {processor.py:840} INFO - DAG(s) 'load_csv_to_clickhouse' retrieved from /opt/airflow/dags/load_to_clickhouse.py
[2025-11-02T16:38:10.945+0000] {logging_mixin.py:188} INFO - [2025-11-02T16:38:10.944+0000] {dag.py:3036} INFO - Sync 1 DAGs
[2025-11-02T16:38:11.099+0000] {logging_mixin.py:188} INFO - [2025-11-02T16:38:11.098+0000] {dag.py:3823} INFO - Setting next_dagrun for load_csv_to_clickhouse to 2025-11-02 00:00:00+00:00, run_after=2025-11-09 00:00:00+00:00
[2025-11-02T16:38:11.196+0000] {processor.py:183} INFO - Processing /opt/airflow/dags/load_to_clickhouse.py took 1.952 seconds
[2025-11-02T16:38:41.352+0000] {processor.py:161} INFO - Started process (PID=629) to work on /opt/airflow/dags/load_to_clickhouse.py
[2025-11-02T16:38:41.354+0000] {processor.py:830} INFO - Processing file /opt/airflow/dags/load_to_clickhouse.py for tasks to queue
[2025-11-02T16:38:41.356+0000] {logging_mixin.py:188} INFO - [2025-11-02T16:38:41.355+0000] {dagbag.py:538} INFO - Filling up the DagBag from /opt/airflow/dags/load_to_clickhouse.py
[2025-11-02T16:38:42.428+0000] {processor.py:840} INFO - DAG(s) 'load_csv_to_clickhouse' retrieved from /opt/airflow/dags/load_to_clickhouse.py
[2025-11-02T16:38:42.509+0000] {logging_mixin.py:188} INFO - [2025-11-02T16:38:42.506+0000] {dag.py:3036} INFO - Sync 1 DAGs
[2025-11-02T16:38:42.573+0000] {logging_mixin.py:188} INFO - [2025-11-02T16:38:42.573+0000] {dag.py:3823} INFO - Setting next_dagrun for load_csv_to_clickhouse to 2025-11-02 00:00:00+00:00, run_after=2025-11-09 00:00:00+00:00
[2025-11-02T16:38:42.628+0000] {processor.py:183} INFO - Processing /opt/airflow/dags/load_to_clickhouse.py took 1.284 seconds
[2025-11-02T16:39:12.858+0000] {processor.py:161} INFO - Started process (PID=641) to work on /opt/airflow/dags/load_to_clickhouse.py
[2025-11-02T16:39:12.861+0000] {processor.py:830} INFO - Processing file /opt/airflow/dags/load_to_clickhouse.py for tasks to queue
[2025-11-02T16:39:12.865+0000] {logging_mixin.py:188} INFO - [2025-11-02T16:39:12.864+0000] {dagbag.py:538} INFO - Filling up the DagBag from /opt/airflow/dags/load_to_clickhouse.py
[2025-11-02T16:39:13.779+0000] {processor.py:840} INFO - DAG(s) 'load_csv_to_clickhouse' retrieved from /opt/airflow/dags/load_to_clickhouse.py
[2025-11-02T16:39:13.847+0000] {logging_mixin.py:188} INFO - [2025-11-02T16:39:13.846+0000] {dag.py:3036} INFO - Sync 1 DAGs
[2025-11-02T16:39:13.890+0000] {logging_mixin.py:188} INFO - [2025-11-02T16:39:13.890+0000] {dag.py:3823} INFO - Setting next_dagrun for load_csv_to_clickhouse to 2025-11-02 00:00:00+00:00, run_after=2025-11-09 00:00:00+00:00
[2025-11-02T16:39:13.927+0000] {processor.py:183} INFO - Processing /opt/airflow/dags/load_to_clickhouse.py took 1.080 seconds
[2025-11-02T16:39:44.198+0000] {processor.py:161} INFO - Started process (PID=653) to work on /opt/airflow/dags/load_to_clickhouse.py
[2025-11-02T16:39:44.200+0000] {processor.py:830} INFO - Processing file /opt/airflow/dags/load_to_clickhouse.py for tasks to queue
[2025-11-02T16:39:44.204+0000] {logging_mixin.py:188} INFO - [2025-11-02T16:39:44.202+0000] {dagbag.py:538} INFO - Filling up the DagBag from /opt/airflow/dags/load_to_clickhouse.py
[2025-11-02T16:39:46.041+0000] {processor.py:840} INFO - DAG(s) 'load_csv_to_clickhouse' retrieved from /opt/airflow/dags/load_to_clickhouse.py
[2025-11-02T16:39:46.289+0000] {logging_mixin.py:188} INFO - [2025-11-02T16:39:46.287+0000] {dag.py:3036} INFO - Sync 1 DAGs
[2025-11-02T16:39:46.448+0000] {logging_mixin.py:188} INFO - [2025-11-02T16:39:46.448+0000] {dag.py:3823} INFO - Setting next_dagrun for load_csv_to_clickhouse to 2025-11-02 00:00:00+00:00, run_after=2025-11-09 00:00:00+00:00
[2025-11-02T16:39:46.489+0000] {processor.py:183} INFO - Processing /opt/airflow/dags/load_to_clickhouse.py took 2.301 seconds
[2025-11-02T16:40:16.934+0000] {processor.py:161} INFO - Started process (PID=665) to work on /opt/airflow/dags/load_to_clickhouse.py
[2025-11-02T16:40:16.937+0000] {processor.py:830} INFO - Processing file /opt/airflow/dags/load_to_clickhouse.py for tasks to queue
[2025-11-02T16:40:16.940+0000] {logging_mixin.py:188} INFO - [2025-11-02T16:40:16.939+0000] {dagbag.py:538} INFO - Filling up the DagBag from /opt/airflow/dags/load_to_clickhouse.py
[2025-11-02T16:40:17.991+0000] {processor.py:840} INFO - DAG(s) 'load_csv_to_clickhouse' retrieved from /opt/airflow/dags/load_to_clickhouse.py
[2025-11-02T16:40:18.058+0000] {logging_mixin.py:188} INFO - [2025-11-02T16:40:18.057+0000] {dag.py:3036} INFO - Sync 1 DAGs
[2025-11-02T16:40:18.126+0000] {logging_mixin.py:188} INFO - [2025-11-02T16:40:18.125+0000] {dag.py:3823} INFO - Setting next_dagrun for load_csv_to_clickhouse to 2025-11-02 00:00:00+00:00, run_after=2025-11-09 00:00:00+00:00
[2025-11-02T16:40:18.919+0000] {processor.py:183} INFO - Processing /opt/airflow/dags/load_to_clickhouse.py took 1.998 seconds
[2025-11-02T16:40:49.484+0000] {processor.py:161} INFO - Started process (PID=677) to work on /opt/airflow/dags/load_to_clickhouse.py
[2025-11-02T16:40:49.488+0000] {processor.py:830} INFO - Processing file /opt/airflow/dags/load_to_clickhouse.py for tasks to queue
[2025-11-02T16:40:49.491+0000] {logging_mixin.py:188} INFO - [2025-11-02T16:40:49.490+0000] {dagbag.py:538} INFO - Filling up the DagBag from /opt/airflow/dags/load_to_clickhouse.py
[2025-11-02T16:40:50.666+0000] {processor.py:840} INFO - DAG(s) 'load_csv_to_clickhouse' retrieved from /opt/airflow/dags/load_to_clickhouse.py
[2025-11-02T16:40:50.731+0000] {logging_mixin.py:188} INFO - [2025-11-02T16:40:50.730+0000] {dag.py:3036} INFO - Sync 1 DAGs
[2025-11-02T16:40:50.806+0000] {logging_mixin.py:188} INFO - [2025-11-02T16:40:50.805+0000] {dag.py:3823} INFO - Setting next_dagrun for load_csv_to_clickhouse to 2025-11-02 00:00:00+00:00, run_after=2025-11-09 00:00:00+00:00
[2025-11-02T16:40:50.861+0000] {processor.py:183} INFO - Processing /opt/airflow/dags/load_to_clickhouse.py took 1.387 seconds
[2025-11-02T16:41:21.475+0000] {processor.py:161} INFO - Started process (PID=689) to work on /opt/airflow/dags/load_to_clickhouse.py
[2025-11-02T16:41:21.480+0000] {processor.py:830} INFO - Processing file /opt/airflow/dags/load_to_clickhouse.py for tasks to queue
[2025-11-02T16:41:21.485+0000] {logging_mixin.py:188} INFO - [2025-11-02T16:41:21.483+0000] {dagbag.py:538} INFO - Filling up the DagBag from /opt/airflow/dags/load_to_clickhouse.py
[2025-11-02T16:41:22.882+0000] {processor.py:840} INFO - DAG(s) 'load_csv_to_clickhouse' retrieved from /opt/airflow/dags/load_to_clickhouse.py
[2025-11-02T16:41:23.023+0000] {logging_mixin.py:188} INFO - [2025-11-02T16:41:23.021+0000] {dag.py:3036} INFO - Sync 1 DAGs
[2025-11-02T16:41:23.098+0000] {logging_mixin.py:188} INFO - [2025-11-02T16:41:23.097+0000] {dag.py:3823} INFO - Setting next_dagrun for load_csv_to_clickhouse to 2025-11-02 00:00:00+00:00, run_after=2025-11-09 00:00:00+00:00
[2025-11-02T16:41:23.164+0000] {processor.py:183} INFO - Processing /opt/airflow/dags/load_to_clickhouse.py took 1.703 seconds
[2025-11-02T16:41:53.443+0000] {processor.py:161} INFO - Started process (PID=701) to work on /opt/airflow/dags/load_to_clickhouse.py
[2025-11-02T16:41:53.447+0000] {processor.py:830} INFO - Processing file /opt/airflow/dags/load_to_clickhouse.py for tasks to queue
[2025-11-02T16:41:53.449+0000] {logging_mixin.py:188} INFO - [2025-11-02T16:41:53.448+0000] {dagbag.py:538} INFO - Filling up the DagBag from /opt/airflow/dags/load_to_clickhouse.py
[2025-11-02T16:41:54.731+0000] {processor.py:840} INFO - DAG(s) 'load_csv_to_clickhouse' retrieved from /opt/airflow/dags/load_to_clickhouse.py
[2025-11-02T16:41:54.792+0000] {logging_mixin.py:188} INFO - [2025-11-02T16:41:54.791+0000] {dag.py:3036} INFO - Sync 1 DAGs
[2025-11-02T16:41:54.854+0000] {logging_mixin.py:188} INFO - [2025-11-02T16:41:54.853+0000] {dag.py:3823} INFO - Setting next_dagrun for load_csv_to_clickhouse to 2025-11-02 00:00:00+00:00, run_after=2025-11-09 00:00:00+00:00
[2025-11-02T16:41:54.912+0000] {processor.py:183} INFO - Processing /opt/airflow/dags/load_to_clickhouse.py took 1.489 seconds
[2025-11-02T16:42:25.376+0000] {processor.py:161} INFO - Started process (PID=713) to work on /opt/airflow/dags/load_to_clickhouse.py
[2025-11-02T16:42:25.381+0000] {processor.py:830} INFO - Processing file /opt/airflow/dags/load_to_clickhouse.py for tasks to queue
[2025-11-02T16:42:25.388+0000] {logging_mixin.py:188} INFO - [2025-11-02T16:42:25.386+0000] {dagbag.py:538} INFO - Filling up the DagBag from /opt/airflow/dags/load_to_clickhouse.py
[2025-11-02T16:42:26.754+0000] {processor.py:840} INFO - DAG(s) 'load_csv_to_clickhouse' retrieved from /opt/airflow/dags/load_to_clickhouse.py
[2025-11-02T16:42:26.832+0000] {logging_mixin.py:188} INFO - [2025-11-02T16:42:26.830+0000] {dag.py:3036} INFO - Sync 1 DAGs
[2025-11-02T16:42:26.900+0000] {logging_mixin.py:188} INFO - [2025-11-02T16:42:26.899+0000] {dag.py:3823} INFO - Setting next_dagrun for load_csv_to_clickhouse to 2025-11-02 00:00:00+00:00, run_after=2025-11-09 00:00:00+00:00
[2025-11-02T16:42:26.943+0000] {processor.py:183} INFO - Processing /opt/airflow/dags/load_to_clickhouse.py took 1.602 seconds
[2025-11-02T16:42:57.728+0000] {processor.py:161} INFO - Started process (PID=725) to work on /opt/airflow/dags/load_to_clickhouse.py
[2025-11-02T16:42:57.732+0000] {processor.py:830} INFO - Processing file /opt/airflow/dags/load_to_clickhouse.py for tasks to queue
[2025-11-02T16:42:57.736+0000] {logging_mixin.py:188} INFO - [2025-11-02T16:42:57.735+0000] {dagbag.py:538} INFO - Filling up the DagBag from /opt/airflow/dags/load_to_clickhouse.py
[2025-11-02T16:42:59.061+0000] {processor.py:840} INFO - DAG(s) 'load_csv_to_clickhouse' retrieved from /opt/airflow/dags/load_to_clickhouse.py
[2025-11-02T16:42:59.164+0000] {logging_mixin.py:188} INFO - [2025-11-02T16:42:59.162+0000] {dag.py:3036} INFO - Sync 1 DAGs
[2025-11-02T16:42:59.228+0000] {logging_mixin.py:188} INFO - [2025-11-02T16:42:59.227+0000] {dag.py:3823} INFO - Setting next_dagrun for load_csv_to_clickhouse to 2025-11-02 00:00:00+00:00, run_after=2025-11-09 00:00:00+00:00
[2025-11-02T16:43:04.578+0000] {processor.py:183} INFO - Processing /opt/airflow/dags/load_to_clickhouse.py took 6.870 seconds
[2025-11-02T16:43:35.129+0000] {processor.py:161} INFO - Started process (PID=743) to work on /opt/airflow/dags/load_to_clickhouse.py
[2025-11-02T16:43:35.132+0000] {processor.py:830} INFO - Processing file /opt/airflow/dags/load_to_clickhouse.py for tasks to queue
[2025-11-02T16:43:35.137+0000] {logging_mixin.py:188} INFO - [2025-11-02T16:43:35.136+0000] {dagbag.py:538} INFO - Filling up the DagBag from /opt/airflow/dags/load_to_clickhouse.py
[2025-11-02T16:43:36.340+0000] {processor.py:840} INFO - DAG(s) 'load_csv_to_clickhouse' retrieved from /opt/airflow/dags/load_to_clickhouse.py
[2025-11-02T16:43:36.416+0000] {logging_mixin.py:188} INFO - [2025-11-02T16:43:36.415+0000] {dag.py:3036} INFO - Sync 1 DAGs
[2025-11-02T16:43:36.464+0000] {logging_mixin.py:188} INFO - [2025-11-02T16:43:36.464+0000] {dag.py:3823} INFO - Setting next_dagrun for load_csv_to_clickhouse to 2025-11-02 00:00:00+00:00, run_after=2025-11-09 00:00:00+00:00
[2025-11-02T16:43:36.519+0000] {processor.py:183} INFO - Processing /opt/airflow/dags/load_to_clickhouse.py took 1.402 seconds
[2025-11-02T16:44:07.046+0000] {processor.py:161} INFO - Started process (PID=755) to work on /opt/airflow/dags/load_to_clickhouse.py
[2025-11-02T16:44:07.049+0000] {processor.py:830} INFO - Processing file /opt/airflow/dags/load_to_clickhouse.py for tasks to queue
[2025-11-02T16:44:07.052+0000] {logging_mixin.py:188} INFO - [2025-11-02T16:44:07.051+0000] {dagbag.py:538} INFO - Filling up the DagBag from /opt/airflow/dags/load_to_clickhouse.py
[2025-11-02T16:44:07.969+0000] {processor.py:840} INFO - DAG(s) 'load_csv_to_clickhouse' retrieved from /opt/airflow/dags/load_to_clickhouse.py
[2025-11-02T16:44:08.039+0000] {logging_mixin.py:188} INFO - [2025-11-02T16:44:08.038+0000] {dag.py:3036} INFO - Sync 1 DAGs
[2025-11-02T16:44:08.113+0000] {logging_mixin.py:188} INFO - [2025-11-02T16:44:08.112+0000] {dag.py:3823} INFO - Setting next_dagrun for load_csv_to_clickhouse to 2025-11-02 00:00:00+00:00, run_after=2025-11-09 00:00:00+00:00
[2025-11-02T16:44:08.163+0000] {processor.py:183} INFO - Processing /opt/airflow/dags/load_to_clickhouse.py took 1.124 seconds
[2025-11-02T16:44:38.534+0000] {processor.py:161} INFO - Started process (PID=767) to work on /opt/airflow/dags/load_to_clickhouse.py
[2025-11-02T16:44:38.537+0000] {processor.py:830} INFO - Processing file /opt/airflow/dags/load_to_clickhouse.py for tasks to queue
[2025-11-02T16:44:38.540+0000] {logging_mixin.py:188} INFO - [2025-11-02T16:44:38.539+0000] {dagbag.py:538} INFO - Filling up the DagBag from /opt/airflow/dags/load_to_clickhouse.py
[2025-11-02T16:44:39.560+0000] {processor.py:840} INFO - DAG(s) 'load_csv_to_clickhouse' retrieved from /opt/airflow/dags/load_to_clickhouse.py
[2025-11-02T16:44:39.634+0000] {logging_mixin.py:188} INFO - [2025-11-02T16:44:39.632+0000] {dag.py:3036} INFO - Sync 1 DAGs
[2025-11-02T16:44:39.700+0000] {logging_mixin.py:188} INFO - [2025-11-02T16:44:39.700+0000] {dag.py:3823} INFO - Setting next_dagrun for load_csv_to_clickhouse to 2025-11-02 00:00:00+00:00, run_after=2025-11-09 00:00:00+00:00
[2025-11-02T16:44:39.754+0000] {processor.py:183} INFO - Processing /opt/airflow/dags/load_to_clickhouse.py took 1.234 seconds
[2025-11-02T16:45:10.194+0000] {processor.py:161} INFO - Started process (PID=779) to work on /opt/airflow/dags/load_to_clickhouse.py
[2025-11-02T16:45:10.197+0000] {processor.py:830} INFO - Processing file /opt/airflow/dags/load_to_clickhouse.py for tasks to queue
[2025-11-02T16:45:10.201+0000] {logging_mixin.py:188} INFO - [2025-11-02T16:45:10.200+0000] {dagbag.py:538} INFO - Filling up the DagBag from /opt/airflow/dags/load_to_clickhouse.py
[2025-11-02T16:45:11.262+0000] {processor.py:840} INFO - DAG(s) 'load_csv_to_clickhouse' retrieved from /opt/airflow/dags/load_to_clickhouse.py
[2025-11-02T16:45:11.343+0000] {logging_mixin.py:188} INFO - [2025-11-02T16:45:11.342+0000] {dag.py:3036} INFO - Sync 1 DAGs
[2025-11-02T16:45:11.438+0000] {logging_mixin.py:188} INFO - [2025-11-02T16:45:11.437+0000] {dag.py:3823} INFO - Setting next_dagrun for load_csv_to_clickhouse to 2025-11-02 00:00:00+00:00, run_after=2025-11-09 00:00:00+00:00
[2025-11-02T16:45:11.493+0000] {processor.py:183} INFO - Processing /opt/airflow/dags/load_to_clickhouse.py took 1.312 seconds
[2025-11-02T16:45:41.724+0000] {processor.py:161} INFO - Started process (PID=791) to work on /opt/airflow/dags/load_to_clickhouse.py
[2025-11-02T16:45:41.727+0000] {processor.py:830} INFO - Processing file /opt/airflow/dags/load_to_clickhouse.py for tasks to queue
[2025-11-02T16:45:41.731+0000] {logging_mixin.py:188} INFO - [2025-11-02T16:45:41.729+0000] {dagbag.py:538} INFO - Filling up the DagBag from /opt/airflow/dags/load_to_clickhouse.py
[2025-11-02T16:45:42.603+0000] {processor.py:840} INFO - DAG(s) 'load_csv_to_clickhouse' retrieved from /opt/airflow/dags/load_to_clickhouse.py
[2025-11-02T16:45:42.667+0000] {logging_mixin.py:188} INFO - [2025-11-02T16:45:42.666+0000] {dag.py:3036} INFO - Sync 1 DAGs
[2025-11-02T16:45:44.038+0000] {logging_mixin.py:188} INFO - [2025-11-02T16:45:44.038+0000] {dag.py:3823} INFO - Setting next_dagrun for load_csv_to_clickhouse to 2025-11-02 00:00:00+00:00, run_after=2025-11-09 00:00:00+00:00
[2025-11-02T16:45:44.089+0000] {processor.py:183} INFO - Processing /opt/airflow/dags/load_to_clickhouse.py took 2.373 seconds
[2025-11-02T16:46:14.435+0000] {processor.py:161} INFO - Started process (PID=803) to work on /opt/airflow/dags/load_to_clickhouse.py
[2025-11-02T16:46:14.439+0000] {processor.py:830} INFO - Processing file /opt/airflow/dags/load_to_clickhouse.py for tasks to queue
[2025-11-02T16:46:14.444+0000] {logging_mixin.py:188} INFO - [2025-11-02T16:46:14.443+0000] {dagbag.py:538} INFO - Filling up the DagBag from /opt/airflow/dags/load_to_clickhouse.py
[2025-11-02T16:46:15.350+0000] {processor.py:840} INFO - DAG(s) 'load_csv_to_clickhouse' retrieved from /opt/airflow/dags/load_to_clickhouse.py
[2025-11-02T16:46:15.422+0000] {logging_mixin.py:188} INFO - [2025-11-02T16:46:15.420+0000] {dag.py:3036} INFO - Sync 1 DAGs
[2025-11-02T16:46:15.489+0000] {logging_mixin.py:188} INFO - [2025-11-02T16:46:15.488+0000] {dag.py:3823} INFO - Setting next_dagrun for load_csv_to_clickhouse to 2025-11-02 00:00:00+00:00, run_after=2025-11-09 00:00:00+00:00
[2025-11-02T16:46:15.551+0000] {processor.py:183} INFO - Processing /opt/airflow/dags/load_to_clickhouse.py took 1.132 seconds
[2025-11-02T16:46:46.033+0000] {processor.py:161} INFO - Started process (PID=815) to work on /opt/airflow/dags/load_to_clickhouse.py
[2025-11-02T16:46:46.036+0000] {processor.py:830} INFO - Processing file /opt/airflow/dags/load_to_clickhouse.py for tasks to queue
[2025-11-02T16:46:46.038+0000] {logging_mixin.py:188} INFO - [2025-11-02T16:46:46.038+0000] {dagbag.py:538} INFO - Filling up the DagBag from /opt/airflow/dags/load_to_clickhouse.py
[2025-11-02T16:46:47.003+0000] {processor.py:840} INFO - DAG(s) 'load_csv_to_clickhouse' retrieved from /opt/airflow/dags/load_to_clickhouse.py
[2025-11-02T16:46:47.151+0000] {logging_mixin.py:188} INFO - [2025-11-02T16:46:47.150+0000] {dag.py:3036} INFO - Sync 1 DAGs
[2025-11-02T16:46:47.249+0000] {logging_mixin.py:188} INFO - [2025-11-02T16:46:47.248+0000] {dag.py:3823} INFO - Setting next_dagrun for load_csv_to_clickhouse to 2025-11-02 00:00:00+00:00, run_after=2025-11-09 00:00:00+00:00
[2025-11-02T16:46:47.313+0000] {processor.py:183} INFO - Processing /opt/airflow/dags/load_to_clickhouse.py took 1.288 seconds
[2025-11-02T16:47:17.603+0000] {processor.py:161} INFO - Started process (PID=827) to work on /opt/airflow/dags/load_to_clickhouse.py
[2025-11-02T16:47:17.606+0000] {processor.py:830} INFO - Processing file /opt/airflow/dags/load_to_clickhouse.py for tasks to queue
[2025-11-02T16:47:17.609+0000] {logging_mixin.py:188} INFO - [2025-11-02T16:47:17.608+0000] {dagbag.py:538} INFO - Filling up the DagBag from /opt/airflow/dags/load_to_clickhouse.py
[2025-11-02T16:47:18.608+0000] {processor.py:840} INFO - DAG(s) 'load_csv_to_clickhouse' retrieved from /opt/airflow/dags/load_to_clickhouse.py
[2025-11-02T16:47:18.684+0000] {logging_mixin.py:188} INFO - [2025-11-02T16:47:18.683+0000] {dag.py:3036} INFO - Sync 1 DAGs
[2025-11-02T16:47:18.770+0000] {logging_mixin.py:188} INFO - [2025-11-02T16:47:18.769+0000] {dag.py:3823} INFO - Setting next_dagrun for load_csv_to_clickhouse to 2025-11-02 00:00:00+00:00, run_after=2025-11-09 00:00:00+00:00
[2025-11-02T16:47:18.833+0000] {processor.py:183} INFO - Processing /opt/airflow/dags/load_to_clickhouse.py took 1.237 seconds
[2025-11-02T16:47:49.441+0000] {processor.py:161} INFO - Started process (PID=839) to work on /opt/airflow/dags/load_to_clickhouse.py
[2025-11-02T16:47:49.443+0000] {processor.py:830} INFO - Processing file /opt/airflow/dags/load_to_clickhouse.py for tasks to queue
[2025-11-02T16:47:49.445+0000] {logging_mixin.py:188} INFO - [2025-11-02T16:47:49.444+0000] {dagbag.py:538} INFO - Filling up the DagBag from /opt/airflow/dags/load_to_clickhouse.py
[2025-11-02T16:47:50.382+0000] {processor.py:840} INFO - DAG(s) 'load_csv_to_clickhouse' retrieved from /opt/airflow/dags/load_to_clickhouse.py
[2025-11-02T16:47:50.466+0000] {logging_mixin.py:188} INFO - [2025-11-02T16:47:50.465+0000] {dag.py:3036} INFO - Sync 1 DAGs
[2025-11-02T16:47:51.044+0000] {logging_mixin.py:188} INFO - [2025-11-02T16:47:51.043+0000] {dag.py:3823} INFO - Setting next_dagrun for load_csv_to_clickhouse to 2025-11-02 00:00:00+00:00, run_after=2025-11-09 00:00:00+00:00
[2025-11-02T16:47:51.094+0000] {processor.py:183} INFO - Processing /opt/airflow/dags/load_to_clickhouse.py took 1.659 seconds
[2025-11-02T16:48:21.718+0000] {processor.py:161} INFO - Started process (PID=851) to work on /opt/airflow/dags/load_to_clickhouse.py
[2025-11-02T16:48:21.723+0000] {processor.py:830} INFO - Processing file /opt/airflow/dags/load_to_clickhouse.py for tasks to queue
[2025-11-02T16:48:21.728+0000] {logging_mixin.py:188} INFO - [2025-11-02T16:48:21.727+0000] {dagbag.py:538} INFO - Filling up the DagBag from /opt/airflow/dags/load_to_clickhouse.py
[2025-11-02T16:48:22.997+0000] {processor.py:840} INFO - DAG(s) 'load_csv_to_clickhouse' retrieved from /opt/airflow/dags/load_to_clickhouse.py
[2025-11-02T16:48:23.175+0000] {logging_mixin.py:188} INFO - [2025-11-02T16:48:23.170+0000] {dag.py:3036} INFO - Sync 1 DAGs
[2025-11-02T16:48:23.292+0000] {logging_mixin.py:188} INFO - [2025-11-02T16:48:23.292+0000] {dag.py:3823} INFO - Setting next_dagrun for load_csv_to_clickhouse to 2025-11-02 00:00:00+00:00, run_after=2025-11-09 00:00:00+00:00
[2025-11-02T16:48:23.344+0000] {processor.py:183} INFO - Processing /opt/airflow/dags/load_to_clickhouse.py took 1.638 seconds
[2025-11-02T16:48:53.938+0000] {processor.py:161} INFO - Started process (PID=863) to work on /opt/airflow/dags/load_to_clickhouse.py
[2025-11-02T16:48:53.940+0000] {processor.py:830} INFO - Processing file /opt/airflow/dags/load_to_clickhouse.py for tasks to queue
[2025-11-02T16:48:53.943+0000] {logging_mixin.py:188} INFO - [2025-11-02T16:48:53.942+0000] {dagbag.py:538} INFO - Filling up the DagBag from /opt/airflow/dags/load_to_clickhouse.py
[2025-11-02T16:48:54.921+0000] {processor.py:840} INFO - DAG(s) 'load_csv_to_clickhouse' retrieved from /opt/airflow/dags/load_to_clickhouse.py
[2025-11-02T16:48:54.972+0000] {logging_mixin.py:188} INFO - [2025-11-02T16:48:54.971+0000] {dag.py:3036} INFO - Sync 1 DAGs
[2025-11-02T16:48:55.007+0000] {logging_mixin.py:188} INFO - [2025-11-02T16:48:55.006+0000] {dag.py:3823} INFO - Setting next_dagrun for load_csv_to_clickhouse to 2025-11-02 00:00:00+00:00, run_after=2025-11-09 00:00:00+00:00
[2025-11-02T16:48:55.054+0000] {processor.py:183} INFO - Processing /opt/airflow/dags/load_to_clickhouse.py took 1.129 seconds
[2025-11-02T16:49:25.481+0000] {processor.py:161} INFO - Started process (PID=875) to work on /opt/airflow/dags/load_to_clickhouse.py
[2025-11-02T16:49:25.489+0000] {processor.py:830} INFO - Processing file /opt/airflow/dags/load_to_clickhouse.py for tasks to queue
[2025-11-02T16:49:25.492+0000] {logging_mixin.py:188} INFO - [2025-11-02T16:49:25.491+0000] {dagbag.py:538} INFO - Filling up the DagBag from /opt/airflow/dags/load_to_clickhouse.py
[2025-11-02T16:49:26.546+0000] {processor.py:840} INFO - DAG(s) 'load_csv_to_clickhouse' retrieved from /opt/airflow/dags/load_to_clickhouse.py
[2025-11-02T16:49:26.618+0000] {logging_mixin.py:188} INFO - [2025-11-02T16:49:26.617+0000] {dag.py:3036} INFO - Sync 1 DAGs
[2025-11-02T16:49:26.666+0000] {logging_mixin.py:188} INFO - [2025-11-02T16:49:26.665+0000] {dag.py:3823} INFO - Setting next_dagrun for load_csv_to_clickhouse to 2025-11-02 00:00:00+00:00, run_after=2025-11-09 00:00:00+00:00
[2025-11-02T16:49:26.710+0000] {processor.py:183} INFO - Processing /opt/airflow/dags/load_to_clickhouse.py took 1.241 seconds
[2025-11-02T16:49:57.349+0000] {processor.py:161} INFO - Started process (PID=887) to work on /opt/airflow/dags/load_to_clickhouse.py
[2025-11-02T16:49:57.353+0000] {processor.py:830} INFO - Processing file /opt/airflow/dags/load_to_clickhouse.py for tasks to queue
[2025-11-02T16:49:57.357+0000] {logging_mixin.py:188} INFO - [2025-11-02T16:49:57.355+0000] {dagbag.py:538} INFO - Filling up the DagBag from /opt/airflow/dags/load_to_clickhouse.py
[2025-11-02T16:49:59.139+0000] {processor.py:840} INFO - DAG(s) 'load_csv_to_clickhouse' retrieved from /opt/airflow/dags/load_to_clickhouse.py
[2025-11-02T16:49:59.292+0000] {logging_mixin.py:188} INFO - [2025-11-02T16:49:59.290+0000] {dag.py:3036} INFO - Sync 1 DAGs
[2025-11-02T16:50:04.570+0000] {logging_mixin.py:188} INFO - [2025-11-02T16:50:04.568+0000] {dag.py:3823} INFO - Setting next_dagrun for load_csv_to_clickhouse to 2025-11-02 00:00:00+00:00, run_after=2025-11-09 00:00:00+00:00
[2025-11-02T16:50:04.624+0000] {processor.py:183} INFO - Processing /opt/airflow/dags/load_to_clickhouse.py took 7.303 seconds
[2025-11-02T16:50:35.229+0000] {processor.py:161} INFO - Started process (PID=899) to work on /opt/airflow/dags/load_to_clickhouse.py
[2025-11-02T16:50:35.232+0000] {processor.py:830} INFO - Processing file /opt/airflow/dags/load_to_clickhouse.py for tasks to queue
[2025-11-02T16:50:35.235+0000] {logging_mixin.py:188} INFO - [2025-11-02T16:50:35.234+0000] {dagbag.py:538} INFO - Filling up the DagBag from /opt/airflow/dags/load_to_clickhouse.py
[2025-11-02T16:50:36.235+0000] {processor.py:840} INFO - DAG(s) 'load_csv_to_clickhouse' retrieved from /opt/airflow/dags/load_to_clickhouse.py
[2025-11-02T16:50:36.287+0000] {logging_mixin.py:188} INFO - [2025-11-02T16:50:36.285+0000] {dag.py:3036} INFO - Sync 1 DAGs
[2025-11-02T16:50:36.356+0000] {logging_mixin.py:188} INFO - [2025-11-02T16:50:36.355+0000] {dag.py:3823} INFO - Setting next_dagrun for load_csv_to_clickhouse to 2025-11-02 00:00:00+00:00, run_after=2025-11-09 00:00:00+00:00
[2025-11-02T16:50:36.413+0000] {processor.py:183} INFO - Processing /opt/airflow/dags/load_to_clickhouse.py took 1.194 seconds
[2025-11-02T16:51:06.566+0000] {processor.py:161} INFO - Started process (PID=911) to work on /opt/airflow/dags/load_to_clickhouse.py
[2025-11-02T16:51:06.569+0000] {processor.py:830} INFO - Processing file /opt/airflow/dags/load_to_clickhouse.py for tasks to queue
[2025-11-02T16:51:06.573+0000] {logging_mixin.py:188} INFO - [2025-11-02T16:51:06.572+0000] {dagbag.py:538} INFO - Filling up the DagBag from /opt/airflow/dags/load_to_clickhouse.py
[2025-11-02T16:51:07.562+0000] {processor.py:840} INFO - DAG(s) 'load_csv_to_clickhouse' retrieved from /opt/airflow/dags/load_to_clickhouse.py
[2025-11-02T16:51:07.650+0000] {logging_mixin.py:188} INFO - [2025-11-02T16:51:07.648+0000] {dag.py:3036} INFO - Sync 1 DAGs
[2025-11-02T16:51:07.716+0000] {logging_mixin.py:188} INFO - [2025-11-02T16:51:07.715+0000] {dag.py:3823} INFO - Setting next_dagrun for load_csv_to_clickhouse to 2025-11-02 00:00:00+00:00, run_after=2025-11-09 00:00:00+00:00
[2025-11-02T16:51:07.766+0000] {processor.py:183} INFO - Processing /opt/airflow/dags/load_to_clickhouse.py took 1.207 seconds
[2025-11-02T16:51:37.952+0000] {processor.py:161} INFO - Started process (PID=923) to work on /opt/airflow/dags/load_to_clickhouse.py
[2025-11-02T16:51:37.955+0000] {processor.py:830} INFO - Processing file /opt/airflow/dags/load_to_clickhouse.py for tasks to queue
[2025-11-02T16:51:37.957+0000] {logging_mixin.py:188} INFO - [2025-11-02T16:51:37.957+0000] {dagbag.py:538} INFO - Filling up the DagBag from /opt/airflow/dags/load_to_clickhouse.py
[2025-11-02T16:51:38.766+0000] {processor.py:840} INFO - DAG(s) 'load_csv_to_clickhouse' retrieved from /opt/airflow/dags/load_to_clickhouse.py
[2025-11-02T16:51:38.834+0000] {logging_mixin.py:188} INFO - [2025-11-02T16:51:38.833+0000] {dag.py:3036} INFO - Sync 1 DAGs
[2025-11-02T16:51:38.898+0000] {logging_mixin.py:188} INFO - [2025-11-02T16:51:38.898+0000] {dag.py:3823} INFO - Setting next_dagrun for load_csv_to_clickhouse to 2025-11-02 00:00:00+00:00, run_after=2025-11-09 00:00:00+00:00
[2025-11-02T16:51:38.959+0000] {processor.py:183} INFO - Processing /opt/airflow/dags/load_to_clickhouse.py took 1.021 seconds
[2025-11-02T16:52:09.550+0000] {processor.py:161} INFO - Started process (PID=935) to work on /opt/airflow/dags/load_to_clickhouse.py
[2025-11-02T16:52:09.553+0000] {processor.py:830} INFO - Processing file /opt/airflow/dags/load_to_clickhouse.py for tasks to queue
[2025-11-02T16:52:09.556+0000] {logging_mixin.py:188} INFO - [2025-11-02T16:52:09.555+0000] {dagbag.py:538} INFO - Filling up the DagBag from /opt/airflow/dags/load_to_clickhouse.py
[2025-11-02T16:52:10.706+0000] {processor.py:840} INFO - DAG(s) 'load_csv_to_clickhouse' retrieved from /opt/airflow/dags/load_to_clickhouse.py
[2025-11-02T16:52:10.824+0000] {logging_mixin.py:188} INFO - [2025-11-02T16:52:10.823+0000] {dag.py:3036} INFO - Sync 1 DAGs
[2025-11-02T16:52:10.926+0000] {logging_mixin.py:188} INFO - [2025-11-02T16:52:10.924+0000] {dag.py:3823} INFO - Setting next_dagrun for load_csv_to_clickhouse to 2025-11-02 00:00:00+00:00, run_after=2025-11-09 00:00:00+00:00
[2025-11-02T16:52:11.948+0000] {processor.py:183} INFO - Processing /opt/airflow/dags/load_to_clickhouse.py took 2.410 seconds
[2025-11-02T16:52:42.257+0000] {processor.py:161} INFO - Started process (PID=947) to work on /opt/airflow/dags/load_to_clickhouse.py
[2025-11-02T16:52:42.259+0000] {processor.py:830} INFO - Processing file /opt/airflow/dags/load_to_clickhouse.py for tasks to queue
[2025-11-02T16:52:42.261+0000] {logging_mixin.py:188} INFO - [2025-11-02T16:52:42.261+0000] {dagbag.py:538} INFO - Filling up the DagBag from /opt/airflow/dags/load_to_clickhouse.py
[2025-11-02T16:52:43.336+0000] {processor.py:840} INFO - DAG(s) 'load_csv_to_clickhouse' retrieved from /opt/airflow/dags/load_to_clickhouse.py
[2025-11-02T16:52:43.419+0000] {logging_mixin.py:188} INFO - [2025-11-02T16:52:43.418+0000] {dag.py:3036} INFO - Sync 1 DAGs
[2025-11-02T16:52:43.809+0000] {logging_mixin.py:188} INFO - [2025-11-02T16:52:43.808+0000] {dag.py:3823} INFO - Setting next_dagrun for load_csv_to_clickhouse to 2025-11-02 00:00:00+00:00, run_after=2025-11-09 00:00:00+00:00
[2025-11-02T16:52:43.856+0000] {processor.py:183} INFO - Processing /opt/airflow/dags/load_to_clickhouse.py took 1.604 seconds
[2025-11-02T16:53:14.036+0000] {processor.py:161} INFO - Started process (PID=959) to work on /opt/airflow/dags/load_to_clickhouse.py
[2025-11-02T16:53:14.038+0000] {processor.py:830} INFO - Processing file /opt/airflow/dags/load_to_clickhouse.py for tasks to queue
[2025-11-02T16:53:14.040+0000] {logging_mixin.py:188} INFO - [2025-11-02T16:53:14.040+0000] {dagbag.py:538} INFO - Filling up the DagBag from /opt/airflow/dags/load_to_clickhouse.py
[2025-11-02T16:53:15.042+0000] {processor.py:840} INFO - DAG(s) 'load_csv_to_clickhouse' retrieved from /opt/airflow/dags/load_to_clickhouse.py
[2025-11-02T16:53:15.137+0000] {logging_mixin.py:188} INFO - [2025-11-02T16:53:15.135+0000] {dag.py:3036} INFO - Sync 1 DAGs
[2025-11-02T16:53:15.189+0000] {logging_mixin.py:188} INFO - [2025-11-02T16:53:15.188+0000] {dag.py:3823} INFO - Setting next_dagrun for load_csv_to_clickhouse to 2025-11-02 00:00:00+00:00, run_after=2025-11-09 00:00:00+00:00
[2025-11-02T16:53:15.249+0000] {processor.py:183} INFO - Processing /opt/airflow/dags/load_to_clickhouse.py took 1.219 seconds
[2025-11-02T16:53:45.478+0000] {processor.py:161} INFO - Started process (PID=971) to work on /opt/airflow/dags/load_to_clickhouse.py
[2025-11-02T16:53:45.480+0000] {processor.py:830} INFO - Processing file /opt/airflow/dags/load_to_clickhouse.py for tasks to queue
[2025-11-02T16:53:45.483+0000] {logging_mixin.py:188} INFO - [2025-11-02T16:53:45.482+0000] {dagbag.py:538} INFO - Filling up the DagBag from /opt/airflow/dags/load_to_clickhouse.py
[2025-11-02T16:53:46.430+0000] {processor.py:840} INFO - DAG(s) 'load_csv_to_clickhouse' retrieved from /opt/airflow/dags/load_to_clickhouse.py
[2025-11-02T16:53:46.489+0000] {logging_mixin.py:188} INFO - [2025-11-02T16:53:46.487+0000] {dag.py:3036} INFO - Sync 1 DAGs
[2025-11-02T16:53:46.547+0000] {logging_mixin.py:188} INFO - [2025-11-02T16:53:46.546+0000] {dag.py:3823} INFO - Setting next_dagrun for load_csv_to_clickhouse to 2025-11-02 00:00:00+00:00, run_after=2025-11-09 00:00:00+00:00
[2025-11-02T16:53:46.596+0000] {processor.py:183} INFO - Processing /opt/airflow/dags/load_to_clickhouse.py took 1.126 seconds
[2025-11-02T16:54:16.865+0000] {processor.py:161} INFO - Started process (PID=983) to work on /opt/airflow/dags/load_to_clickhouse.py
[2025-11-02T16:54:16.868+0000] {processor.py:830} INFO - Processing file /opt/airflow/dags/load_to_clickhouse.py for tasks to queue
[2025-11-02T16:54:16.871+0000] {logging_mixin.py:188} INFO - [2025-11-02T16:54:16.870+0000] {dagbag.py:538} INFO - Filling up the DagBag from /opt/airflow/dags/load_to_clickhouse.py
[2025-11-02T16:54:18.045+0000] {processor.py:840} INFO - DAG(s) 'load_csv_to_clickhouse' retrieved from /opt/airflow/dags/load_to_clickhouse.py
[2025-11-02T16:54:18.133+0000] {logging_mixin.py:188} INFO - [2025-11-02T16:54:18.133+0000] {dag.py:3036} INFO - Sync 1 DAGs
[2025-11-02T16:54:18.171+0000] {logging_mixin.py:188} INFO - [2025-11-02T16:54:18.171+0000] {dag.py:3823} INFO - Setting next_dagrun for load_csv_to_clickhouse to 2025-11-02 00:00:00+00:00, run_after=2025-11-09 00:00:00+00:00
[2025-11-02T16:54:18.223+0000] {processor.py:183} INFO - Processing /opt/airflow/dags/load_to_clickhouse.py took 1.366 seconds
[2025-11-02T16:54:48.467+0000] {processor.py:161} INFO - Started process (PID=995) to work on /opt/airflow/dags/load_to_clickhouse.py
[2025-11-02T16:54:48.470+0000] {processor.py:830} INFO - Processing file /opt/airflow/dags/load_to_clickhouse.py for tasks to queue
[2025-11-02T16:54:48.473+0000] {logging_mixin.py:188} INFO - [2025-11-02T16:54:48.472+0000] {dagbag.py:538} INFO - Filling up the DagBag from /opt/airflow/dags/load_to_clickhouse.py
[2025-11-02T16:54:49.384+0000] {processor.py:840} INFO - DAG(s) 'load_csv_to_clickhouse' retrieved from /opt/airflow/dags/load_to_clickhouse.py
[2025-11-02T16:54:49.461+0000] {logging_mixin.py:188} INFO - [2025-11-02T16:54:49.461+0000] {dag.py:3036} INFO - Sync 1 DAGs
[2025-11-02T16:54:49.514+0000] {logging_mixin.py:188} INFO - [2025-11-02T16:54:49.514+0000] {dag.py:3823} INFO - Setting next_dagrun for load_csv_to_clickhouse to 2025-11-02 00:00:00+00:00, run_after=2025-11-09 00:00:00+00:00
[2025-11-02T16:54:50.109+0000] {processor.py:183} INFO - Processing /opt/airflow/dags/load_to_clickhouse.py took 1.648 seconds
[2025-11-02T16:55:20.742+0000] {processor.py:161} INFO - Started process (PID=1007) to work on /opt/airflow/dags/load_to_clickhouse.py
[2025-11-02T16:55:20.746+0000] {processor.py:830} INFO - Processing file /opt/airflow/dags/load_to_clickhouse.py for tasks to queue
[2025-11-02T16:55:20.750+0000] {logging_mixin.py:188} INFO - [2025-11-02T16:55:20.749+0000] {dagbag.py:538} INFO - Filling up the DagBag from /opt/airflow/dags/load_to_clickhouse.py
[2025-11-02T16:55:21.820+0000] {processor.py:840} INFO - DAG(s) 'load_csv_to_clickhouse' retrieved from /opt/airflow/dags/load_to_clickhouse.py
[2025-11-02T16:55:21.905+0000] {logging_mixin.py:188} INFO - [2025-11-02T16:55:21.904+0000] {dag.py:3036} INFO - Sync 1 DAGs
[2025-11-02T16:55:22.738+0000] {logging_mixin.py:188} INFO - [2025-11-02T16:55:22.737+0000] {dag.py:3823} INFO - Setting next_dagrun for load_csv_to_clickhouse to 2025-11-02 00:00:00+00:00, run_after=2025-11-09 00:00:00+00:00
[2025-11-02T16:55:22.804+0000] {processor.py:183} INFO - Processing /opt/airflow/dags/load_to_clickhouse.py took 2.074 seconds
[2025-11-02T16:55:53.037+0000] {processor.py:161} INFO - Started process (PID=1019) to work on /opt/airflow/dags/load_to_clickhouse.py
[2025-11-02T16:55:53.039+0000] {processor.py:830} INFO - Processing file /opt/airflow/dags/load_to_clickhouse.py for tasks to queue
[2025-11-02T16:55:53.045+0000] {logging_mixin.py:188} INFO - [2025-11-02T16:55:53.044+0000] {dagbag.py:538} INFO - Filling up the DagBag from /opt/airflow/dags/load_to_clickhouse.py
[2025-11-02T16:55:54.235+0000] {processor.py:840} INFO - DAG(s) 'load_csv_to_clickhouse' retrieved from /opt/airflow/dags/load_to_clickhouse.py
[2025-11-02T16:55:54.303+0000] {logging_mixin.py:188} INFO - [2025-11-02T16:55:54.302+0000] {dag.py:3036} INFO - Sync 1 DAGs
[2025-11-02T16:55:54.359+0000] {logging_mixin.py:188} INFO - [2025-11-02T16:55:54.358+0000] {dag.py:3823} INFO - Setting next_dagrun for load_csv_to_clickhouse to 2025-11-02 00:00:00+00:00, run_after=2025-11-09 00:00:00+00:00
[2025-11-02T16:55:54.406+0000] {processor.py:183} INFO - Processing /opt/airflow/dags/load_to_clickhouse.py took 1.379 seconds
[2025-11-02T16:56:24.858+0000] {processor.py:161} INFO - Started process (PID=1031) to work on /opt/airflow/dags/load_to_clickhouse.py
[2025-11-02T16:56:24.860+0000] {processor.py:830} INFO - Processing file /opt/airflow/dags/load_to_clickhouse.py for tasks to queue
[2025-11-02T16:56:24.863+0000] {logging_mixin.py:188} INFO - [2025-11-02T16:56:24.862+0000] {dagbag.py:538} INFO - Filling up the DagBag from /opt/airflow/dags/load_to_clickhouse.py
[2025-11-02T16:56:26.032+0000] {processor.py:840} INFO - DAG(s) 'load_csv_to_clickhouse' retrieved from /opt/airflow/dags/load_to_clickhouse.py
[2025-11-02T16:56:26.100+0000] {logging_mixin.py:188} INFO - [2025-11-02T16:56:26.098+0000] {dag.py:3036} INFO - Sync 1 DAGs
[2025-11-02T16:56:26.162+0000] {logging_mixin.py:188} INFO - [2025-11-02T16:56:26.161+0000] {dag.py:3823} INFO - Setting next_dagrun for load_csv_to_clickhouse to 2025-11-02 00:00:00+00:00, run_after=2025-11-09 00:00:00+00:00
[2025-11-02T16:56:26.205+0000] {processor.py:183} INFO - Processing /opt/airflow/dags/load_to_clickhouse.py took 1.352 seconds
[2025-11-02T16:56:56.776+0000] {processor.py:161} INFO - Started process (PID=1043) to work on /opt/airflow/dags/load_to_clickhouse.py
[2025-11-02T16:56:56.779+0000] {processor.py:830} INFO - Processing file /opt/airflow/dags/load_to_clickhouse.py for tasks to queue
[2025-11-02T16:56:56.782+0000] {logging_mixin.py:188} INFO - [2025-11-02T16:56:56.781+0000] {dagbag.py:538} INFO - Filling up the DagBag from /opt/airflow/dags/load_to_clickhouse.py
[2025-11-02T16:56:57.827+0000] {processor.py:840} INFO - DAG(s) 'load_csv_to_clickhouse' retrieved from /opt/airflow/dags/load_to_clickhouse.py
[2025-11-02T16:56:57.890+0000] {logging_mixin.py:188} INFO - [2025-11-02T16:56:57.889+0000] {dag.py:3036} INFO - Sync 1 DAGs
[2025-11-02T16:56:57.949+0000] {logging_mixin.py:188} INFO - [2025-11-02T16:56:57.949+0000] {dag.py:3823} INFO - Setting next_dagrun for load_csv_to_clickhouse to 2025-11-02 00:00:00+00:00, run_after=2025-11-09 00:00:00+00:00
[2025-11-02T16:56:58.694+0000] {processor.py:183} INFO - Processing /opt/airflow/dags/load_to_clickhouse.py took 1.927 seconds
[2025-11-02T16:57:29.051+0000] {processor.py:161} INFO - Started process (PID=1055) to work on /opt/airflow/dags/load_to_clickhouse.py
[2025-11-02T16:57:29.054+0000] {processor.py:830} INFO - Processing file /opt/airflow/dags/load_to_clickhouse.py for tasks to queue
[2025-11-02T16:57:29.057+0000] {logging_mixin.py:188} INFO - [2025-11-02T16:57:29.056+0000] {dagbag.py:538} INFO - Filling up the DagBag from /opt/airflow/dags/load_to_clickhouse.py
[2025-11-02T16:57:31.058+0000] {processor.py:840} INFO - DAG(s) 'load_csv_to_clickhouse' retrieved from /opt/airflow/dags/load_to_clickhouse.py
[2025-11-02T16:57:31.147+0000] {logging_mixin.py:188} INFO - [2025-11-02T16:57:31.145+0000] {dag.py:3036} INFO - Sync 1 DAGs
[2025-11-02T16:57:32.508+0000] {logging_mixin.py:188} INFO - [2025-11-02T16:57:32.508+0000] {dag.py:3823} INFO - Setting next_dagrun for load_csv_to_clickhouse to 2025-11-02 00:00:00+00:00, run_after=2025-11-09 00:00:00+00:00
[2025-11-02T16:57:32.590+0000] {processor.py:183} INFO - Processing /opt/airflow/dags/load_to_clickhouse.py took 3.563 seconds
[2025-11-02T16:58:03.307+0000] {processor.py:161} INFO - Started process (PID=1067) to work on /opt/airflow/dags/load_to_clickhouse.py
[2025-11-02T16:58:03.310+0000] {processor.py:830} INFO - Processing file /opt/airflow/dags/load_to_clickhouse.py for tasks to queue
[2025-11-02T16:58:03.312+0000] {logging_mixin.py:188} INFO - [2025-11-02T16:58:03.312+0000] {dagbag.py:538} INFO - Filling up the DagBag from /opt/airflow/dags/load_to_clickhouse.py
[2025-11-02T16:58:04.237+0000] {processor.py:840} INFO - DAG(s) 'load_csv_to_clickhouse' retrieved from /opt/airflow/dags/load_to_clickhouse.py
[2025-11-02T16:58:04.315+0000] {logging_mixin.py:188} INFO - [2025-11-02T16:58:04.311+0000] {dag.py:3036} INFO - Sync 1 DAGs
[2025-11-02T16:58:04.769+0000] {logging_mixin.py:188} INFO - [2025-11-02T16:58:04.768+0000] {dag.py:3823} INFO - Setting next_dagrun for load_csv_to_clickhouse to 2025-11-02 00:00:00+00:00, run_after=2025-11-09 00:00:00+00:00
[2025-11-02T16:58:04.853+0000] {processor.py:183} INFO - Processing /opt/airflow/dags/load_to_clickhouse.py took 1.552 seconds
[2025-11-02T16:58:35.463+0000] {processor.py:161} INFO - Started process (PID=1079) to work on /opt/airflow/dags/load_to_clickhouse.py
[2025-11-02T16:58:35.468+0000] {processor.py:830} INFO - Processing file /opt/airflow/dags/load_to_clickhouse.py for tasks to queue
[2025-11-02T16:58:35.470+0000] {logging_mixin.py:188} INFO - [2025-11-02T16:58:35.470+0000] {dagbag.py:538} INFO - Filling up the DagBag from /opt/airflow/dags/load_to_clickhouse.py
[2025-11-02T16:58:36.535+0000] {processor.py:840} INFO - DAG(s) 'load_csv_to_clickhouse' retrieved from /opt/airflow/dags/load_to_clickhouse.py
[2025-11-02T16:58:36.612+0000] {logging_mixin.py:188} INFO - [2025-11-02T16:58:36.610+0000] {dag.py:3036} INFO - Sync 1 DAGs
[2025-11-02T16:58:36.685+0000] {logging_mixin.py:188} INFO - [2025-11-02T16:58:36.685+0000] {dag.py:3823} INFO - Setting next_dagrun for load_csv_to_clickhouse to 2025-11-02 00:00:00+00:00, run_after=2025-11-09 00:00:00+00:00
[2025-11-02T16:58:36.747+0000] {processor.py:183} INFO - Processing /opt/airflow/dags/load_to_clickhouse.py took 1.296 seconds
[2025-11-02T16:59:06.963+0000] {processor.py:161} INFO - Started process (PID=1091) to work on /opt/airflow/dags/load_to_clickhouse.py
[2025-11-02T16:59:06.966+0000] {processor.py:830} INFO - Processing file /opt/airflow/dags/load_to_clickhouse.py for tasks to queue
[2025-11-02T16:59:06.969+0000] {logging_mixin.py:188} INFO - [2025-11-02T16:59:06.968+0000] {dagbag.py:538} INFO - Filling up the DagBag from /opt/airflow/dags/load_to_clickhouse.py
[2025-11-02T16:59:08.275+0000] {processor.py:840} INFO - DAG(s) 'load_csv_to_clickhouse' retrieved from /opt/airflow/dags/load_to_clickhouse.py
[2025-11-02T16:59:08.369+0000] {logging_mixin.py:188} INFO - [2025-11-02T16:59:08.368+0000] {dag.py:3036} INFO - Sync 1 DAGs
[2025-11-02T16:59:08.429+0000] {logging_mixin.py:188} INFO - [2025-11-02T16:59:08.428+0000] {dag.py:3823} INFO - Setting next_dagrun for load_csv_to_clickhouse to 2025-11-02 00:00:00+00:00, run_after=2025-11-09 00:00:00+00:00
[2025-11-02T16:59:08.504+0000] {processor.py:183} INFO - Processing /opt/airflow/dags/load_to_clickhouse.py took 1.547 seconds
[2025-11-02T16:59:38.900+0000] {processor.py:161} INFO - Started process (PID=1103) to work on /opt/airflow/dags/load_to_clickhouse.py
[2025-11-02T16:59:38.905+0000] {processor.py:830} INFO - Processing file /opt/airflow/dags/load_to_clickhouse.py for tasks to queue
[2025-11-02T16:59:38.910+0000] {logging_mixin.py:188} INFO - [2025-11-02T16:59:38.907+0000] {dagbag.py:538} INFO - Filling up the DagBag from /opt/airflow/dags/load_to_clickhouse.py
[2025-11-02T16:59:40.913+0000] {processor.py:840} INFO - DAG(s) 'load_csv_to_clickhouse' retrieved from /opt/airflow/dags/load_to_clickhouse.py
[2025-11-02T16:59:40.984+0000] {logging_mixin.py:188} INFO - [2025-11-02T16:59:40.983+0000] {dag.py:3036} INFO - Sync 1 DAGs
[2025-11-02T16:59:42.358+0000] {logging_mixin.py:188} INFO - [2025-11-02T16:59:42.357+0000] {dag.py:3823} INFO - Setting next_dagrun for load_csv_to_clickhouse to 2025-11-02 00:00:00+00:00, run_after=2025-11-09 00:00:00+00:00
[2025-11-02T16:59:42.415+0000] {processor.py:183} INFO - Processing /opt/airflow/dags/load_to_clickhouse.py took 3.627 seconds
[2025-11-02T17:00:12.972+0000] {processor.py:161} INFO - Started process (PID=1115) to work on /opt/airflow/dags/load_to_clickhouse.py
[2025-11-02T17:00:12.974+0000] {processor.py:830} INFO - Processing file /opt/airflow/dags/load_to_clickhouse.py for tasks to queue
[2025-11-02T17:00:12.977+0000] {logging_mixin.py:188} INFO - [2025-11-02T17:00:12.976+0000] {dagbag.py:538} INFO - Filling up the DagBag from /opt/airflow/dags/load_to_clickhouse.py
[2025-11-02T17:00:13.827+0000] {processor.py:840} INFO - DAG(s) 'load_csv_to_clickhouse' retrieved from /opt/airflow/dags/load_to_clickhouse.py
[2025-11-02T17:00:13.901+0000] {logging_mixin.py:188} INFO - [2025-11-02T17:00:13.900+0000] {dag.py:3036} INFO - Sync 1 DAGs
[2025-11-02T17:00:14.278+0000] {logging_mixin.py:188} INFO - [2025-11-02T17:00:14.277+0000] {dag.py:3823} INFO - Setting next_dagrun for load_csv_to_clickhouse to 2025-11-02 00:00:00+00:00, run_after=2025-11-09 00:00:00+00:00
[2025-11-02T17:00:14.335+0000] {processor.py:183} INFO - Processing /opt/airflow/dags/load_to_clickhouse.py took 1.371 seconds
[2025-11-02T17:00:44.930+0000] {processor.py:161} INFO - Started process (PID=1127) to work on /opt/airflow/dags/load_to_clickhouse.py
[2025-11-02T17:00:44.937+0000] {processor.py:830} INFO - Processing file /opt/airflow/dags/load_to_clickhouse.py for tasks to queue
[2025-11-02T17:00:44.940+0000] {logging_mixin.py:188} INFO - [2025-11-02T17:00:44.939+0000] {dagbag.py:538} INFO - Filling up the DagBag from /opt/airflow/dags/load_to_clickhouse.py
[2025-11-02T17:00:46.070+0000] {processor.py:840} INFO - DAG(s) 'load_csv_to_clickhouse' retrieved from /opt/airflow/dags/load_to_clickhouse.py
[2025-11-02T17:00:46.155+0000] {logging_mixin.py:188} INFO - [2025-11-02T17:00:46.153+0000] {dag.py:3036} INFO - Sync 1 DAGs
[2025-11-02T17:00:46.212+0000] {logging_mixin.py:188} INFO - [2025-11-02T17:00:46.211+0000] {dag.py:3823} INFO - Setting next_dagrun for load_csv_to_clickhouse to 2025-11-02 00:00:00+00:00, run_after=2025-11-09 00:00:00+00:00
[2025-11-02T17:00:46.262+0000] {processor.py:183} INFO - Processing /opt/airflow/dags/load_to_clickhouse.py took 1.345 seconds
[2025-11-02T17:01:16.905+0000] {processor.py:161} INFO - Started process (PID=1139) to work on /opt/airflow/dags/load_to_clickhouse.py
[2025-11-02T17:01:16.909+0000] {processor.py:830} INFO - Processing file /opt/airflow/dags/load_to_clickhouse.py for tasks to queue
[2025-11-02T17:01:16.912+0000] {logging_mixin.py:188} INFO - [2025-11-02T17:01:16.911+0000] {dagbag.py:538} INFO - Filling up the DagBag from /opt/airflow/dags/load_to_clickhouse.py
[2025-11-02T17:01:18.108+0000] {processor.py:840} INFO - DAG(s) 'load_csv_to_clickhouse' retrieved from /opt/airflow/dags/load_to_clickhouse.py
[2025-11-02T17:01:18.259+0000] {logging_mixin.py:188} INFO - [2025-11-02T17:01:18.258+0000] {dag.py:3036} INFO - Sync 1 DAGs
[2025-11-02T17:01:18.346+0000] {logging_mixin.py:188} INFO - [2025-11-02T17:01:18.345+0000] {dag.py:3823} INFO - Setting next_dagrun for load_csv_to_clickhouse to 2025-11-02 00:00:00+00:00, run_after=2025-11-09 00:00:00+00:00
[2025-11-02T17:01:18.409+0000] {processor.py:183} INFO - Processing /opt/airflow/dags/load_to_clickhouse.py took 1.516 seconds
[2025-11-02T17:01:49.087+0000] {processor.py:161} INFO - Started process (PID=1151) to work on /opt/airflow/dags/load_to_clickhouse.py
[2025-11-02T17:01:49.090+0000] {processor.py:830} INFO - Processing file /opt/airflow/dags/load_to_clickhouse.py for tasks to queue
[2025-11-02T17:01:49.093+0000] {logging_mixin.py:188} INFO - [2025-11-02T17:01:49.092+0000] {dagbag.py:538} INFO - Filling up the DagBag from /opt/airflow/dags/load_to_clickhouse.py
[2025-11-02T17:01:50.150+0000] {processor.py:840} INFO - DAG(s) 'load_csv_to_clickhouse' retrieved from /opt/airflow/dags/load_to_clickhouse.py
[2025-11-02T17:01:50.231+0000] {logging_mixin.py:188} INFO - [2025-11-02T17:01:50.231+0000] {dag.py:3036} INFO - Sync 1 DAGs
[2025-11-02T17:01:50.281+0000] {logging_mixin.py:188} INFO - [2025-11-02T17:01:50.280+0000] {dag.py:3823} INFO - Setting next_dagrun for load_csv_to_clickhouse to 2025-11-02 00:00:00+00:00, run_after=2025-11-09 00:00:00+00:00
[2025-11-02T17:01:52.310+0000] {processor.py:183} INFO - Processing /opt/airflow/dags/load_to_clickhouse.py took 3.230 seconds
[2025-11-02T17:02:22.574+0000] {processor.py:161} INFO - Started process (PID=1163) to work on /opt/airflow/dags/load_to_clickhouse.py
[2025-11-02T17:02:22.578+0000] {processor.py:830} INFO - Processing file /opt/airflow/dags/load_to_clickhouse.py for tasks to queue
[2025-11-02T17:02:22.583+0000] {logging_mixin.py:188} INFO - [2025-11-02T17:02:22.582+0000] {dagbag.py:538} INFO - Filling up the DagBag from /opt/airflow/dags/load_to_clickhouse.py
[2025-11-02T17:02:23.526+0000] {processor.py:840} INFO - DAG(s) 'load_csv_to_clickhouse' retrieved from /opt/airflow/dags/load_to_clickhouse.py
[2025-11-02T17:02:23.584+0000] {logging_mixin.py:188} INFO - [2025-11-02T17:02:23.583+0000] {dag.py:3036} INFO - Sync 1 DAGs
[2025-11-02T17:02:24.087+0000] {logging_mixin.py:188} INFO - [2025-11-02T17:02:24.087+0000] {dag.py:3823} INFO - Setting next_dagrun for load_csv_to_clickhouse to 2025-11-02 00:00:00+00:00, run_after=2025-11-09 00:00:00+00:00
[2025-11-02T17:02:24.140+0000] {processor.py:183} INFO - Processing /opt/airflow/dags/load_to_clickhouse.py took 1.581 seconds
[2025-11-02T17:02:54.315+0000] {processor.py:161} INFO - Started process (PID=1175) to work on /opt/airflow/dags/load_to_clickhouse.py
[2025-11-02T17:02:54.318+0000] {processor.py:830} INFO - Processing file /opt/airflow/dags/load_to_clickhouse.py for tasks to queue
[2025-11-02T17:02:54.320+0000] {logging_mixin.py:188} INFO - [2025-11-02T17:02:54.320+0000] {dagbag.py:538} INFO - Filling up the DagBag from /opt/airflow/dags/load_to_clickhouse.py
[2025-11-02T17:02:55.449+0000] {processor.py:840} INFO - DAG(s) 'load_csv_to_clickhouse' retrieved from /opt/airflow/dags/load_to_clickhouse.py
[2025-11-02T17:02:55.539+0000] {logging_mixin.py:188} INFO - [2025-11-02T17:02:55.538+0000] {dag.py:3036} INFO - Sync 1 DAGs
[2025-11-02T17:02:55.986+0000] {logging_mixin.py:188} INFO - [2025-11-02T17:02:55.985+0000] {dag.py:3823} INFO - Setting next_dagrun for load_csv_to_clickhouse to 2025-11-02 00:00:00+00:00, run_after=2025-11-09 00:00:00+00:00
[2025-11-02T17:02:56.052+0000] {processor.py:183} INFO - Processing /opt/airflow/dags/load_to_clickhouse.py took 1.747 seconds
[2025-11-02T17:03:26.471+0000] {processor.py:161} INFO - Started process (PID=1187) to work on /opt/airflow/dags/load_to_clickhouse.py
[2025-11-02T17:03:26.475+0000] {processor.py:830} INFO - Processing file /opt/airflow/dags/load_to_clickhouse.py for tasks to queue
[2025-11-02T17:03:26.479+0000] {logging_mixin.py:188} INFO - [2025-11-02T17:03:26.478+0000] {dagbag.py:538} INFO - Filling up the DagBag from /opt/airflow/dags/load_to_clickhouse.py
[2025-11-02T17:03:27.714+0000] {processor.py:840} INFO - DAG(s) 'load_csv_to_clickhouse' retrieved from /opt/airflow/dags/load_to_clickhouse.py
[2025-11-02T17:03:27.846+0000] {logging_mixin.py:188} INFO - [2025-11-02T17:03:27.845+0000] {dag.py:3036} INFO - Sync 1 DAGs
[2025-11-02T17:03:27.934+0000] {logging_mixin.py:188} INFO - [2025-11-02T17:03:27.932+0000] {dag.py:3823} INFO - Setting next_dagrun for load_csv_to_clickhouse to 2025-11-02 00:00:00+00:00, run_after=2025-11-09 00:00:00+00:00
[2025-11-02T17:03:28.011+0000] {processor.py:183} INFO - Processing /opt/airflow/dags/load_to_clickhouse.py took 1.602 seconds
[2025-11-02T17:03:58.836+0000] {processor.py:161} INFO - Started process (PID=1199) to work on /opt/airflow/dags/load_to_clickhouse.py
[2025-11-02T17:03:58.838+0000] {processor.py:830} INFO - Processing file /opt/airflow/dags/load_to_clickhouse.py for tasks to queue
[2025-11-02T17:03:58.841+0000] {logging_mixin.py:188} INFO - [2025-11-02T17:03:58.840+0000] {dagbag.py:538} INFO - Filling up the DagBag from /opt/airflow/dags/load_to_clickhouse.py
[2025-11-02T17:03:59.671+0000] {processor.py:840} INFO - DAG(s) 'load_csv_to_clickhouse' retrieved from /opt/airflow/dags/load_to_clickhouse.py
[2025-11-02T17:03:59.722+0000] {logging_mixin.py:188} INFO - [2025-11-02T17:03:59.721+0000] {dag.py:3036} INFO - Sync 1 DAGs
[2025-11-02T17:03:59.795+0000] {logging_mixin.py:188} INFO - [2025-11-02T17:03:59.795+0000] {dag.py:3823} INFO - Setting next_dagrun for load_csv_to_clickhouse to 2025-11-02 00:00:00+00:00, run_after=2025-11-09 00:00:00+00:00
[2025-11-02T17:03:59.850+0000] {processor.py:183} INFO - Processing /opt/airflow/dags/load_to_clickhouse.py took 1.021 seconds
[2025-11-02T17:04:30.245+0000] {processor.py:161} INFO - Started process (PID=1211) to work on /opt/airflow/dags/load_to_clickhouse.py
[2025-11-02T17:04:30.247+0000] {processor.py:830} INFO - Processing file /opt/airflow/dags/load_to_clickhouse.py for tasks to queue
[2025-11-02T17:04:30.250+0000] {logging_mixin.py:188} INFO - [2025-11-02T17:04:30.249+0000] {dagbag.py:538} INFO - Filling up the DagBag from /opt/airflow/dags/load_to_clickhouse.py
[2025-11-02T17:04:31.287+0000] {processor.py:840} INFO - DAG(s) 'load_csv_to_clickhouse' retrieved from /opt/airflow/dags/load_to_clickhouse.py
[2025-11-02T17:04:31.344+0000] {logging_mixin.py:188} INFO - [2025-11-02T17:04:31.343+0000] {dag.py:3036} INFO - Sync 1 DAGs
[2025-11-02T17:04:31.399+0000] {logging_mixin.py:188} INFO - [2025-11-02T17:04:31.398+0000] {dag.py:3823} INFO - Setting next_dagrun for load_csv_to_clickhouse to 2025-11-02 00:00:00+00:00, run_after=2025-11-09 00:00:00+00:00
[2025-11-02T17:04:31.446+0000] {processor.py:183} INFO - Processing /opt/airflow/dags/load_to_clickhouse.py took 1.208 seconds
[2025-11-02T17:05:01.846+0000] {processor.py:161} INFO - Started process (PID=1223) to work on /opt/airflow/dags/load_to_clickhouse.py
[2025-11-02T17:05:01.849+0000] {processor.py:830} INFO - Processing file /opt/airflow/dags/load_to_clickhouse.py for tasks to queue
[2025-11-02T17:05:01.853+0000] {logging_mixin.py:188} INFO - [2025-11-02T17:05:01.852+0000] {dagbag.py:538} INFO - Filling up the DagBag from /opt/airflow/dags/load_to_clickhouse.py
[2025-11-02T17:05:02.848+0000] {processor.py:840} INFO - DAG(s) 'load_csv_to_clickhouse' retrieved from /opt/airflow/dags/load_to_clickhouse.py
[2025-11-02T17:05:02.911+0000] {logging_mixin.py:188} INFO - [2025-11-02T17:05:02.910+0000] {dag.py:3036} INFO - Sync 1 DAGs
[2025-11-02T17:05:04.173+0000] {logging_mixin.py:188} INFO - [2025-11-02T17:05:04.172+0000] {dag.py:3823} INFO - Setting next_dagrun for load_csv_to_clickhouse to 2025-11-02 00:00:00+00:00, run_after=2025-11-09 00:00:00+00:00
[2025-11-02T17:05:04.275+0000] {processor.py:183} INFO - Processing /opt/airflow/dags/load_to_clickhouse.py took 2.471 seconds
[2025-11-02T17:05:37.626+0000] {processor.py:161} INFO - Started process (PID=1235) to work on /opt/airflow/dags/load_to_clickhouse.py
[2025-11-02T17:05:37.631+0000] {processor.py:830} INFO - Processing file /opt/airflow/dags/load_to_clickhouse.py for tasks to queue
[2025-11-02T17:05:37.643+0000] {logging_mixin.py:188} INFO - [2025-11-02T17:05:37.634+0000] {dagbag.py:538} INFO - Filling up the DagBag from /opt/airflow/dags/load_to_clickhouse.py
[2025-11-02T17:05:39.318+0000] {processor.py:840} INFO - DAG(s) 'load_csv_to_clickhouse' retrieved from /opt/airflow/dags/load_to_clickhouse.py
[2025-11-02T17:05:39.426+0000] {logging_mixin.py:188} INFO - [2025-11-02T17:05:39.424+0000] {dag.py:3036} INFO - Sync 1 DAGs
[2025-11-02T17:05:40.265+0000] {logging_mixin.py:188} INFO - [2025-11-02T17:05:40.265+0000] {dag.py:3823} INFO - Setting next_dagrun for load_csv_to_clickhouse to 2025-11-02 00:00:00+00:00, run_after=2025-11-09 00:00:00+00:00
[2025-11-02T17:05:40.316+0000] {processor.py:183} INFO - Processing /opt/airflow/dags/load_to_clickhouse.py took 2.705 seconds
[2025-11-02T17:06:10.595+0000] {processor.py:161} INFO - Started process (PID=1247) to work on /opt/airflow/dags/load_to_clickhouse.py
[2025-11-02T17:06:10.597+0000] {processor.py:830} INFO - Processing file /opt/airflow/dags/load_to_clickhouse.py for tasks to queue
[2025-11-02T17:06:10.599+0000] {logging_mixin.py:188} INFO - [2025-11-02T17:06:10.599+0000] {dagbag.py:538} INFO - Filling up the DagBag from /opt/airflow/dags/load_to_clickhouse.py
[2025-11-02T17:06:11.519+0000] {processor.py:840} INFO - DAG(s) 'load_csv_to_clickhouse' retrieved from /opt/airflow/dags/load_to_clickhouse.py
[2025-11-02T17:06:11.588+0000] {logging_mixin.py:188} INFO - [2025-11-02T17:06:11.587+0000] {dag.py:3036} INFO - Sync 1 DAGs
[2025-11-02T17:06:11.652+0000] {logging_mixin.py:188} INFO - [2025-11-02T17:06:11.651+0000] {dag.py:3823} INFO - Setting next_dagrun for load_csv_to_clickhouse to 2025-11-02 00:00:00+00:00, run_after=2025-11-09 00:00:00+00:00
[2025-11-02T17:06:11.727+0000] {processor.py:183} INFO - Processing /opt/airflow/dags/load_to_clickhouse.py took 1.139 seconds
[2025-11-02T17:06:42.130+0000] {processor.py:161} INFO - Started process (PID=1259) to work on /opt/airflow/dags/load_to_clickhouse.py
[2025-11-02T17:06:42.132+0000] {processor.py:830} INFO - Processing file /opt/airflow/dags/load_to_clickhouse.py for tasks to queue
[2025-11-02T17:06:42.135+0000] {logging_mixin.py:188} INFO - [2025-11-02T17:06:42.134+0000] {dagbag.py:538} INFO - Filling up the DagBag from /opt/airflow/dags/load_to_clickhouse.py
[2025-11-02T17:06:43.514+0000] {processor.py:840} INFO - DAG(s) 'load_csv_to_clickhouse' retrieved from /opt/airflow/dags/load_to_clickhouse.py
[2025-11-02T17:06:43.592+0000] {logging_mixin.py:188} INFO - [2025-11-02T17:06:43.591+0000] {dag.py:3036} INFO - Sync 1 DAGs
[2025-11-02T17:06:43.716+0000] {logging_mixin.py:188} INFO - [2025-11-02T17:06:43.714+0000] {dag.py:3823} INFO - Setting next_dagrun for load_csv_to_clickhouse to 2025-11-02 00:00:00+00:00, run_after=2025-11-09 00:00:00+00:00
[2025-11-02T17:06:43.820+0000] {processor.py:183} INFO - Processing /opt/airflow/dags/load_to_clickhouse.py took 1.698 seconds
[2025-11-02T17:07:17.221+0000] {processor.py:161} INFO - Started process (PID=1271) to work on /opt/airflow/dags/load_to_clickhouse.py
[2025-11-02T17:07:17.282+0000] {processor.py:830} INFO - Processing file /opt/airflow/dags/load_to_clickhouse.py for tasks to queue
[2025-11-02T17:07:17.422+0000] {logging_mixin.py:188} INFO - [2025-11-02T17:07:17.393+0000] {dagbag.py:538} INFO - Filling up the DagBag from /opt/airflow/dags/load_to_clickhouse.py
[2025-11-02T17:07:26.415+0000] {processor.py:840} INFO - DAG(s) 'load_csv_to_clickhouse' retrieved from /opt/airflow/dags/load_to_clickhouse.py
[2025-11-02T17:07:26.544+0000] {logging_mixin.py:188} INFO - [2025-11-02T17:07:26.542+0000] {dag.py:3036} INFO - Sync 1 DAGs
[2025-11-02T17:07:26.669+0000] {logging_mixin.py:188} INFO - [2025-11-02T17:07:26.669+0000] {dag.py:3823} INFO - Setting next_dagrun for load_csv_to_clickhouse to 2025-11-02 00:00:00+00:00, run_after=2025-11-09 00:00:00+00:00
[2025-11-02T17:07:26.773+0000] {processor.py:183} INFO - Processing /opt/airflow/dags/load_to_clickhouse.py took 9.729 seconds
[2025-11-02T17:07:57.399+0000] {processor.py:161} INFO - Started process (PID=1283) to work on /opt/airflow/dags/load_to_clickhouse.py
[2025-11-02T17:07:57.401+0000] {processor.py:830} INFO - Processing file /opt/airflow/dags/load_to_clickhouse.py for tasks to queue
[2025-11-02T17:07:57.404+0000] {logging_mixin.py:188} INFO - [2025-11-02T17:07:57.403+0000] {dagbag.py:538} INFO - Filling up the DagBag from /opt/airflow/dags/load_to_clickhouse.py
[2025-11-02T17:07:58.571+0000] {processor.py:840} INFO - DAG(s) 'load_csv_to_clickhouse' retrieved from /opt/airflow/dags/load_to_clickhouse.py
[2025-11-02T17:07:58.645+0000] {logging_mixin.py:188} INFO - [2025-11-02T17:07:58.644+0000] {dag.py:3036} INFO - Sync 1 DAGs
[2025-11-02T17:08:00.783+0000] {logging_mixin.py:188} INFO - [2025-11-02T17:08:00.783+0000] {dag.py:3823} INFO - Setting next_dagrun for load_csv_to_clickhouse to 2025-11-02 00:00:00+00:00, run_after=2025-11-09 00:00:00+00:00
[2025-11-02T17:08:00.851+0000] {processor.py:183} INFO - Processing /opt/airflow/dags/load_to_clickhouse.py took 3.459 seconds
[2025-11-02T17:08:31.232+0000] {processor.py:161} INFO - Started process (PID=1295) to work on /opt/airflow/dags/load_to_clickhouse.py
[2025-11-02T17:08:31.236+0000] {processor.py:830} INFO - Processing file /opt/airflow/dags/load_to_clickhouse.py for tasks to queue
[2025-11-02T17:08:31.239+0000] {logging_mixin.py:188} INFO - [2025-11-02T17:08:31.238+0000] {dagbag.py:538} INFO - Filling up the DagBag from /opt/airflow/dags/load_to_clickhouse.py
[2025-11-02T17:08:32.581+0000] {processor.py:840} INFO - DAG(s) 'load_csv_to_clickhouse' retrieved from /opt/airflow/dags/load_to_clickhouse.py
[2025-11-02T17:08:36.000+0000] {logging_mixin.py:188} INFO - [2025-11-02T17:08:32.735+0000] {dag.py:3036} INFO - Sync 1 DAGs
[2025-11-02T17:08:36.324+0000] {logging_mixin.py:188} INFO - [2025-11-02T17:08:36.322+0000] {dag.py:3823} INFO - Setting next_dagrun for load_csv_to_clickhouse to 2025-11-02 00:00:00+00:00, run_after=2025-11-09 00:00:00+00:00
[2025-11-02T17:08:36.497+0000] {processor.py:183} INFO - Processing /opt/airflow/dags/load_to_clickhouse.py took 5.297 seconds
[2025-11-02T17:09:07.354+0000] {processor.py:161} INFO - Started process (PID=1307) to work on /opt/airflow/dags/load_to_clickhouse.py
[2025-11-02T17:09:07.358+0000] {processor.py:830} INFO - Processing file /opt/airflow/dags/load_to_clickhouse.py for tasks to queue
[2025-11-02T17:09:07.363+0000] {logging_mixin.py:188} INFO - [2025-11-02T17:09:07.361+0000] {dagbag.py:538} INFO - Filling up the DagBag from /opt/airflow/dags/load_to_clickhouse.py
[2025-11-02T17:09:11.845+0000] {processor.py:840} INFO - DAG(s) 'load_csv_to_clickhouse' retrieved from /opt/airflow/dags/load_to_clickhouse.py
[2025-11-02T17:09:12.068+0000] {logging_mixin.py:188} INFO - [2025-11-02T17:09:12.066+0000] {dag.py:3036} INFO - Sync 1 DAGs
[2025-11-02T17:09:12.293+0000] {logging_mixin.py:188} INFO - [2025-11-02T17:09:12.292+0000] {dag.py:3823} INFO - Setting next_dagrun for load_csv_to_clickhouse to 2025-11-02 00:00:00+00:00, run_after=2025-11-09 00:00:00+00:00
[2025-11-02T17:09:12.402+0000] {processor.py:183} INFO - Processing /opt/airflow/dags/load_to_clickhouse.py took 5.130 seconds
[2025-11-02T17:09:43.035+0000] {processor.py:161} INFO - Started process (PID=1322) to work on /opt/airflow/dags/load_to_clickhouse.py
[2025-11-02T17:09:43.038+0000] {processor.py:830} INFO - Processing file /opt/airflow/dags/load_to_clickhouse.py for tasks to queue
[2025-11-02T17:09:43.042+0000] {logging_mixin.py:188} INFO - [2025-11-02T17:09:43.041+0000] {dagbag.py:538} INFO - Filling up the DagBag from /opt/airflow/dags/load_to_clickhouse.py
[2025-11-02T17:09:44.298+0000] {processor.py:840} INFO - DAG(s) 'load_csv_to_clickhouse' retrieved from /opt/airflow/dags/load_to_clickhouse.py
[2025-11-02T17:09:44.364+0000] {logging_mixin.py:188} INFO - [2025-11-02T17:09:44.363+0000] {dag.py:3036} INFO - Sync 1 DAGs
[2025-11-02T17:09:44.412+0000] {logging_mixin.py:188} INFO - [2025-11-02T17:09:44.412+0000] {dag.py:3823} INFO - Setting next_dagrun for load_csv_to_clickhouse to 2025-11-02 00:00:00+00:00, run_after=2025-11-09 00:00:00+00:00
[2025-11-02T17:09:45.514+0000] {processor.py:183} INFO - Processing /opt/airflow/dags/load_to_clickhouse.py took 2.485 seconds
[2025-11-02T17:10:15.921+0000] {processor.py:161} INFO - Started process (PID=1335) to work on /opt/airflow/dags/load_to_clickhouse.py
[2025-11-02T17:10:15.925+0000] {processor.py:830} INFO - Processing file /opt/airflow/dags/load_to_clickhouse.py for tasks to queue
[2025-11-02T17:10:15.929+0000] {logging_mixin.py:188} INFO - [2025-11-02T17:10:15.928+0000] {dagbag.py:538} INFO - Filling up the DagBag from /opt/airflow/dags/load_to_clickhouse.py
[2025-11-02T17:10:22.348+0000] {processor.py:840} INFO - DAG(s) 'load_csv_to_clickhouse' retrieved from /opt/airflow/dags/load_to_clickhouse.py
[2025-11-02T17:10:24.031+0000] {logging_mixin.py:188} INFO - [2025-11-02T17:10:23.968+0000] {dag.py:3036} INFO - Sync 1 DAGs
[2025-11-02T17:10:34.373+0000] {logging_mixin.py:188} INFO - [2025-11-02T17:10:34.372+0000] {dag.py:3823} INFO - Setting next_dagrun for load_csv_to_clickhouse to 2025-11-02 00:00:00+00:00, run_after=2025-11-09 00:00:00+00:00
[2025-11-02T17:10:34.546+0000] {processor.py:183} INFO - Processing /opt/airflow/dags/load_to_clickhouse.py took 18.657 seconds
[2025-11-02T17:11:07.742+0000] {processor.py:161} INFO - Started process (PID=1349) to work on /opt/airflow/dags/load_to_clickhouse.py
[2025-11-02T17:11:07.810+0000] {processor.py:830} INFO - Processing file /opt/airflow/dags/load_to_clickhouse.py for tasks to queue
[2025-11-02T17:11:07.874+0000] {logging_mixin.py:188} INFO - [2025-11-02T17:11:07.865+0000] {dagbag.py:538} INFO - Filling up the DagBag from /opt/airflow/dags/load_to_clickhouse.py
[2025-11-02T17:11:16.963+0000] {processor.py:840} INFO - DAG(s) 'load_csv_to_clickhouse' retrieved from /opt/airflow/dags/load_to_clickhouse.py
[2025-11-02T17:11:17.309+0000] {logging_mixin.py:188} INFO - [2025-11-02T17:11:17.309+0000] {dag.py:3036} INFO - Sync 1 DAGs
[2025-11-02T17:11:17.354+0000] {logging_mixin.py:188} INFO - [2025-11-02T17:11:17.353+0000] {dag.py:3823} INFO - Setting next_dagrun for load_csv_to_clickhouse to 2025-11-02 00:00:00+00:00, run_after=2025-11-09 00:00:00+00:00
[2025-11-02T17:11:17.408+0000] {processor.py:183} INFO - Processing /opt/airflow/dags/load_to_clickhouse.py took 9.911 seconds
[2025-11-02T17:11:48.252+0000] {processor.py:161} INFO - Started process (PID=1361) to work on /opt/airflow/dags/load_to_clickhouse.py
[2025-11-02T17:11:48.263+0000] {processor.py:830} INFO - Processing file /opt/airflow/dags/load_to_clickhouse.py for tasks to queue
[2025-11-02T17:11:48.271+0000] {logging_mixin.py:188} INFO - [2025-11-02T17:11:48.268+0000] {dagbag.py:538} INFO - Filling up the DagBag from /opt/airflow/dags/load_to_clickhouse.py
[2025-11-02T17:11:50.406+0000] {processor.py:840} INFO - DAG(s) 'load_csv_to_clickhouse' retrieved from /opt/airflow/dags/load_to_clickhouse.py
[2025-11-02T17:11:50.909+0000] {logging_mixin.py:188} INFO - [2025-11-02T17:11:50.908+0000] {dag.py:3036} INFO - Sync 1 DAGs
[2025-11-02T17:11:51.219+0000] {logging_mixin.py:188} INFO - [2025-11-02T17:11:51.218+0000] {dag.py:3823} INFO - Setting next_dagrun for load_csv_to_clickhouse to 2025-11-02 00:00:00+00:00, run_after=2025-11-09 00:00:00+00:00
[2025-11-02T17:11:51.381+0000] {processor.py:183} INFO - Processing /opt/airflow/dags/load_to_clickhouse.py took 3.171 seconds
[2025-11-02T17:12:24.436+0000] {processor.py:161} INFO - Started process (PID=1373) to work on /opt/airflow/dags/load_to_clickhouse.py
[2025-11-02T17:12:24.452+0000] {processor.py:830} INFO - Processing file /opt/airflow/dags/load_to_clickhouse.py for tasks to queue
[2025-11-02T17:12:24.468+0000] {logging_mixin.py:188} INFO - [2025-11-02T17:12:24.467+0000] {dagbag.py:538} INFO - Filling up the DagBag from /opt/airflow/dags/load_to_clickhouse.py
[2025-11-02T17:12:27.842+0000] {processor.py:840} INFO - DAG(s) 'load_csv_to_clickhouse' retrieved from /opt/airflow/dags/load_to_clickhouse.py
[2025-11-02T17:12:27.928+0000] {logging_mixin.py:188} INFO - [2025-11-02T17:12:27.927+0000] {dag.py:3036} INFO - Sync 1 DAGs
[2025-11-02T17:12:27.995+0000] {logging_mixin.py:188} INFO - [2025-11-02T17:12:27.994+0000] {dag.py:3823} INFO - Setting next_dagrun for load_csv_to_clickhouse to 2025-11-02 00:00:00+00:00, run_after=2025-11-09 00:00:00+00:00
[2025-11-02T17:12:42.032+0000] {processor.py:183} INFO - Processing /opt/airflow/dags/load_to_clickhouse.py took 17.638 seconds
[2025-11-02T17:13:15.761+0000] {processor.py:161} INFO - Started process (PID=1391) to work on /opt/airflow/dags/load_to_clickhouse.py
[2025-11-02T17:13:15.867+0000] {processor.py:830} INFO - Processing file /opt/airflow/dags/load_to_clickhouse.py for tasks to queue
[2025-11-02T17:13:16.075+0000] {logging_mixin.py:188} INFO - [2025-11-02T17:13:16.014+0000] {dagbag.py:538} INFO - Filling up the DagBag from /opt/airflow/dags/load_to_clickhouse.py
[2025-11-02T17:13:17.343+0000] {processor.py:840} INFO - DAG(s) 'load_csv_to_clickhouse' retrieved from /opt/airflow/dags/load_to_clickhouse.py
[2025-11-02T17:13:17.432+0000] {logging_mixin.py:188} INFO - [2025-11-02T17:13:17.431+0000] {dag.py:3036} INFO - Sync 1 DAGs
[2025-11-02T17:13:18.579+0000] {logging_mixin.py:188} INFO - [2025-11-02T17:13:18.578+0000] {dag.py:3823} INFO - Setting next_dagrun for load_csv_to_clickhouse to 2025-11-02 00:00:00+00:00, run_after=2025-11-09 00:00:00+00:00
[2025-11-02T17:13:18.630+0000] {processor.py:183} INFO - Processing /opt/airflow/dags/load_to_clickhouse.py took 3.203 seconds
[2025-11-02T17:13:48.941+0000] {processor.py:161} INFO - Started process (PID=1403) to work on /opt/airflow/dags/load_to_clickhouse.py
[2025-11-02T17:13:48.947+0000] {processor.py:830} INFO - Processing file /opt/airflow/dags/load_to_clickhouse.py for tasks to queue
[2025-11-02T17:13:48.952+0000] {logging_mixin.py:188} INFO - [2025-11-02T17:13:48.951+0000] {dagbag.py:538} INFO - Filling up the DagBag from /opt/airflow/dags/load_to_clickhouse.py
[2025-11-02T17:13:50.762+0000] {processor.py:840} INFO - DAG(s) 'load_csv_to_clickhouse' retrieved from /opt/airflow/dags/load_to_clickhouse.py
[2025-11-02T17:13:51.816+0000] {logging_mixin.py:188} INFO - [2025-11-02T17:13:51.815+0000] {dag.py:3036} INFO - Sync 1 DAGs
[2025-11-02T17:13:51.868+0000] {logging_mixin.py:188} INFO - [2025-11-02T17:13:51.867+0000] {dag.py:3823} INFO - Setting next_dagrun for load_csv_to_clickhouse to 2025-11-02 00:00:00+00:00, run_after=2025-11-09 00:00:00+00:00
[2025-11-02T17:13:51.919+0000] {processor.py:183} INFO - Processing /opt/airflow/dags/load_to_clickhouse.py took 2.997 seconds
[2025-11-02T17:14:22.407+0000] {processor.py:161} INFO - Started process (PID=1415) to work on /opt/airflow/dags/load_to_clickhouse.py
[2025-11-02T17:14:22.410+0000] {processor.py:830} INFO - Processing file /opt/airflow/dags/load_to_clickhouse.py for tasks to queue
[2025-11-02T17:14:22.413+0000] {logging_mixin.py:188} INFO - [2025-11-02T17:14:22.413+0000] {dagbag.py:538} INFO - Filling up the DagBag from /opt/airflow/dags/load_to_clickhouse.py
[2025-11-02T17:14:23.306+0000] {processor.py:840} INFO - DAG(s) 'load_csv_to_clickhouse' retrieved from /opt/airflow/dags/load_to_clickhouse.py
[2025-11-02T17:14:23.362+0000] {logging_mixin.py:188} INFO - [2025-11-02T17:14:23.361+0000] {dag.py:3036} INFO - Sync 1 DAGs
[2025-11-02T17:14:23.415+0000] {logging_mixin.py:188} INFO - [2025-11-02T17:14:23.414+0000] {dag.py:3823} INFO - Setting next_dagrun for load_csv_to_clickhouse to 2025-11-02 00:00:00+00:00, run_after=2025-11-09 00:00:00+00:00
[2025-11-02T17:14:23.466+0000] {processor.py:183} INFO - Processing /opt/airflow/dags/load_to_clickhouse.py took 1.068 seconds
[2025-11-02T17:14:53.822+0000] {processor.py:161} INFO - Started process (PID=1427) to work on /opt/airflow/dags/load_to_clickhouse.py
[2025-11-02T17:14:53.826+0000] {processor.py:830} INFO - Processing file /opt/airflow/dags/load_to_clickhouse.py for tasks to queue
[2025-11-02T17:14:53.830+0000] {logging_mixin.py:188} INFO - [2025-11-02T17:14:53.829+0000] {dagbag.py:538} INFO - Filling up the DagBag from /opt/airflow/dags/load_to_clickhouse.py
[2025-11-02T17:14:54.876+0000] {processor.py:840} INFO - DAG(s) 'load_csv_to_clickhouse' retrieved from /opt/airflow/dags/load_to_clickhouse.py
[2025-11-02T17:14:54.974+0000] {logging_mixin.py:188} INFO - [2025-11-02T17:14:54.972+0000] {dag.py:3036} INFO - Sync 1 DAGs
[2025-11-02T17:14:55.068+0000] {logging_mixin.py:188} INFO - [2025-11-02T17:14:55.067+0000] {dag.py:3823} INFO - Setting next_dagrun for load_csv_to_clickhouse to 2025-11-02 00:00:00+00:00, run_after=2025-11-09 00:00:00+00:00
[2025-11-02T17:14:55.136+0000] {processor.py:183} INFO - Processing /opt/airflow/dags/load_to_clickhouse.py took 1.324 seconds
[2025-11-02T17:15:25.552+0000] {processor.py:161} INFO - Started process (PID=1439) to work on /opt/airflow/dags/load_to_clickhouse.py
[2025-11-02T17:15:25.562+0000] {processor.py:830} INFO - Processing file /opt/airflow/dags/load_to_clickhouse.py for tasks to queue
[2025-11-02T17:15:25.567+0000] {logging_mixin.py:188} INFO - [2025-11-02T17:15:25.566+0000] {dagbag.py:538} INFO - Filling up the DagBag from /opt/airflow/dags/load_to_clickhouse.py
[2025-11-02T17:15:26.707+0000] {processor.py:840} INFO - DAG(s) 'load_csv_to_clickhouse' retrieved from /opt/airflow/dags/load_to_clickhouse.py
[2025-11-02T17:15:26.781+0000] {logging_mixin.py:188} INFO - [2025-11-02T17:15:26.780+0000] {dag.py:3036} INFO - Sync 1 DAGs
[2025-11-02T17:15:28.020+0000] {logging_mixin.py:188} INFO - [2025-11-02T17:15:28.019+0000] {dag.py:3823} INFO - Setting next_dagrun for load_csv_to_clickhouse to 2025-11-02 00:00:00+00:00, run_after=2025-11-09 00:00:00+00:00
[2025-11-02T17:15:28.091+0000] {processor.py:183} INFO - Processing /opt/airflow/dags/load_to_clickhouse.py took 2.550 seconds
[2025-11-02T17:15:58.626+0000] {processor.py:161} INFO - Started process (PID=1451) to work on /opt/airflow/dags/load_to_clickhouse.py
[2025-11-02T17:15:58.630+0000] {processor.py:830} INFO - Processing file /opt/airflow/dags/load_to_clickhouse.py for tasks to queue
[2025-11-02T17:15:58.637+0000] {logging_mixin.py:188} INFO - [2025-11-02T17:15:58.635+0000] {dagbag.py:538} INFO - Filling up the DagBag from /opt/airflow/dags/load_to_clickhouse.py
[2025-11-02T17:16:00.421+0000] {processor.py:840} INFO - DAG(s) 'load_csv_to_clickhouse' retrieved from /opt/airflow/dags/load_to_clickhouse.py
[2025-11-02T17:16:00.575+0000] {logging_mixin.py:188} INFO - [2025-11-02T17:16:00.573+0000] {dag.py:3036} INFO - Sync 1 DAGs
[2025-11-02T17:16:04.033+0000] {logging_mixin.py:188} INFO - [2025-11-02T17:16:04.032+0000] {dag.py:3823} INFO - Setting next_dagrun for load_csv_to_clickhouse to 2025-11-02 00:00:00+00:00, run_after=2025-11-09 00:00:00+00:00
[2025-11-02T17:16:04.117+0000] {processor.py:183} INFO - Processing /opt/airflow/dags/load_to_clickhouse.py took 5.508 seconds
[2025-11-02T17:16:34.720+0000] {processor.py:161} INFO - Started process (PID=1463) to work on /opt/airflow/dags/load_to_clickhouse.py
[2025-11-02T17:16:34.723+0000] {processor.py:830} INFO - Processing file /opt/airflow/dags/load_to_clickhouse.py for tasks to queue
[2025-11-02T17:16:34.725+0000] {logging_mixin.py:188} INFO - [2025-11-02T17:16:34.725+0000] {dagbag.py:538} INFO - Filling up the DagBag from /opt/airflow/dags/load_to_clickhouse.py
[2025-11-02T17:16:35.603+0000] {processor.py:840} INFO - DAG(s) 'load_csv_to_clickhouse' retrieved from /opt/airflow/dags/load_to_clickhouse.py
[2025-11-02T17:16:36.002+0000] {logging_mixin.py:188} INFO - [2025-11-02T17:16:36.001+0000] {dag.py:3036} INFO - Sync 1 DAGs
[2025-11-02T17:16:36.046+0000] {logging_mixin.py:188} INFO - [2025-11-02T17:16:36.046+0000] {dag.py:3823} INFO - Setting next_dagrun for load_csv_to_clickhouse to 2025-11-02 00:00:00+00:00, run_after=2025-11-09 00:00:00+00:00
[2025-11-02T17:16:36.092+0000] {processor.py:183} INFO - Processing /opt/airflow/dags/load_to_clickhouse.py took 1.381 seconds
[2025-11-02T17:17:06.633+0000] {processor.py:161} INFO - Started process (PID=1475) to work on /opt/airflow/dags/load_to_clickhouse.py
[2025-11-02T17:17:06.636+0000] {processor.py:830} INFO - Processing file /opt/airflow/dags/load_to_clickhouse.py for tasks to queue
[2025-11-02T17:17:06.642+0000] {logging_mixin.py:188} INFO - [2025-11-02T17:17:06.641+0000] {dagbag.py:538} INFO - Filling up the DagBag from /opt/airflow/dags/load_to_clickhouse.py
[2025-11-02T17:17:07.759+0000] {processor.py:840} INFO - DAG(s) 'load_csv_to_clickhouse' retrieved from /opt/airflow/dags/load_to_clickhouse.py
[2025-11-02T17:17:07.908+0000] {logging_mixin.py:188} INFO - [2025-11-02T17:17:07.906+0000] {dag.py:3036} INFO - Sync 1 DAGs
[2025-11-02T17:17:07.962+0000] {logging_mixin.py:188} INFO - [2025-11-02T17:17:07.962+0000] {dag.py:3823} INFO - Setting next_dagrun for load_csv_to_clickhouse to 2025-11-02 00:00:00+00:00, run_after=2025-11-09 00:00:00+00:00
[2025-11-02T17:17:08.020+0000] {processor.py:183} INFO - Processing /opt/airflow/dags/load_to_clickhouse.py took 1.400 seconds
[2025-11-02T17:17:38.853+0000] {processor.py:161} INFO - Started process (PID=1487) to work on /opt/airflow/dags/load_to_clickhouse.py
[2025-11-02T17:17:38.856+0000] {processor.py:830} INFO - Processing file /opt/airflow/dags/load_to_clickhouse.py for tasks to queue
[2025-11-02T17:17:38.860+0000] {logging_mixin.py:188} INFO - [2025-11-02T17:17:38.858+0000] {dagbag.py:538} INFO - Filling up the DagBag from /opt/airflow/dags/load_to_clickhouse.py
[2025-11-02T17:17:39.841+0000] {processor.py:840} INFO - DAG(s) 'load_csv_to_clickhouse' retrieved from /opt/airflow/dags/load_to_clickhouse.py
[2025-11-02T17:17:39.926+0000] {logging_mixin.py:188} INFO - [2025-11-02T17:17:39.925+0000] {dag.py:3036} INFO - Sync 1 DAGs
[2025-11-02T17:17:39.978+0000] {logging_mixin.py:188} INFO - [2025-11-02T17:17:39.977+0000] {dag.py:3823} INFO - Setting next_dagrun for load_csv_to_clickhouse to 2025-11-02 00:00:00+00:00, run_after=2025-11-09 00:00:00+00:00
[2025-11-02T17:17:40.039+0000] {processor.py:183} INFO - Processing /opt/airflow/dags/load_to_clickhouse.py took 1.196 seconds
[2025-11-02T17:18:10.711+0000] {processor.py:161} INFO - Started process (PID=1499) to work on /opt/airflow/dags/load_to_clickhouse.py
[2025-11-02T17:18:10.717+0000] {processor.py:830} INFO - Processing file /opt/airflow/dags/load_to_clickhouse.py for tasks to queue
[2025-11-02T17:18:10.721+0000] {logging_mixin.py:188} INFO - [2025-11-02T17:18:10.720+0000] {dagbag.py:538} INFO - Filling up the DagBag from /opt/airflow/dags/load_to_clickhouse.py
[2025-11-02T17:18:11.828+0000] {processor.py:840} INFO - DAG(s) 'load_csv_to_clickhouse' retrieved from /opt/airflow/dags/load_to_clickhouse.py
[2025-11-02T17:18:11.894+0000] {logging_mixin.py:188} INFO - [2025-11-02T17:18:11.893+0000] {dag.py:3036} INFO - Sync 1 DAGs
[2025-11-02T17:18:15.118+0000] {logging_mixin.py:188} INFO - [2025-11-02T17:18:15.117+0000] {dag.py:3823} INFO - Setting next_dagrun for load_csv_to_clickhouse to 2025-11-02 00:00:00+00:00, run_after=2025-11-09 00:00:00+00:00
[2025-11-02T17:18:15.180+0000] {processor.py:183} INFO - Processing /opt/airflow/dags/load_to_clickhouse.py took 4.499 seconds
[2025-11-02T17:18:47.451+0000] {processor.py:161} INFO - Started process (PID=1511) to work on /opt/airflow/dags/load_to_clickhouse.py
[2025-11-02T17:18:47.599+0000] {processor.py:830} INFO - Processing file /opt/airflow/dags/load_to_clickhouse.py for tasks to queue
[2025-11-02T17:18:47.752+0000] {logging_mixin.py:188} INFO - [2025-11-02T17:18:47.722+0000] {dagbag.py:538} INFO - Filling up the DagBag from /opt/airflow/dags/load_to_clickhouse.py
[2025-11-02T17:19:00.854+0000] {processor.py:840} INFO - DAG(s) 'load_csv_to_clickhouse' retrieved from /opt/airflow/dags/load_to_clickhouse.py
[2025-11-02T17:19:01.123+0000] {logging_mixin.py:188} INFO - [2025-11-02T17:19:01.118+0000] {dag.py:3036} INFO - Sync 1 DAGs
[2025-11-02T17:19:02.607+0000] {logging_mixin.py:188} INFO - [2025-11-02T17:19:02.606+0000] {dag.py:3823} INFO - Setting next_dagrun for load_csv_to_clickhouse to 2025-11-02 00:00:00+00:00, run_after=2025-11-09 00:00:00+00:00
[2025-11-02T17:19:02.710+0000] {processor.py:183} INFO - Processing /opt/airflow/dags/load_to_clickhouse.py took 15.538 seconds
[2025-11-02T17:19:35.441+0000] {processor.py:161} INFO - Started process (PID=1523) to work on /opt/airflow/dags/load_to_clickhouse.py
[2025-11-02T17:19:35.516+0000] {processor.py:830} INFO - Processing file /opt/airflow/dags/load_to_clickhouse.py for tasks to queue
[2025-11-02T17:19:35.610+0000] {logging_mixin.py:188} INFO - [2025-11-02T17:19:35.566+0000] {dagbag.py:538} INFO - Filling up the DagBag from /opt/airflow/dags/load_to_clickhouse.py
[2025-11-02T17:19:37.822+0000] {processor.py:840} INFO - DAG(s) 'load_csv_to_clickhouse' retrieved from /opt/airflow/dags/load_to_clickhouse.py
[2025-11-02T17:19:39.060+0000] {logging_mixin.py:188} INFO - [2025-11-02T17:19:39.059+0000] {dag.py:3036} INFO - Sync 1 DAGs
[2025-11-02T17:19:39.232+0000] {logging_mixin.py:188} INFO - [2025-11-02T17:19:39.232+0000] {dag.py:3823} INFO - Setting next_dagrun for load_csv_to_clickhouse to 2025-11-02 00:00:00+00:00, run_after=2025-11-09 00:00:00+00:00
[2025-11-02T17:19:39.320+0000] {processor.py:183} INFO - Processing /opt/airflow/dags/load_to_clickhouse.py took 4.133 seconds
[2025-11-02T17:20:09.931+0000] {processor.py:161} INFO - Started process (PID=1535) to work on /opt/airflow/dags/load_to_clickhouse.py
[2025-11-02T17:20:09.934+0000] {processor.py:830} INFO - Processing file /opt/airflow/dags/load_to_clickhouse.py for tasks to queue
[2025-11-02T17:20:09.937+0000] {logging_mixin.py:188} INFO - [2025-11-02T17:20:09.937+0000] {dagbag.py:538} INFO - Filling up the DagBag from /opt/airflow/dags/load_to_clickhouse.py
[2025-11-02T17:20:10.887+0000] {processor.py:840} INFO - DAG(s) 'load_csv_to_clickhouse' retrieved from /opt/airflow/dags/load_to_clickhouse.py
[2025-11-02T17:20:10.996+0000] {logging_mixin.py:188} INFO - [2025-11-02T17:20:10.995+0000] {dag.py:3036} INFO - Sync 1 DAGs
[2025-11-02T17:20:11.066+0000] {logging_mixin.py:188} INFO - [2025-11-02T17:20:11.065+0000] {dag.py:3823} INFO - Setting next_dagrun for load_csv_to_clickhouse to 2025-11-02 00:00:00+00:00, run_after=2025-11-09 00:00:00+00:00
[2025-11-02T17:20:11.126+0000] {processor.py:183} INFO - Processing /opt/airflow/dags/load_to_clickhouse.py took 1.201 seconds
[2025-11-02T17:20:41.505+0000] {processor.py:161} INFO - Started process (PID=1547) to work on /opt/airflow/dags/load_to_clickhouse.py
[2025-11-02T17:20:41.509+0000] {processor.py:830} INFO - Processing file /opt/airflow/dags/load_to_clickhouse.py for tasks to queue
[2025-11-02T17:20:41.513+0000] {logging_mixin.py:188} INFO - [2025-11-02T17:20:41.512+0000] {dagbag.py:538} INFO - Filling up the DagBag from /opt/airflow/dags/load_to_clickhouse.py
[2025-11-02T17:20:42.999+0000] {processor.py:840} INFO - DAG(s) 'load_csv_to_clickhouse' retrieved from /opt/airflow/dags/load_to_clickhouse.py
[2025-11-02T17:20:43.161+0000] {logging_mixin.py:188} INFO - [2025-11-02T17:20:43.159+0000] {dag.py:3036} INFO - Sync 1 DAGs
[2025-11-02T17:20:43.287+0000] {logging_mixin.py:188} INFO - [2025-11-02T17:20:43.286+0000] {dag.py:3823} INFO - Setting next_dagrun for load_csv_to_clickhouse to 2025-11-02 00:00:00+00:00, run_after=2025-11-09 00:00:00+00:00
[2025-11-02T17:20:48.933+0000] {processor.py:183} INFO - Processing /opt/airflow/dags/load_to_clickhouse.py took 7.440 seconds
[2025-11-02T17:21:19.173+0000] {processor.py:161} INFO - Started process (PID=1562) to work on /opt/airflow/dags/load_to_clickhouse.py
[2025-11-02T17:21:19.175+0000] {processor.py:830} INFO - Processing file /opt/airflow/dags/load_to_clickhouse.py for tasks to queue
[2025-11-02T17:21:19.177+0000] {logging_mixin.py:188} INFO - [2025-11-02T17:21:19.176+0000] {dagbag.py:538} INFO - Filling up the DagBag from /opt/airflow/dags/load_to_clickhouse.py
[2025-11-02T17:21:20.322+0000] {processor.py:840} INFO - DAG(s) 'load_csv_to_clickhouse' retrieved from /opt/airflow/dags/load_to_clickhouse.py
[2025-11-02T17:21:20.384+0000] {logging_mixin.py:188} INFO - [2025-11-02T17:21:20.383+0000] {dag.py:3036} INFO - Sync 1 DAGs
[2025-11-02T17:21:20.793+0000] {logging_mixin.py:188} INFO - [2025-11-02T17:21:20.792+0000] {dag.py:3823} INFO - Setting next_dagrun for load_csv_to_clickhouse to 2025-11-02 00:00:00+00:00, run_after=2025-11-09 00:00:00+00:00
[2025-11-02T17:21:20.861+0000] {processor.py:183} INFO - Processing /opt/airflow/dags/load_to_clickhouse.py took 1.696 seconds
[2025-11-02T17:21:54.315+0000] {processor.py:161} INFO - Started process (PID=1574) to work on /opt/airflow/dags/load_to_clickhouse.py
[2025-11-02T17:21:54.318+0000] {processor.py:830} INFO - Processing file /opt/airflow/dags/load_to_clickhouse.py for tasks to queue
[2025-11-02T17:21:54.324+0000] {logging_mixin.py:188} INFO - [2025-11-02T17:21:54.322+0000] {dagbag.py:538} INFO - Filling up the DagBag from /opt/airflow/dags/load_to_clickhouse.py
[2025-11-02T17:21:55.426+0000] {processor.py:840} INFO - DAG(s) 'load_csv_to_clickhouse' retrieved from /opt/airflow/dags/load_to_clickhouse.py
[2025-11-02T17:21:58.440+0000] {logging_mixin.py:188} INFO - [2025-11-02T17:21:55.550+0000] {dag.py:3036} INFO - Sync 1 DAGs
[2025-11-02T17:21:58.512+0000] {logging_mixin.py:188} INFO - [2025-11-02T17:21:58.512+0000] {dag.py:3823} INFO - Setting next_dagrun for load_csv_to_clickhouse to 2025-11-02 00:00:00+00:00, run_after=2025-11-09 00:00:00+00:00
[2025-11-02T17:21:58.572+0000] {processor.py:183} INFO - Processing /opt/airflow/dags/load_to_clickhouse.py took 4.275 seconds
[2025-11-02T17:22:29.497+0000] {processor.py:161} INFO - Started process (PID=1586) to work on /opt/airflow/dags/load_to_clickhouse.py
[2025-11-02T17:22:29.508+0000] {processor.py:830} INFO - Processing file /opt/airflow/dags/load_to_clickhouse.py for tasks to queue
[2025-11-02T17:22:29.520+0000] {logging_mixin.py:188} INFO - [2025-11-02T17:22:29.516+0000] {dagbag.py:538} INFO - Filling up the DagBag from /opt/airflow/dags/load_to_clickhouse.py
[2025-11-02T17:22:31.574+0000] {processor.py:840} INFO - DAG(s) 'load_csv_to_clickhouse' retrieved from /opt/airflow/dags/load_to_clickhouse.py
[2025-11-02T17:22:31.782+0000] {logging_mixin.py:188} INFO - [2025-11-02T17:22:31.781+0000] {dag.py:3036} INFO - Sync 1 DAGs
[2025-11-02T17:22:31.910+0000] {logging_mixin.py:188} INFO - [2025-11-02T17:22:31.909+0000] {dag.py:3823} INFO - Setting next_dagrun for load_csv_to_clickhouse to 2025-11-02 00:00:00+00:00, run_after=2025-11-09 00:00:00+00:00
[2025-11-02T17:22:31.991+0000] {processor.py:183} INFO - Processing /opt/airflow/dags/load_to_clickhouse.py took 2.523 seconds
[2025-11-02T17:23:02.580+0000] {processor.py:161} INFO - Started process (PID=1595) to work on /opt/airflow/dags/load_to_clickhouse.py
[2025-11-02T17:23:02.584+0000] {processor.py:830} INFO - Processing file /opt/airflow/dags/load_to_clickhouse.py for tasks to queue
[2025-11-02T17:23:02.590+0000] {logging_mixin.py:188} INFO - [2025-11-02T17:23:02.588+0000] {dagbag.py:538} INFO - Filling up the DagBag from /opt/airflow/dags/load_to_clickhouse.py
[2025-11-02T17:23:03.782+0000] {processor.py:840} INFO - DAG(s) 'load_csv_to_clickhouse' retrieved from /opt/airflow/dags/load_to_clickhouse.py
[2025-11-02T17:23:03.902+0000] {logging_mixin.py:188} INFO - [2025-11-02T17:23:03.900+0000] {dag.py:3036} INFO - Sync 1 DAGs
[2025-11-02T17:23:04.041+0000] {logging_mixin.py:188} INFO - [2025-11-02T17:23:04.036+0000] {dag.py:3823} INFO - Setting next_dagrun for load_csv_to_clickhouse to 2025-11-02 00:00:00+00:00, run_after=2025-11-09 00:00:00+00:00
[2025-11-02T17:23:04.854+0000] {processor.py:183} INFO - Processing /opt/airflow/dags/load_to_clickhouse.py took 2.308 seconds
[2025-11-02T17:23:36.009+0000] {processor.py:161} INFO - Started process (PID=1610) to work on /opt/airflow/dags/load_to_clickhouse.py
[2025-11-02T17:23:36.025+0000] {processor.py:830} INFO - Processing file /opt/airflow/dags/load_to_clickhouse.py for tasks to queue
[2025-11-02T17:23:36.043+0000] {logging_mixin.py:188} INFO - [2025-11-02T17:23:36.038+0000] {dagbag.py:538} INFO - Filling up the DagBag from /opt/airflow/dags/load_to_clickhouse.py
[2025-11-02T17:23:38.284+0000] {processor.py:840} INFO - DAG(s) 'load_csv_to_clickhouse' retrieved from /opt/airflow/dags/load_to_clickhouse.py
[2025-11-02T17:23:38.602+0000] {logging_mixin.py:188} INFO - [2025-11-02T17:23:38.601+0000] {dag.py:3036} INFO - Sync 1 DAGs
[2025-11-02T17:23:40.560+0000] {logging_mixin.py:188} INFO - [2025-11-02T17:23:40.559+0000] {dag.py:3823} INFO - Setting next_dagrun for load_csv_to_clickhouse to 2025-11-02 00:00:00+00:00, run_after=2025-11-09 00:00:00+00:00
[2025-11-02T17:23:40.625+0000] {processor.py:183} INFO - Processing /opt/airflow/dags/load_to_clickhouse.py took 4.668 seconds
[2025-11-02T17:24:12.840+0000] {processor.py:161} INFO - Started process (PID=1622) to work on /opt/airflow/dags/load_to_clickhouse.py
[2025-11-02T17:24:12.857+0000] {processor.py:830} INFO - Processing file /opt/airflow/dags/load_to_clickhouse.py for tasks to queue
[2025-11-02T17:24:12.876+0000] {logging_mixin.py:188} INFO - [2025-11-02T17:24:12.867+0000] {dagbag.py:538} INFO - Filling up the DagBag from /opt/airflow/dags/load_to_clickhouse.py
[2025-11-02T17:24:16.933+0000] {processor.py:840} INFO - DAG(s) 'load_csv_to_clickhouse' retrieved from /opt/airflow/dags/load_to_clickhouse.py
[2025-11-02T17:24:17.104+0000] {logging_mixin.py:188} INFO - [2025-11-02T17:24:17.103+0000] {dag.py:3036} INFO - Sync 1 DAGs
[2025-11-02T17:24:19.774+0000] {logging_mixin.py:188} INFO - [2025-11-02T17:24:19.773+0000] {dag.py:3823} INFO - Setting next_dagrun for load_csv_to_clickhouse to 2025-11-02 00:00:00+00:00, run_after=2025-11-09 00:00:00+00:00
[2025-11-02T17:24:19.973+0000] {processor.py:183} INFO - Processing /opt/airflow/dags/load_to_clickhouse.py took 7.213 seconds
[2025-11-02T17:24:52.526+0000] {processor.py:161} INFO - Started process (PID=1634) to work on /opt/airflow/dags/load_to_clickhouse.py
[2025-11-02T17:24:52.547+0000] {processor.py:830} INFO - Processing file /opt/airflow/dags/load_to_clickhouse.py for tasks to queue
[2025-11-02T17:24:52.574+0000] {logging_mixin.py:188} INFO - [2025-11-02T17:24:52.573+0000] {dagbag.py:538} INFO - Filling up the DagBag from /opt/airflow/dags/load_to_clickhouse.py
[2025-11-02T17:24:56.102+0000] {processor.py:840} INFO - DAG(s) 'load_csv_to_clickhouse' retrieved from /opt/airflow/dags/load_to_clickhouse.py
[2025-11-02T17:24:59.835+0000] {logging_mixin.py:188} INFO - [2025-11-02T17:24:59.834+0000] {dag.py:3036} INFO - Sync 1 DAGs
[2025-11-02T17:24:59.980+0000] {logging_mixin.py:188} INFO - [2025-11-02T17:24:59.979+0000] {dag.py:3823} INFO - Setting next_dagrun for load_csv_to_clickhouse to 2025-11-02 00:00:00+00:00, run_after=2025-11-09 00:00:00+00:00
[2025-11-02T17:25:00.115+0000] {processor.py:183} INFO - Processing /opt/airflow/dags/load_to_clickhouse.py took 7.607 seconds
[2025-11-02T17:25:30.806+0000] {processor.py:161} INFO - Started process (PID=1646) to work on /opt/airflow/dags/load_to_clickhouse.py
[2025-11-02T17:25:30.809+0000] {processor.py:830} INFO - Processing file /opt/airflow/dags/load_to_clickhouse.py for tasks to queue
[2025-11-02T17:25:30.814+0000] {logging_mixin.py:188} INFO - [2025-11-02T17:25:30.813+0000] {dagbag.py:538} INFO - Filling up the DagBag from /opt/airflow/dags/load_to_clickhouse.py
[2025-11-02T17:25:32.070+0000] {processor.py:840} INFO - DAG(s) 'load_csv_to_clickhouse' retrieved from /opt/airflow/dags/load_to_clickhouse.py
[2025-11-02T17:25:32.199+0000] {logging_mixin.py:188} INFO - [2025-11-02T17:25:32.198+0000] {dag.py:3036} INFO - Sync 1 DAGs
[2025-11-02T17:25:32.325+0000] {logging_mixin.py:188} INFO - [2025-11-02T17:25:32.324+0000] {dag.py:3823} INFO - Setting next_dagrun for load_csv_to_clickhouse to 2025-11-02 00:00:00+00:00, run_after=2025-11-09 00:00:00+00:00
[2025-11-02T17:25:32.429+0000] {processor.py:183} INFO - Processing /opt/airflow/dags/load_to_clickhouse.py took 1.631 seconds
[2025-11-02T17:26:08.011+0000] {processor.py:161} INFO - Started process (PID=1655) to work on /opt/airflow/dags/load_to_clickhouse.py
[2025-11-02T17:26:08.037+0000] {processor.py:830} INFO - Processing file /opt/airflow/dags/load_to_clickhouse.py for tasks to queue
[2025-11-02T17:26:08.053+0000] {logging_mixin.py:188} INFO - [2025-11-02T17:26:08.047+0000] {dagbag.py:538} INFO - Filling up the DagBag from /opt/airflow/dags/load_to_clickhouse.py
[2025-11-02T17:26:12.174+0000] {processor.py:840} INFO - DAG(s) 'load_csv_to_clickhouse' retrieved from /opt/airflow/dags/load_to_clickhouse.py
[2025-11-02T17:26:12.728+0000] {logging_mixin.py:188} INFO - [2025-11-02T17:26:12.720+0000] {dag.py:3036} INFO - Sync 1 DAGs
[2025-11-02T17:26:13.261+0000] {logging_mixin.py:188} INFO - [2025-11-02T17:26:13.260+0000] {dag.py:3823} INFO - Setting next_dagrun for load_csv_to_clickhouse to 2025-11-02 00:00:00+00:00, run_after=2025-11-09 00:00:00+00:00
[2025-11-02T17:26:33.125+0000] {processor.py:183} INFO - Processing /opt/airflow/dags/load_to_clickhouse.py took 25.215 seconds
[2025-11-02T17:27:04.564+0000] {processor.py:161} INFO - Started process (PID=1673) to work on /opt/airflow/dags/load_to_clickhouse.py
[2025-11-02T17:27:04.595+0000] {processor.py:830} INFO - Processing file /opt/airflow/dags/load_to_clickhouse.py for tasks to queue
[2025-11-02T17:27:04.619+0000] {logging_mixin.py:188} INFO - [2025-11-02T17:27:04.611+0000] {dagbag.py:538} INFO - Filling up the DagBag from /opt/airflow/dags/load_to_clickhouse.py
[2025-11-02T17:27:17.795+0000] {processor.py:840} INFO - DAG(s) 'load_csv_to_clickhouse' retrieved from /opt/airflow/dags/load_to_clickhouse.py
[2025-11-02T17:27:18.190+0000] {logging_mixin.py:188} INFO - [2025-11-02T17:27:18.187+0000] {dag.py:3036} INFO - Sync 1 DAGs
[2025-11-02T17:27:29.999+0000] {logging_mixin.py:188} INFO - [2025-11-02T17:27:29.998+0000] {dag.py:3823} INFO - Setting next_dagrun for load_csv_to_clickhouse to 2025-11-02 00:00:00+00:00, run_after=2025-11-09 00:00:00+00:00
[2025-11-02T17:27:30.055+0000] {processor.py:183} INFO - Processing /opt/airflow/dags/load_to_clickhouse.py took 25.695 seconds
[2025-11-02T17:28:03.213+0000] {processor.py:161} INFO - Started process (PID=1688) to work on /opt/airflow/dags/load_to_clickhouse.py
[2025-11-02T17:28:03.219+0000] {processor.py:830} INFO - Processing file /opt/airflow/dags/load_to_clickhouse.py for tasks to queue
[2025-11-02T17:28:03.228+0000] {logging_mixin.py:188} INFO - [2025-11-02T17:28:03.225+0000] {dagbag.py:538} INFO - Filling up the DagBag from /opt/airflow/dags/load_to_clickhouse.py
[2025-11-02T17:28:06.124+0000] {processor.py:840} INFO - DAG(s) 'load_csv_to_clickhouse' retrieved from /opt/airflow/dags/load_to_clickhouse.py
[2025-11-02T17:28:09.687+0000] {logging_mixin.py:188} INFO - [2025-11-02T17:28:09.686+0000] {dag.py:3036} INFO - Sync 1 DAGs
[2025-11-02T17:28:09.802+0000] {logging_mixin.py:188} INFO - [2025-11-02T17:28:09.800+0000] {dag.py:3823} INFO - Setting next_dagrun for load_csv_to_clickhouse to 2025-11-02 00:00:00+00:00, run_after=2025-11-09 00:00:00+00:00
[2025-11-02T17:28:09.920+0000] {processor.py:183} INFO - Processing /opt/airflow/dags/load_to_clickhouse.py took 6.774 seconds
[2025-11-02T17:28:50.054+0000] {processor.py:161} INFO - Started process (PID=1700) to work on /opt/airflow/dags/load_to_clickhouse.py
[2025-11-02T17:28:50.267+0000] {processor.py:830} INFO - Processing file /opt/airflow/dags/load_to_clickhouse.py for tasks to queue
[2025-11-02T17:28:50.504+0000] {logging_mixin.py:188} INFO - [2025-11-02T17:28:50.388+0000] {dagbag.py:538} INFO - Filling up the DagBag from /opt/airflow/dags/load_to_clickhouse.py
[2025-11-02T17:28:54.232+0000] {processor.py:840} INFO - DAG(s) 'load_csv_to_clickhouse' retrieved from /opt/airflow/dags/load_to_clickhouse.py
[2025-11-02T17:28:54.588+0000] {logging_mixin.py:188} INFO - [2025-11-02T17:28:54.586+0000] {dag.py:3036} INFO - Sync 1 DAGs
[2025-11-02T17:28:54.835+0000] {logging_mixin.py:188} INFO - [2025-11-02T17:28:54.834+0000] {dag.py:3823} INFO - Setting next_dagrun for load_csv_to_clickhouse to 2025-11-02 00:00:00+00:00, run_after=2025-11-09 00:00:00+00:00
[2025-11-02T17:28:54.945+0000] {processor.py:183} INFO - Processing /opt/airflow/dags/load_to_clickhouse.py took 9.931 seconds
[2025-11-02T17:29:27.169+0000] {processor.py:161} INFO - Started process (PID=1709) to work on /opt/airflow/dags/load_to_clickhouse.py
[2025-11-02T17:29:27.206+0000] {processor.py:830} INFO - Processing file /opt/airflow/dags/load_to_clickhouse.py for tasks to queue
[2025-11-02T17:29:27.278+0000] {logging_mixin.py:188} INFO - [2025-11-02T17:29:27.263+0000] {dagbag.py:538} INFO - Filling up the DagBag from /opt/airflow/dags/load_to_clickhouse.py
[2025-11-02T17:29:31.036+0000] {processor.py:840} INFO - DAG(s) 'load_csv_to_clickhouse' retrieved from /opt/airflow/dags/load_to_clickhouse.py
[2025-11-02T17:29:31.699+0000] {logging_mixin.py:188} INFO - [2025-11-02T17:29:31.696+0000] {dag.py:3036} INFO - Sync 1 DAGs
[2025-11-02T17:29:33.573+0000] {logging_mixin.py:188} INFO - [2025-11-02T17:29:33.555+0000] {dag.py:3823} INFO - Setting next_dagrun for load_csv_to_clickhouse to 2025-11-02 00:00:00+00:00, run_after=2025-11-09 00:00:00+00:00
[2025-11-02T17:29:52.269+0000] {processor.py:183} INFO - Processing /opt/airflow/dags/load_to_clickhouse.py took 25.451 seconds
[2025-11-02T17:30:28.917+0000] {processor.py:161} INFO - Started process (PID=1727) to work on /opt/airflow/dags/load_to_clickhouse.py
[2025-11-02T17:30:28.936+0000] {processor.py:830} INFO - Processing file /opt/airflow/dags/load_to_clickhouse.py for tasks to queue
[2025-11-02T17:30:28.942+0000] {logging_mixin.py:188} INFO - [2025-11-02T17:30:28.941+0000] {dagbag.py:538} INFO - Filling up the DagBag from /opt/airflow/dags/load_to_clickhouse.py
[2025-11-02T17:30:50.781+0000] {processor.py:840} INFO - DAG(s) 'load_csv_to_clickhouse' retrieved from /opt/airflow/dags/load_to_clickhouse.py
[2025-11-02T17:30:51.715+0000] {logging_mixin.py:188} INFO - [2025-11-02T17:30:51.701+0000] {dag.py:3036} INFO - Sync 1 DAGs
[2025-11-02T17:31:48.712+0000] {processor.py:161} INFO - Started process (PID=1737) to work on /opt/airflow/dags/load_to_clickhouse.py
[2025-11-02T17:31:48.741+0000] {processor.py:830} INFO - Processing file /opt/airflow/dags/load_to_clickhouse.py for tasks to queue
[2025-11-02T17:31:48.777+0000] {logging_mixin.py:188} INFO - [2025-11-02T17:31:48.763+0000] {dagbag.py:538} INFO - Filling up the DagBag from /opt/airflow/dags/load_to_clickhouse.py
[2025-11-02T17:31:53.279+0000] {processor.py:840} INFO - DAG(s) 'load_csv_to_clickhouse' retrieved from /opt/airflow/dags/load_to_clickhouse.py
[2025-11-02T17:32:11.638+0000] {logging_mixin.py:188} INFO - [2025-11-02T17:32:11.636+0000] {dag.py:3036} INFO - Sync 1 DAGs
[2025-11-02T17:32:11.704+0000] {logging_mixin.py:188} INFO - [2025-11-02T17:32:11.703+0000] {dag.py:3823} INFO - Setting next_dagrun for load_csv_to_clickhouse to 2025-11-02 00:00:00+00:00, run_after=2025-11-09 00:00:00+00:00
[2025-11-02T17:32:11.792+0000] {processor.py:183} INFO - Processing /opt/airflow/dags/load_to_clickhouse.py took 23.313 seconds
[2025-11-02T17:32:42.633+0000] {processor.py:161} INFO - Started process (PID=1752) to work on /opt/airflow/dags/load_to_clickhouse.py
[2025-11-02T17:32:42.643+0000] {processor.py:830} INFO - Processing file /opt/airflow/dags/load_to_clickhouse.py for tasks to queue
[2025-11-02T17:32:42.660+0000] {logging_mixin.py:188} INFO - [2025-11-02T17:32:42.653+0000] {dagbag.py:538} INFO - Filling up the DagBag from /opt/airflow/dags/load_to_clickhouse.py
[2025-11-02T17:32:45.691+0000] {processor.py:840} INFO - DAG(s) 'load_csv_to_clickhouse' retrieved from /opt/airflow/dags/load_to_clickhouse.py
[2025-11-02T17:32:45.947+0000] {logging_mixin.py:188} INFO - [2025-11-02T17:32:45.946+0000] {dag.py:3036} INFO - Sync 1 DAGs
[2025-11-02T17:32:48.031+0000] {logging_mixin.py:188} INFO - [2025-11-02T17:32:48.030+0000] {dag.py:3823} INFO - Setting next_dagrun for load_csv_to_clickhouse to 2025-11-02 00:00:00+00:00, run_after=2025-11-09 00:00:00+00:00
[2025-11-02T17:32:48.079+0000] {processor.py:183} INFO - Processing /opt/airflow/dags/load_to_clickhouse.py took 5.535 seconds
[2025-11-02T17:33:18.684+0000] {processor.py:161} INFO - Started process (PID=1767) to work on /opt/airflow/dags/load_to_clickhouse.py
[2025-11-02T17:33:18.687+0000] {processor.py:830} INFO - Processing file /opt/airflow/dags/load_to_clickhouse.py for tasks to queue
[2025-11-02T17:33:18.690+0000] {logging_mixin.py:188} INFO - [2025-11-02T17:33:18.689+0000] {dagbag.py:538} INFO - Filling up the DagBag from /opt/airflow/dags/load_to_clickhouse.py
[2025-11-02T17:33:19.780+0000] {processor.py:840} INFO - DAG(s) 'load_csv_to_clickhouse' retrieved from /opt/airflow/dags/load_to_clickhouse.py
[2025-11-02T17:33:19.876+0000] {logging_mixin.py:188} INFO - [2025-11-02T17:33:19.875+0000] {dag.py:3036} INFO - Sync 1 DAGs
[2025-11-02T17:33:20.221+0000] {logging_mixin.py:188} INFO - [2025-11-02T17:33:20.221+0000] {dag.py:3823} INFO - Setting next_dagrun for load_csv_to_clickhouse to 2025-11-02 00:00:00+00:00, run_after=2025-11-09 00:00:00+00:00
[2025-11-02T17:33:20.262+0000] {processor.py:183} INFO - Processing /opt/airflow/dags/load_to_clickhouse.py took 1.587 seconds
[2025-11-02T17:33:51.157+0000] {processor.py:161} INFO - Started process (PID=1776) to work on /opt/airflow/dags/load_to_clickhouse.py
[2025-11-02T17:33:51.163+0000] {processor.py:830} INFO - Processing file /opt/airflow/dags/load_to_clickhouse.py for tasks to queue
[2025-11-02T17:33:51.169+0000] {logging_mixin.py:188} INFO - [2025-11-02T17:33:51.168+0000] {dagbag.py:538} INFO - Filling up the DagBag from /opt/airflow/dags/load_to_clickhouse.py
[2025-11-02T17:33:53.123+0000] {processor.py:840} INFO - DAG(s) 'load_csv_to_clickhouse' retrieved from /opt/airflow/dags/load_to_clickhouse.py
[2025-11-02T17:33:54.372+0000] {logging_mixin.py:188} INFO - [2025-11-02T17:33:54.370+0000] {dag.py:3036} INFO - Sync 1 DAGs
[2025-11-02T17:33:54.433+0000] {logging_mixin.py:188} INFO - [2025-11-02T17:33:54.432+0000] {dag.py:3823} INFO - Setting next_dagrun for load_csv_to_clickhouse to 2025-11-02 00:00:00+00:00, run_after=2025-11-09 00:00:00+00:00
[2025-11-02T17:33:54.482+0000] {processor.py:183} INFO - Processing /opt/airflow/dags/load_to_clickhouse.py took 3.356 seconds
[2025-11-02T17:34:24.683+0000] {processor.py:161} INFO - Started process (PID=1789) to work on /opt/airflow/dags/load_to_clickhouse.py
[2025-11-02T17:34:24.687+0000] {processor.py:830} INFO - Processing file /opt/airflow/dags/load_to_clickhouse.py for tasks to queue
[2025-11-02T17:34:24.690+0000] {logging_mixin.py:188} INFO - [2025-11-02T17:34:24.689+0000] {dagbag.py:538} INFO - Filling up the DagBag from /opt/airflow/dags/load_to_clickhouse.py
[2025-11-02T17:34:26.615+0000] {processor.py:840} INFO - DAG(s) 'load_csv_to_clickhouse' retrieved from /opt/airflow/dags/load_to_clickhouse.py
[2025-11-02T17:34:26.681+0000] {logging_mixin.py:188} INFO - [2025-11-02T17:34:26.680+0000] {dag.py:3036} INFO - Sync 1 DAGs
[2025-11-02T17:34:26.733+0000] {logging_mixin.py:188} INFO - [2025-11-02T17:34:26.732+0000] {dag.py:3823} INFO - Setting next_dagrun for load_csv_to_clickhouse to 2025-11-02 00:00:00+00:00, run_after=2025-11-09 00:00:00+00:00
[2025-11-02T17:34:26.783+0000] {processor.py:183} INFO - Processing /opt/airflow/dags/load_to_clickhouse.py took 2.114 seconds
[2025-11-02T17:34:57.241+0000] {processor.py:161} INFO - Started process (PID=1801) to work on /opt/airflow/dags/load_to_clickhouse.py
[2025-11-02T17:34:57.244+0000] {processor.py:830} INFO - Processing file /opt/airflow/dags/load_to_clickhouse.py for tasks to queue
[2025-11-02T17:34:57.247+0000] {logging_mixin.py:188} INFO - [2025-11-02T17:34:57.247+0000] {dagbag.py:538} INFO - Filling up the DagBag from /opt/airflow/dags/load_to_clickhouse.py
[2025-11-02T17:34:59.204+0000] {processor.py:840} INFO - DAG(s) 'load_csv_to_clickhouse' retrieved from /opt/airflow/dags/load_to_clickhouse.py
[2025-11-02T17:34:59.393+0000] {logging_mixin.py:188} INFO - [2025-11-02T17:34:59.391+0000] {dag.py:3036} INFO - Sync 1 DAGs
[2025-11-02T17:34:59.679+0000] {logging_mixin.py:188} INFO - [2025-11-02T17:34:59.675+0000] {dag.py:3823} INFO - Setting next_dagrun for load_csv_to_clickhouse to 2025-11-02 00:00:00+00:00, run_after=2025-11-09 00:00:00+00:00
[2025-11-02T17:34:59.938+0000] {processor.py:183} INFO - Processing /opt/airflow/dags/load_to_clickhouse.py took 2.707 seconds
[2025-11-02T17:35:39.332+0000] {processor.py:161} INFO - Started process (PID=1809) to work on /opt/airflow/dags/load_to_clickhouse.py
[2025-11-02T17:35:39.357+0000] {processor.py:830} INFO - Processing file /opt/airflow/dags/load_to_clickhouse.py for tasks to queue
[2025-11-02T17:35:39.394+0000] {logging_mixin.py:188} INFO - [2025-11-02T17:35:39.386+0000] {dagbag.py:538} INFO - Filling up the DagBag from /opt/airflow/dags/load_to_clickhouse.py
[2025-11-02T17:35:44.044+0000] {processor.py:840} INFO - DAG(s) 'load_csv_to_clickhouse' retrieved from /opt/airflow/dags/load_to_clickhouse.py
[2025-11-02T17:35:44.359+0000] {logging_mixin.py:188} INFO - [2025-11-02T17:35:44.357+0000] {dag.py:3036} INFO - Sync 1 DAGs
[2025-11-02T17:35:44.577+0000] {logging_mixin.py:188} INFO - [2025-11-02T17:35:44.576+0000] {dag.py:3823} INFO - Setting next_dagrun for load_csv_to_clickhouse to 2025-11-02 00:00:00+00:00, run_after=2025-11-09 00:00:00+00:00
[2025-11-02T17:36:01.226+0000] {processor.py:183} INFO - Processing /opt/airflow/dags/load_to_clickhouse.py took 22.009 seconds
[2025-11-02T17:36:34.006+0000] {processor.py:161} INFO - Started process (PID=1827) to work on /opt/airflow/dags/load_to_clickhouse.py
[2025-11-02T17:36:34.114+0000] {processor.py:830} INFO - Processing file /opt/airflow/dags/load_to_clickhouse.py for tasks to queue
[2025-11-02T17:36:34.185+0000] {logging_mixin.py:188} INFO - [2025-11-02T17:36:34.156+0000] {dagbag.py:538} INFO - Filling up the DagBag from /opt/airflow/dags/load_to_clickhouse.py
[2025-11-02T17:36:38.124+0000] {processor.py:840} INFO - DAG(s) 'load_csv_to_clickhouse' retrieved from /opt/airflow/dags/load_to_clickhouse.py
[2025-11-02T17:36:38.207+0000] {logging_mixin.py:188} INFO - [2025-11-02T17:36:38.206+0000] {dag.py:3036} INFO - Sync 1 DAGs
[2025-11-02T17:36:39.150+0000] {logging_mixin.py:188} INFO - [2025-11-02T17:36:39.150+0000] {dag.py:3823} INFO - Setting next_dagrun for load_csv_to_clickhouse to 2025-11-02 00:00:00+00:00, run_after=2025-11-09 00:00:00+00:00
[2025-11-02T17:36:39.192+0000] {processor.py:183} INFO - Processing /opt/airflow/dags/load_to_clickhouse.py took 5.674 seconds
[2025-11-02T17:37:15.202+0000] {processor.py:161} INFO - Started process (PID=1839) to work on /opt/airflow/dags/load_to_clickhouse.py
[2025-11-02T17:37:15.294+0000] {processor.py:830} INFO - Processing file /opt/airflow/dags/load_to_clickhouse.py for tasks to queue
[2025-11-02T17:37:15.428+0000] {logging_mixin.py:188} INFO - [2025-11-02T17:37:15.384+0000] {dagbag.py:538} INFO - Filling up the DagBag from /opt/airflow/dags/load_to_clickhouse.py
[2025-11-02T17:37:20.892+0000] {processor.py:840} INFO - DAG(s) 'load_csv_to_clickhouse' retrieved from /opt/airflow/dags/load_to_clickhouse.py
[2025-11-02T17:37:28.972+0000] {logging_mixin.py:188} INFO - [2025-11-02T17:37:28.969+0000] {dag.py:3036} INFO - Sync 1 DAGs
[2025-11-02T17:37:29.130+0000] {logging_mixin.py:188} INFO - [2025-11-02T17:37:29.130+0000] {dag.py:3823} INFO - Setting next_dagrun for load_csv_to_clickhouse to 2025-11-02 00:00:00+00:00, run_after=2025-11-09 00:00:00+00:00
[2025-11-02T17:37:29.200+0000] {processor.py:183} INFO - Processing /opt/airflow/dags/load_to_clickhouse.py took 15.016 seconds
[2025-11-02T17:38:01.381+0000] {processor.py:161} INFO - Started process (PID=1854) to work on /opt/airflow/dags/load_to_clickhouse.py
[2025-11-02T17:38:01.393+0000] {processor.py:830} INFO - Processing file /opt/airflow/dags/load_to_clickhouse.py for tasks to queue
[2025-11-02T17:38:01.414+0000] {logging_mixin.py:188} INFO - [2025-11-02T17:38:01.404+0000] {dagbag.py:538} INFO - Filling up the DagBag from /opt/airflow/dags/load_to_clickhouse.py
[2025-11-02T17:38:04.917+0000] {processor.py:840} INFO - DAG(s) 'load_csv_to_clickhouse' retrieved from /opt/airflow/dags/load_to_clickhouse.py
[2025-11-02T17:38:05.521+0000] {logging_mixin.py:188} INFO - [2025-11-02T17:38:05.519+0000] {dag.py:3036} INFO - Sync 1 DAGs
[2025-11-02T17:38:05.788+0000] {logging_mixin.py:188} INFO - [2025-11-02T17:38:05.786+0000] {dag.py:3823} INFO - Setting next_dagrun for load_csv_to_clickhouse to 2025-11-02 00:00:00+00:00, run_after=2025-11-09 00:00:00+00:00
[2025-11-02T17:38:05.903+0000] {processor.py:183} INFO - Processing /opt/airflow/dags/load_to_clickhouse.py took 4.686 seconds
[2025-11-02T17:38:36.616+0000] {processor.py:161} INFO - Started process (PID=1863) to work on /opt/airflow/dags/load_to_clickhouse.py
[2025-11-02T17:38:36.627+0000] {processor.py:830} INFO - Processing file /opt/airflow/dags/load_to_clickhouse.py for tasks to queue
[2025-11-02T17:38:36.636+0000] {logging_mixin.py:188} INFO - [2025-11-02T17:38:36.633+0000] {dagbag.py:538} INFO - Filling up the DagBag from /opt/airflow/dags/load_to_clickhouse.py
[2025-11-02T17:38:38.987+0000] {processor.py:840} INFO - DAG(s) 'load_csv_to_clickhouse' retrieved from /opt/airflow/dags/load_to_clickhouse.py
[2025-11-02T17:38:39.199+0000] {logging_mixin.py:188} INFO - [2025-11-02T17:38:39.198+0000] {dag.py:3036} INFO - Sync 1 DAGs
[2025-11-02T17:38:41.573+0000] {logging_mixin.py:188} INFO - [2025-11-02T17:38:41.572+0000] {dag.py:3823} INFO - Setting next_dagrun for load_csv_to_clickhouse to 2025-11-02 00:00:00+00:00, run_after=2025-11-09 00:00:00+00:00
[2025-11-02T17:38:41.620+0000] {processor.py:183} INFO - Processing /opt/airflow/dags/load_to_clickhouse.py took 5.060 seconds
[2025-11-02T17:39:16.378+0000] {processor.py:161} INFO - Started process (PID=1878) to work on /opt/airflow/dags/load_to_clickhouse.py
[2025-11-02T17:39:16.395+0000] {processor.py:830} INFO - Processing file /opt/airflow/dags/load_to_clickhouse.py for tasks to queue
[2025-11-02T17:39:16.402+0000] {logging_mixin.py:188} INFO - [2025-11-02T17:39:16.400+0000] {dagbag.py:538} INFO - Filling up the DagBag from /opt/airflow/dags/load_to_clickhouse.py
[2025-11-02T17:39:25.490+0000] {processor.py:840} INFO - DAG(s) 'load_csv_to_clickhouse' retrieved from /opt/airflow/dags/load_to_clickhouse.py
[2025-11-02T17:39:35.717+0000] {logging_mixin.py:188} INFO - [2025-11-02T17:39:35.712+0000] {dag.py:3036} INFO - Sync 1 DAGs
[2025-11-02T17:39:49.990+0000] {logging_mixin.py:188} INFO - [2025-11-02T17:39:49.974+0000] {dag.py:3823} INFO - Setting next_dagrun for load_csv_to_clickhouse to 2025-11-02 00:00:00+00:00, run_after=2025-11-09 00:00:00+00:00
[2025-11-02T17:39:50.149+0000] {processor.py:183} INFO - Processing /opt/airflow/dags/load_to_clickhouse.py took 33.844 seconds
[2025-11-02T17:40:24.483+0000] {processor.py:161} INFO - Started process (PID=1890) to work on /opt/airflow/dags/load_to_clickhouse.py
[2025-11-02T17:40:24.597+0000] {processor.py:830} INFO - Processing file /opt/airflow/dags/load_to_clickhouse.py for tasks to queue
[2025-11-02T17:40:25.088+0000] {logging_mixin.py:188} INFO - [2025-11-02T17:40:25.008+0000] {dagbag.py:538} INFO - Filling up the DagBag from /opt/airflow/dags/load_to_clickhouse.py
[2025-11-02T17:40:41.982+0000] {processor.py:840} INFO - DAG(s) 'load_csv_to_clickhouse' retrieved from /opt/airflow/dags/load_to_clickhouse.py
[2025-11-02T17:40:42.054+0000] {logging_mixin.py:188} INFO - [2025-11-02T17:40:42.054+0000] {dag.py:3036} INFO - Sync 1 DAGs
[2025-11-02T17:40:42.102+0000] {logging_mixin.py:188} INFO - [2025-11-02T17:40:42.101+0000] {dag.py:3823} INFO - Setting next_dagrun for load_csv_to_clickhouse to 2025-11-02 00:00:00+00:00, run_after=2025-11-09 00:00:00+00:00
[2025-11-02T17:40:42.156+0000] {processor.py:183} INFO - Processing /opt/airflow/dags/load_to_clickhouse.py took 18.407 seconds
[2025-11-02T17:41:14.287+0000] {processor.py:161} INFO - Started process (PID=1902) to work on /opt/airflow/dags/load_to_clickhouse.py
[2025-11-02T17:41:14.292+0000] {processor.py:830} INFO - Processing file /opt/airflow/dags/load_to_clickhouse.py for tasks to queue
[2025-11-02T17:41:14.297+0000] {logging_mixin.py:188} INFO - [2025-11-02T17:41:14.296+0000] {dagbag.py:538} INFO - Filling up the DagBag from /opt/airflow/dags/load_to_clickhouse.py
[2025-11-02T17:41:15.606+0000] {processor.py:840} INFO - DAG(s) 'load_csv_to_clickhouse' retrieved from /opt/airflow/dags/load_to_clickhouse.py
[2025-11-02T17:41:15.874+0000] {logging_mixin.py:188} INFO - [2025-11-02T17:41:15.872+0000] {dag.py:3036} INFO - Sync 1 DAGs
[2025-11-02T17:41:16.024+0000] {logging_mixin.py:188} INFO - [2025-11-02T17:41:16.023+0000] {dag.py:3823} INFO - Setting next_dagrun for load_csv_to_clickhouse to 2025-11-02 00:00:00+00:00, run_after=2025-11-09 00:00:00+00:00
[2025-11-02T17:41:18.293+0000] {processor.py:183} INFO - Processing /opt/airflow/dags/load_to_clickhouse.py took 4.052 seconds
[2025-11-02T17:41:50.494+0000] {processor.py:161} INFO - Started process (PID=1914) to work on /opt/airflow/dags/load_to_clickhouse.py
[2025-11-02T17:41:50.499+0000] {processor.py:830} INFO - Processing file /opt/airflow/dags/load_to_clickhouse.py for tasks to queue
[2025-11-02T17:41:50.509+0000] {logging_mixin.py:188} INFO - [2025-11-02T17:41:50.505+0000] {dagbag.py:538} INFO - Filling up the DagBag from /opt/airflow/dags/load_to_clickhouse.py
[2025-11-02T17:41:53.499+0000] {processor.py:840} INFO - DAG(s) 'load_csv_to_clickhouse' retrieved from /opt/airflow/dags/load_to_clickhouse.py
[2025-11-02T17:41:53.806+0000] {logging_mixin.py:188} INFO - [2025-11-02T17:41:53.805+0000] {dag.py:3036} INFO - Sync 1 DAGs
[2025-11-02T17:41:56.622+0000] {logging_mixin.py:188} INFO - [2025-11-02T17:41:56.622+0000] {dag.py:3823} INFO - Setting next_dagrun for load_csv_to_clickhouse to 2025-11-02 00:00:00+00:00, run_after=2025-11-09 00:00:00+00:00
[2025-11-02T17:41:56.683+0000] {processor.py:183} INFO - Processing /opt/airflow/dags/load_to_clickhouse.py took 6.238 seconds
[2025-11-02T17:42:27.046+0000] {processor.py:161} INFO - Started process (PID=1927) to work on /opt/airflow/dags/load_to_clickhouse.py
[2025-11-02T17:42:27.053+0000] {processor.py:830} INFO - Processing file /opt/airflow/dags/load_to_clickhouse.py for tasks to queue
[2025-11-02T17:42:27.065+0000] {logging_mixin.py:188} INFO - [2025-11-02T17:42:27.062+0000] {dagbag.py:538} INFO - Filling up the DagBag from /opt/airflow/dags/load_to_clickhouse.py
[2025-11-02T17:42:30.274+0000] {processor.py:840} INFO - DAG(s) 'load_csv_to_clickhouse' retrieved from /opt/airflow/dags/load_to_clickhouse.py
[2025-11-02T17:42:34.009+0000] {logging_mixin.py:188} INFO - [2025-11-02T17:42:33.942+0000] {dag.py:3036} INFO - Sync 1 DAGs
[2025-11-02T17:42:47.955+0000] {logging_mixin.py:188} INFO - [2025-11-02T17:42:47.953+0000] {dag.py:3823} INFO - Setting next_dagrun for load_csv_to_clickhouse to 2025-11-02 00:00:00+00:00, run_after=2025-11-09 00:00:00+00:00
[2025-11-02T17:42:48.022+0000] {processor.py:183} INFO - Processing /opt/airflow/dags/load_to_clickhouse.py took 21.030 seconds
[2025-11-02T17:43:18.877+0000] {processor.py:161} INFO - Started process (PID=1938) to work on /opt/airflow/dags/load_to_clickhouse.py
[2025-11-02T17:43:18.880+0000] {processor.py:830} INFO - Processing file /opt/airflow/dags/load_to_clickhouse.py for tasks to queue
[2025-11-02T17:43:18.882+0000] {logging_mixin.py:188} INFO - [2025-11-02T17:43:18.881+0000] {dagbag.py:538} INFO - Filling up the DagBag from /opt/airflow/dags/load_to_clickhouse.py
[2025-11-02T17:43:21.089+0000] {processor.py:840} INFO - DAG(s) 'load_csv_to_clickhouse' retrieved from /opt/airflow/dags/load_to_clickhouse.py
[2025-11-02T17:43:21.160+0000] {logging_mixin.py:188} INFO - [2025-11-02T17:43:21.159+0000] {dag.py:3036} INFO - Sync 1 DAGs
[2025-11-02T17:43:21.214+0000] {logging_mixin.py:188} INFO - [2025-11-02T17:43:21.214+0000] {dag.py:3823} INFO - Setting next_dagrun for load_csv_to_clickhouse to 2025-11-02 00:00:00+00:00, run_after=2025-11-09 00:00:00+00:00
[2025-11-02T17:43:21.259+0000] {processor.py:183} INFO - Processing /opt/airflow/dags/load_to_clickhouse.py took 2.389 seconds
[2025-11-02T17:43:51.736+0000] {processor.py:161} INFO - Started process (PID=1950) to work on /opt/airflow/dags/load_to_clickhouse.py
[2025-11-02T17:43:51.739+0000] {processor.py:830} INFO - Processing file /opt/airflow/dags/load_to_clickhouse.py for tasks to queue
[2025-11-02T17:43:51.742+0000] {logging_mixin.py:188} INFO - [2025-11-02T17:43:51.741+0000] {dagbag.py:538} INFO - Filling up the DagBag from /opt/airflow/dags/load_to_clickhouse.py
[2025-11-02T17:43:53.715+0000] {processor.py:840} INFO - DAG(s) 'load_csv_to_clickhouse' retrieved from /opt/airflow/dags/load_to_clickhouse.py
[2025-11-02T17:43:53.786+0000] {logging_mixin.py:188} INFO - [2025-11-02T17:43:53.785+0000] {dag.py:3036} INFO - Sync 1 DAGs
[2025-11-02T17:43:53.858+0000] {logging_mixin.py:188} INFO - [2025-11-02T17:43:53.857+0000] {dag.py:3823} INFO - Setting next_dagrun for load_csv_to_clickhouse to 2025-11-02 00:00:00+00:00, run_after=2025-11-09 00:00:00+00:00
[2025-11-02T17:43:53.937+0000] {processor.py:183} INFO - Processing /opt/airflow/dags/load_to_clickhouse.py took 2.209 seconds
[2025-11-02T17:44:24.371+0000] {processor.py:161} INFO - Started process (PID=1962) to work on /opt/airflow/dags/load_to_clickhouse.py
[2025-11-02T17:44:24.376+0000] {processor.py:830} INFO - Processing file /opt/airflow/dags/load_to_clickhouse.py for tasks to queue
[2025-11-02T17:44:24.383+0000] {logging_mixin.py:188} INFO - [2025-11-02T17:44:24.380+0000] {dagbag.py:538} INFO - Filling up the DagBag from /opt/airflow/dags/load_to_clickhouse.py
[2025-11-02T17:44:27.048+0000] {processor.py:840} INFO - DAG(s) 'load_csv_to_clickhouse' retrieved from /opt/airflow/dags/load_to_clickhouse.py
[2025-11-02T17:44:27.342+0000] {logging_mixin.py:188} INFO - [2025-11-02T17:44:27.341+0000] {dag.py:3036} INFO - Sync 1 DAGs
[2025-11-02T17:44:30.585+0000] {logging_mixin.py:188} INFO - [2025-11-02T17:44:30.584+0000] {dag.py:3823} INFO - Setting next_dagrun for load_csv_to_clickhouse to 2025-11-02 00:00:00+00:00, run_after=2025-11-09 00:00:00+00:00
[2025-11-02T17:44:30.630+0000] {processor.py:183} INFO - Processing /opt/airflow/dags/load_to_clickhouse.py took 6.280 seconds
[2025-11-02T17:45:09.707+0000] {processor.py:161} INFO - Started process (PID=1974) to work on /opt/airflow/dags/load_to_clickhouse.py
[2025-11-02T17:45:09.747+0000] {processor.py:830} INFO - Processing file /opt/airflow/dags/load_to_clickhouse.py for tasks to queue
[2025-11-02T17:45:09.765+0000] {logging_mixin.py:188} INFO - [2025-11-02T17:45:09.751+0000] {dagbag.py:538} INFO - Filling up the DagBag from /opt/airflow/dags/load_to_clickhouse.py
[2025-11-02T17:45:12.795+0000] {processor.py:840} INFO - DAG(s) 'load_csv_to_clickhouse' retrieved from /opt/airflow/dags/load_to_clickhouse.py
[2025-11-02T17:45:13.173+0000] {logging_mixin.py:188} INFO - [2025-11-02T17:45:13.172+0000] {dag.py:3036} INFO - Sync 1 DAGs
[2025-11-02T17:45:16.670+0000] {logging_mixin.py:188} INFO - [2025-11-02T17:45:16.669+0000] {dag.py:3823} INFO - Setting next_dagrun for load_csv_to_clickhouse to 2025-11-02 00:00:00+00:00, run_after=2025-11-09 00:00:00+00:00
[2025-11-02T17:45:16.766+0000] {processor.py:183} INFO - Processing /opt/airflow/dags/load_to_clickhouse.py took 7.174 seconds
[2025-11-02T17:45:47.357+0000] {processor.py:161} INFO - Started process (PID=1986) to work on /opt/airflow/dags/load_to_clickhouse.py
[2025-11-02T17:45:47.363+0000] {processor.py:830} INFO - Processing file /opt/airflow/dags/load_to_clickhouse.py for tasks to queue
[2025-11-02T17:45:47.375+0000] {logging_mixin.py:188} INFO - [2025-11-02T17:45:47.369+0000] {dagbag.py:538} INFO - Filling up the DagBag from /opt/airflow/dags/load_to_clickhouse.py
[2025-11-02T17:46:03.628+0000] {processor.py:840} INFO - DAG(s) 'load_csv_to_clickhouse' retrieved from /opt/airflow/dags/load_to_clickhouse.py
[2025-11-02T17:46:05.767+0000] {logging_mixin.py:188} INFO - [2025-11-02T17:46:05.766+0000] {dag.py:3036} INFO - Sync 1 DAGs
[2025-11-02T17:46:05.842+0000] {logging_mixin.py:188} INFO - [2025-11-02T17:46:05.841+0000] {dag.py:3823} INFO - Setting next_dagrun for load_csv_to_clickhouse to 2025-11-02 00:00:00+00:00, run_after=2025-11-09 00:00:00+00:00
[2025-11-02T17:46:05.895+0000] {processor.py:183} INFO - Processing /opt/airflow/dags/load_to_clickhouse.py took 18.556 seconds
[2025-11-02T17:46:41.220+0000] {processor.py:161} INFO - Started process (PID=1998) to work on /opt/airflow/dags/load_to_clickhouse.py
[2025-11-02T17:46:41.293+0000] {processor.py:830} INFO - Processing file /opt/airflow/dags/load_to_clickhouse.py for tasks to queue
[2025-11-02T17:46:41.377+0000] {logging_mixin.py:188} INFO - [2025-11-02T17:46:41.354+0000] {dagbag.py:538} INFO - Filling up the DagBag from /opt/airflow/dags/load_to_clickhouse.py
[2025-11-02T17:46:47.611+0000] {processor.py:840} INFO - DAG(s) 'load_csv_to_clickhouse' retrieved from /opt/airflow/dags/load_to_clickhouse.py
[2025-11-02T17:46:47.683+0000] {logging_mixin.py:188} INFO - [2025-11-02T17:46:47.682+0000] {dag.py:3036} INFO - Sync 1 DAGs
[2025-11-02T17:46:47.756+0000] {logging_mixin.py:188} INFO - [2025-11-02T17:46:47.755+0000] {dag.py:3823} INFO - Setting next_dagrun for load_csv_to_clickhouse to 2025-11-02 00:00:00+00:00, run_after=2025-11-09 00:00:00+00:00
[2025-11-02T17:46:47.804+0000] {processor.py:183} INFO - Processing /opt/airflow/dags/load_to_clickhouse.py took 6.864 seconds
[2025-11-02T17:47:23.492+0000] {processor.py:161} INFO - Started process (PID=2010) to work on /opt/airflow/dags/load_to_clickhouse.py
[2025-11-02T17:47:23.524+0000] {processor.py:830} INFO - Processing file /opt/airflow/dags/load_to_clickhouse.py for tasks to queue
[2025-11-02T17:47:23.527+0000] {logging_mixin.py:188} INFO - [2025-11-02T17:47:23.526+0000] {dagbag.py:538} INFO - Filling up the DagBag from /opt/airflow/dags/load_to_clickhouse.py
[2025-11-02T17:47:27.709+0000] {processor.py:840} INFO - DAG(s) 'load_csv_to_clickhouse' retrieved from /opt/airflow/dags/load_to_clickhouse.py
[2025-11-02T17:47:27.758+0000] {logging_mixin.py:188} INFO - [2025-11-02T17:47:27.757+0000] {dag.py:3036} INFO - Sync 1 DAGs
[2025-11-02T17:47:27.815+0000] {logging_mixin.py:188} INFO - [2025-11-02T17:47:27.815+0000] {dag.py:3823} INFO - Setting next_dagrun for load_csv_to_clickhouse to 2025-11-02 00:00:00+00:00, run_after=2025-11-09 00:00:00+00:00
[2025-11-02T17:47:27.908+0000] {processor.py:183} INFO - Processing /opt/airflow/dags/load_to_clickhouse.py took 4.470 seconds
[2025-11-02T17:47:58.429+0000] {processor.py:161} INFO - Started process (PID=2023) to work on /opt/airflow/dags/load_to_clickhouse.py
[2025-11-02T17:47:58.438+0000] {processor.py:830} INFO - Processing file /opt/airflow/dags/load_to_clickhouse.py for tasks to queue
[2025-11-02T17:47:58.448+0000] {logging_mixin.py:188} INFO - [2025-11-02T17:47:58.445+0000] {dagbag.py:538} INFO - Filling up the DagBag from /opt/airflow/dags/load_to_clickhouse.py
[2025-11-02T17:47:59.557+0000] {processor.py:840} INFO - DAG(s) 'load_csv_to_clickhouse' retrieved from /opt/airflow/dags/load_to_clickhouse.py
[2025-11-02T17:47:59.655+0000] {logging_mixin.py:188} INFO - [2025-11-02T17:47:59.653+0000] {dag.py:3036} INFO - Sync 1 DAGs
[2025-11-02T17:48:00.019+0000] {logging_mixin.py:188} INFO - [2025-11-02T17:48:00.018+0000] {dag.py:3823} INFO - Setting next_dagrun for load_csv_to_clickhouse to 2025-11-02 00:00:00+00:00, run_after=2025-11-09 00:00:00+00:00
[2025-11-02T17:48:00.067+0000] {processor.py:183} INFO - Processing /opt/airflow/dags/load_to_clickhouse.py took 1.666 seconds
[2025-11-02T17:48:30.965+0000] {processor.py:161} INFO - Started process (PID=2037) to work on /opt/airflow/dags/load_to_clickhouse.py
[2025-11-02T17:48:30.967+0000] {processor.py:830} INFO - Processing file /opt/airflow/dags/load_to_clickhouse.py for tasks to queue
[2025-11-02T17:48:30.970+0000] {logging_mixin.py:188} INFO - [2025-11-02T17:48:30.969+0000] {dagbag.py:538} INFO - Filling up the DagBag from /opt/airflow/dags/load_to_clickhouse.py
[2025-11-02T17:48:31.961+0000] {processor.py:840} INFO - DAG(s) 'load_csv_to_clickhouse' retrieved from /opt/airflow/dags/load_to_clickhouse.py
[2025-11-02T17:48:32.575+0000] {logging_mixin.py:188} INFO - [2025-11-02T17:48:32.573+0000] {dag.py:3036} INFO - Sync 1 DAGs
[2025-11-02T17:48:32.617+0000] {logging_mixin.py:188} INFO - [2025-11-02T17:48:32.616+0000] {dag.py:3823} INFO - Setting next_dagrun for load_csv_to_clickhouse to 2025-11-02 00:00:00+00:00, run_after=2025-11-09 00:00:00+00:00
[2025-11-02T17:48:32.674+0000] {processor.py:183} INFO - Processing /opt/airflow/dags/load_to_clickhouse.py took 1.716 seconds
[2025-11-02T17:49:03.033+0000] {processor.py:161} INFO - Started process (PID=2049) to work on /opt/airflow/dags/load_to_clickhouse.py
[2025-11-02T17:49:03.040+0000] {processor.py:830} INFO - Processing file /opt/airflow/dags/load_to_clickhouse.py for tasks to queue
[2025-11-02T17:49:03.044+0000] {logging_mixin.py:188} INFO - [2025-11-02T17:49:03.042+0000] {dagbag.py:538} INFO - Filling up the DagBag from /opt/airflow/dags/load_to_clickhouse.py
[2025-11-02T17:49:04.622+0000] {processor.py:840} INFO - DAG(s) 'load_csv_to_clickhouse' retrieved from /opt/airflow/dags/load_to_clickhouse.py
[2025-11-02T17:49:04.699+0000] {logging_mixin.py:188} INFO - [2025-11-02T17:49:04.698+0000] {dag.py:3036} INFO - Sync 1 DAGs
[2025-11-02T17:49:04.756+0000] {logging_mixin.py:188} INFO - [2025-11-02T17:49:04.756+0000] {dag.py:3823} INFO - Setting next_dagrun for load_csv_to_clickhouse to 2025-11-02 00:00:00+00:00, run_after=2025-11-09 00:00:00+00:00
[2025-11-02T17:49:04.808+0000] {processor.py:183} INFO - Processing /opt/airflow/dags/load_to_clickhouse.py took 1.793 seconds
[2025-11-02T17:49:35.904+0000] {processor.py:161} INFO - Started process (PID=2061) to work on /opt/airflow/dags/load_to_clickhouse.py
[2025-11-02T17:49:35.908+0000] {processor.py:830} INFO - Processing file /opt/airflow/dags/load_to_clickhouse.py for tasks to queue
[2025-11-02T17:49:35.912+0000] {logging_mixin.py:188} INFO - [2025-11-02T17:49:35.911+0000] {dagbag.py:538} INFO - Filling up the DagBag from /opt/airflow/dags/load_to_clickhouse.py
[2025-11-02T17:49:37.061+0000] {processor.py:840} INFO - DAG(s) 'load_csv_to_clickhouse' retrieved from /opt/airflow/dags/load_to_clickhouse.py
[2025-11-02T17:49:37.211+0000] {logging_mixin.py:188} INFO - [2025-11-02T17:49:37.210+0000] {dag.py:3036} INFO - Sync 1 DAGs
[2025-11-02T17:49:37.284+0000] {logging_mixin.py:188} INFO - [2025-11-02T17:49:37.284+0000] {dag.py:3823} INFO - Setting next_dagrun for load_csv_to_clickhouse to 2025-11-02 00:00:00+00:00, run_after=2025-11-09 00:00:00+00:00
[2025-11-02T17:49:37.352+0000] {processor.py:183} INFO - Processing /opt/airflow/dags/load_to_clickhouse.py took 1.459 seconds
[2025-11-02T17:50:07.580+0000] {processor.py:161} INFO - Started process (PID=2073) to work on /opt/airflow/dags/load_to_clickhouse.py
[2025-11-02T17:50:07.582+0000] {processor.py:830} INFO - Processing file /opt/airflow/dags/load_to_clickhouse.py for tasks to queue
[2025-11-02T17:50:07.585+0000] {logging_mixin.py:188} INFO - [2025-11-02T17:50:07.584+0000] {dagbag.py:538} INFO - Filling up the DagBag from /opt/airflow/dags/load_to_clickhouse.py
[2025-11-02T17:50:08.969+0000] {processor.py:840} INFO - DAG(s) 'load_csv_to_clickhouse' retrieved from /opt/airflow/dags/load_to_clickhouse.py
[2025-11-02T17:50:09.059+0000] {logging_mixin.py:188} INFO - [2025-11-02T17:50:09.058+0000] {dag.py:3036} INFO - Sync 1 DAGs
[2025-11-02T17:50:09.165+0000] {logging_mixin.py:188} INFO - [2025-11-02T17:50:09.164+0000] {dag.py:3823} INFO - Setting next_dagrun for load_csv_to_clickhouse to 2025-11-02 00:00:00+00:00, run_after=2025-11-09 00:00:00+00:00
[2025-11-02T17:50:09.209+0000] {processor.py:183} INFO - Processing /opt/airflow/dags/load_to_clickhouse.py took 1.636 seconds
[2025-11-02T17:50:39.769+0000] {processor.py:161} INFO - Started process (PID=2085) to work on /opt/airflow/dags/load_to_clickhouse.py
[2025-11-02T17:50:39.772+0000] {processor.py:830} INFO - Processing file /opt/airflow/dags/load_to_clickhouse.py for tasks to queue
[2025-11-02T17:50:39.775+0000] {logging_mixin.py:188} INFO - [2025-11-02T17:50:39.774+0000] {dagbag.py:538} INFO - Filling up the DagBag from /opt/airflow/dags/load_to_clickhouse.py
[2025-11-02T17:50:40.659+0000] {processor.py:840} INFO - DAG(s) 'load_csv_to_clickhouse' retrieved from /opt/airflow/dags/load_to_clickhouse.py
[2025-11-02T17:50:40.725+0000] {logging_mixin.py:188} INFO - [2025-11-02T17:50:40.724+0000] {dag.py:3036} INFO - Sync 1 DAGs
[2025-11-02T17:50:41.063+0000] {logging_mixin.py:188} INFO - [2025-11-02T17:50:41.062+0000] {dag.py:3823} INFO - Setting next_dagrun for load_csv_to_clickhouse to 2025-11-02 00:00:00+00:00, run_after=2025-11-09 00:00:00+00:00
[2025-11-02T17:50:41.104+0000] {processor.py:183} INFO - Processing /opt/airflow/dags/load_to_clickhouse.py took 1.342 seconds
[2025-11-02T17:51:11.413+0000] {processor.py:161} INFO - Started process (PID=2097) to work on /opt/airflow/dags/load_to_clickhouse.py
[2025-11-02T17:51:11.431+0000] {processor.py:830} INFO - Processing file /opt/airflow/dags/load_to_clickhouse.py for tasks to queue
[2025-11-02T17:51:11.435+0000] {logging_mixin.py:188} INFO - [2025-11-02T17:51:11.434+0000] {dagbag.py:538} INFO - Filling up the DagBag from /opt/airflow/dags/load_to_clickhouse.py
[2025-11-02T17:51:12.641+0000] {processor.py:840} INFO - DAG(s) 'load_csv_to_clickhouse' retrieved from /opt/airflow/dags/load_to_clickhouse.py
[2025-11-02T17:51:12.712+0000] {logging_mixin.py:188} INFO - [2025-11-02T17:51:12.711+0000] {dag.py:3036} INFO - Sync 1 DAGs
[2025-11-02T17:51:12.759+0000] {logging_mixin.py:188} INFO - [2025-11-02T17:51:12.759+0000] {dag.py:3823} INFO - Setting next_dagrun for load_csv_to_clickhouse to 2025-11-02 00:00:00+00:00, run_after=2025-11-09 00:00:00+00:00
[2025-11-02T17:51:12.802+0000] {processor.py:183} INFO - Processing /opt/airflow/dags/load_to_clickhouse.py took 1.405 seconds
[2025-11-02T17:51:43.042+0000] {processor.py:161} INFO - Started process (PID=2109) to work on /opt/airflow/dags/load_to_clickhouse.py
[2025-11-02T17:51:43.046+0000] {processor.py:830} INFO - Processing file /opt/airflow/dags/load_to_clickhouse.py for tasks to queue
[2025-11-02T17:51:43.051+0000] {logging_mixin.py:188} INFO - [2025-11-02T17:51:43.050+0000] {dagbag.py:538} INFO - Filling up the DagBag from /opt/airflow/dags/load_to_clickhouse.py
[2025-11-02T17:51:44.541+0000] {processor.py:840} INFO - DAG(s) 'load_csv_to_clickhouse' retrieved from /opt/airflow/dags/load_to_clickhouse.py
[2025-11-02T17:51:44.638+0000] {logging_mixin.py:188} INFO - [2025-11-02T17:51:44.638+0000] {dag.py:3036} INFO - Sync 1 DAGs
[2025-11-02T17:51:44.690+0000] {logging_mixin.py:188} INFO - [2025-11-02T17:51:44.690+0000] {dag.py:3823} INFO - Setting next_dagrun for load_csv_to_clickhouse to 2025-11-02 00:00:00+00:00, run_after=2025-11-09 00:00:00+00:00
[2025-11-02T17:51:44.757+0000] {processor.py:183} INFO - Processing /opt/airflow/dags/load_to_clickhouse.py took 1.726 seconds
[2025-11-02T17:52:15.349+0000] {processor.py:161} INFO - Started process (PID=2121) to work on /opt/airflow/dags/load_to_clickhouse.py
[2025-11-02T17:52:15.352+0000] {processor.py:830} INFO - Processing file /opt/airflow/dags/load_to_clickhouse.py for tasks to queue
[2025-11-02T17:52:15.357+0000] {logging_mixin.py:188} INFO - [2025-11-02T17:52:15.356+0000] {dagbag.py:538} INFO - Filling up the DagBag from /opt/airflow/dags/load_to_clickhouse.py
[2025-11-02T17:52:17.575+0000] {processor.py:840} INFO - DAG(s) 'load_csv_to_clickhouse' retrieved from /opt/airflow/dags/load_to_clickhouse.py
[2025-11-02T17:52:17.645+0000] {logging_mixin.py:188} INFO - [2025-11-02T17:52:17.644+0000] {dag.py:3036} INFO - Sync 1 DAGs
[2025-11-02T17:52:17.697+0000] {logging_mixin.py:188} INFO - [2025-11-02T17:52:17.696+0000] {dag.py:3823} INFO - Setting next_dagrun for load_csv_to_clickhouse to 2025-11-02 00:00:00+00:00, run_after=2025-11-09 00:00:00+00:00
[2025-11-02T17:52:17.780+0000] {processor.py:183} INFO - Processing /opt/airflow/dags/load_to_clickhouse.py took 2.473 seconds
[2025-11-02T17:52:49.004+0000] {processor.py:161} INFO - Started process (PID=2133) to work on /opt/airflow/dags/load_to_clickhouse.py
[2025-11-02T17:52:49.052+0000] {processor.py:830} INFO - Processing file /opt/airflow/dags/load_to_clickhouse.py for tasks to queue
[2025-11-02T17:52:49.069+0000] {logging_mixin.py:188} INFO - [2025-11-02T17:52:49.064+0000] {dagbag.py:538} INFO - Filling up the DagBag from /opt/airflow/dags/load_to_clickhouse.py
[2025-11-02T17:52:50.090+0000] {processor.py:840} INFO - DAG(s) 'load_csv_to_clickhouse' retrieved from /opt/airflow/dags/load_to_clickhouse.py
[2025-11-02T17:52:50.181+0000] {logging_mixin.py:188} INFO - [2025-11-02T17:52:50.180+0000] {dag.py:3036} INFO - Sync 1 DAGs
[2025-11-02T17:52:50.610+0000] {logging_mixin.py:188} INFO - [2025-11-02T17:52:50.610+0000] {dag.py:3823} INFO - Setting next_dagrun for load_csv_to_clickhouse to 2025-11-02 00:00:00+00:00, run_after=2025-11-09 00:00:00+00:00
[2025-11-02T17:52:50.664+0000] {processor.py:183} INFO - Processing /opt/airflow/dags/load_to_clickhouse.py took 1.683 seconds
[2025-11-02T17:53:21.464+0000] {processor.py:161} INFO - Started process (PID=2145) to work on /opt/airflow/dags/load_to_clickhouse.py
[2025-11-02T17:53:21.468+0000] {processor.py:830} INFO - Processing file /opt/airflow/dags/load_to_clickhouse.py for tasks to queue
[2025-11-02T17:53:21.471+0000] {logging_mixin.py:188} INFO - [2025-11-02T17:53:21.470+0000] {dagbag.py:538} INFO - Filling up the DagBag from /opt/airflow/dags/load_to_clickhouse.py
[2025-11-02T17:53:23.299+0000] {processor.py:840} INFO - DAG(s) 'load_csv_to_clickhouse' retrieved from /opt/airflow/dags/load_to_clickhouse.py
[2025-11-02T17:53:23.522+0000] {logging_mixin.py:188} INFO - [2025-11-02T17:53:23.521+0000] {dag.py:3036} INFO - Sync 1 DAGs
[2025-11-02T17:53:23.563+0000] {logging_mixin.py:188} INFO - [2025-11-02T17:53:23.563+0000] {dag.py:3823} INFO - Setting next_dagrun for load_csv_to_clickhouse to 2025-11-02 00:00:00+00:00, run_after=2025-11-09 00:00:00+00:00
[2025-11-02T17:53:23.646+0000] {processor.py:183} INFO - Processing /opt/airflow/dags/load_to_clickhouse.py took 2.193 seconds
[2025-11-02T17:53:58.525+0000] {processor.py:161} INFO - Started process (PID=2155) to work on /opt/airflow/dags/load_to_clickhouse.py
[2025-11-02T17:53:58.685+0000] {processor.py:830} INFO - Processing file /opt/airflow/dags/load_to_clickhouse.py for tasks to queue
[2025-11-02T17:53:58.808+0000] {logging_mixin.py:188} INFO - [2025-11-02T17:53:58.776+0000] {dagbag.py:538} INFO - Filling up the DagBag from /opt/airflow/dags/load_to_clickhouse.py
[2025-11-02T17:54:13.292+0000] {processor.py:840} INFO - DAG(s) 'load_csv_to_clickhouse' retrieved from /opt/airflow/dags/load_to_clickhouse.py
[2025-11-02T17:54:13.868+0000] {logging_mixin.py:188} INFO - [2025-11-02T17:54:13.864+0000] {dag.py:3036} INFO - Sync 1 DAGs
[2025-11-02T17:54:14.080+0000] {logging_mixin.py:188} INFO - [2025-11-02T17:54:14.079+0000] {dag.py:3823} INFO - Setting next_dagrun for load_csv_to_clickhouse to 2025-11-02 00:00:00+00:00, run_after=2025-11-09 00:00:00+00:00
[2025-11-02T17:54:14.197+0000] {processor.py:183} INFO - Processing /opt/airflow/dags/load_to_clickhouse.py took 16.073 seconds
[2025-11-02T17:54:45.054+0000] {processor.py:161} INFO - Started process (PID=2166) to work on /opt/airflow/dags/load_to_clickhouse.py
[2025-11-02T17:54:45.063+0000] {processor.py:830} INFO - Processing file /opt/airflow/dags/load_to_clickhouse.py for tasks to queue
[2025-11-02T17:54:45.074+0000] {logging_mixin.py:188} INFO - [2025-11-02T17:54:45.070+0000] {dagbag.py:538} INFO - Filling up the DagBag from /opt/airflow/dags/load_to_clickhouse.py
[2025-11-02T17:54:51.779+0000] {processor.py:840} INFO - DAG(s) 'load_csv_to_clickhouse' retrieved from /opt/airflow/dags/load_to_clickhouse.py
[2025-11-02T17:54:51.967+0000] {logging_mixin.py:188} INFO - [2025-11-02T17:54:51.966+0000] {dag.py:3036} INFO - Sync 1 DAGs
[2025-11-02T17:54:52.079+0000] {logging_mixin.py:188} INFO - [2025-11-02T17:54:52.078+0000] {dag.py:3823} INFO - Setting next_dagrun for load_csv_to_clickhouse to 2025-11-02 00:00:00+00:00, run_after=2025-11-09 00:00:00+00:00
[2025-11-02T17:54:52.152+0000] {processor.py:183} INFO - Processing /opt/airflow/dags/load_to_clickhouse.py took 7.186 seconds
[2025-11-02T17:55:23.310+0000] {processor.py:161} INFO - Started process (PID=2178) to work on /opt/airflow/dags/load_to_clickhouse.py
[2025-11-02T17:55:23.319+0000] {processor.py:830} INFO - Processing file /opt/airflow/dags/load_to_clickhouse.py for tasks to queue
[2025-11-02T17:55:23.323+0000] {logging_mixin.py:188} INFO - [2025-11-02T17:55:23.322+0000] {dagbag.py:538} INFO - Filling up the DagBag from /opt/airflow/dags/load_to_clickhouse.py
[2025-11-02T17:55:27.334+0000] {processor.py:840} INFO - DAG(s) 'load_csv_to_clickhouse' retrieved from /opt/airflow/dags/load_to_clickhouse.py
[2025-11-02T17:55:27.892+0000] {logging_mixin.py:188} INFO - [2025-11-02T17:55:27.878+0000] {dag.py:3036} INFO - Sync 1 DAGs
[2025-11-02T17:55:51.922+0000] {logging_mixin.py:188} INFO - [2025-11-02T17:55:51.911+0000] {dag.py:3823} INFO - Setting next_dagrun for load_csv_to_clickhouse to 2025-11-02 00:00:00+00:00, run_after=2025-11-09 00:00:00+00:00
[2025-11-02T17:55:52.105+0000] {processor.py:183} INFO - Processing /opt/airflow/dags/load_to_clickhouse.py took 28.865 seconds
[2025-11-02T17:56:23.663+0000] {processor.py:161} INFO - Started process (PID=2190) to work on /opt/airflow/dags/load_to_clickhouse.py
[2025-11-02T17:56:23.682+0000] {processor.py:830} INFO - Processing file /opt/airflow/dags/load_to_clickhouse.py for tasks to queue
[2025-11-02T17:56:23.702+0000] {logging_mixin.py:188} INFO - [2025-11-02T17:56:23.694+0000] {dagbag.py:538} INFO - Filling up the DagBag from /opt/airflow/dags/load_to_clickhouse.py
[2025-11-02T17:56:30.933+0000] {processor.py:840} INFO - DAG(s) 'load_csv_to_clickhouse' retrieved from /opt/airflow/dags/load_to_clickhouse.py
[2025-11-02T17:56:40.877+0000] {logging_mixin.py:188} INFO - [2025-11-02T17:56:40.847+0000] {dag.py:3036} INFO - Sync 1 DAGs
[2025-11-02T17:56:44.848+0000] {logging_mixin.py:188} INFO - [2025-11-02T17:56:44.791+0000] {dag.py:3823} INFO - Setting next_dagrun for load_csv_to_clickhouse to 2025-11-02 00:00:00+00:00, run_after=2025-11-09 00:00:00+00:00
[2025-11-02T17:56:49.019+0000] {processor.py:183} INFO - Processing /opt/airflow/dags/load_to_clickhouse.py took 25.503 seconds
[2025-11-02T17:57:19.515+0000] {processor.py:161} INFO - Started process (PID=2202) to work on /opt/airflow/dags/load_to_clickhouse.py
[2025-11-02T17:57:19.519+0000] {processor.py:830} INFO - Processing file /opt/airflow/dags/load_to_clickhouse.py for tasks to queue
[2025-11-02T17:57:19.521+0000] {logging_mixin.py:188} INFO - [2025-11-02T17:57:19.520+0000] {dagbag.py:538} INFO - Filling up the DagBag from /opt/airflow/dags/load_to_clickhouse.py
[2025-11-02T17:57:35.567+0000] {processor.py:840} INFO - DAG(s) 'load_csv_to_clickhouse' retrieved from /opt/airflow/dags/load_to_clickhouse.py
[2025-11-02T17:57:35.795+0000] {logging_mixin.py:188} INFO - [2025-11-02T17:57:35.793+0000] {dag.py:3036} INFO - Sync 1 DAGs
[2025-11-02T17:57:36.017+0000] {logging_mixin.py:188} INFO - [2025-11-02T17:57:36.016+0000] {dag.py:3823} INFO - Setting next_dagrun for load_csv_to_clickhouse to 2025-11-02 00:00:00+00:00, run_after=2025-11-09 00:00:00+00:00
[2025-11-02T17:57:36.225+0000] {processor.py:183} INFO - Processing /opt/airflow/dags/load_to_clickhouse.py took 16.719 seconds
[2025-11-02T17:58:07.685+0000] {processor.py:161} INFO - Started process (PID=2213) to work on /opt/airflow/dags/load_to_clickhouse.py
[2025-11-02T17:58:07.694+0000] {processor.py:830} INFO - Processing file /opt/airflow/dags/load_to_clickhouse.py for tasks to queue
[2025-11-02T17:58:07.704+0000] {logging_mixin.py:188} INFO - [2025-11-02T17:58:07.700+0000] {dagbag.py:538} INFO - Filling up the DagBag from /opt/airflow/dags/load_to_clickhouse.py
[2025-11-02T17:58:15.074+0000] {processor.py:840} INFO - DAG(s) 'load_csv_to_clickhouse' retrieved from /opt/airflow/dags/load_to_clickhouse.py
[2025-11-02T17:58:15.404+0000] {logging_mixin.py:188} INFO - [2025-11-02T17:58:15.402+0000] {dag.py:3036} INFO - Sync 1 DAGs
[2025-11-02T17:58:15.613+0000] {logging_mixin.py:188} INFO - [2025-11-02T17:58:15.612+0000] {dag.py:3823} INFO - Setting next_dagrun for load_csv_to_clickhouse to 2025-11-02 00:00:00+00:00, run_after=2025-11-09 00:00:00+00:00
[2025-11-02T17:58:15.794+0000] {processor.py:183} INFO - Processing /opt/airflow/dags/load_to_clickhouse.py took 8.166 seconds
[2025-11-02T17:58:54.469+0000] {processor.py:161} INFO - Started process (PID=2226) to work on /opt/airflow/dags/load_to_clickhouse.py
[2025-11-02T17:58:54.516+0000] {processor.py:830} INFO - Processing file /opt/airflow/dags/load_to_clickhouse.py for tasks to queue
[2025-11-02T17:58:54.588+0000] {logging_mixin.py:188} INFO - [2025-11-02T17:58:54.537+0000] {dagbag.py:538} INFO - Filling up the DagBag from /opt/airflow/dags/load_to_clickhouse.py
[2025-11-02T17:59:04.053+0000] {processor.py:840} INFO - DAG(s) 'load_csv_to_clickhouse' retrieved from /opt/airflow/dags/load_to_clickhouse.py
[2025-11-02T17:59:04.165+0000] {logging_mixin.py:188} INFO - [2025-11-02T17:59:04.164+0000] {dag.py:3036} INFO - Sync 1 DAGs
[2025-11-02T17:59:04.249+0000] {logging_mixin.py:188} INFO - [2025-11-02T17:59:04.248+0000] {dag.py:3823} INFO - Setting next_dagrun for load_csv_to_clickhouse to 2025-11-02 00:00:00+00:00, run_after=2025-11-09 00:00:00+00:00
[2025-11-02T17:59:04.318+0000] {processor.py:183} INFO - Processing /opt/airflow/dags/load_to_clickhouse.py took 9.929 seconds
[2025-11-02T17:59:45.345+0000] {processor.py:161} INFO - Started process (PID=2238) to work on /opt/airflow/dags/load_to_clickhouse.py
[2025-11-02T17:59:45.364+0000] {processor.py:830} INFO - Processing file /opt/airflow/dags/load_to_clickhouse.py for tasks to queue
[2025-11-02T17:59:45.390+0000] {logging_mixin.py:188} INFO - [2025-11-02T17:59:45.381+0000] {dagbag.py:538} INFO - Filling up the DagBag from /opt/airflow/dags/load_to_clickhouse.py
[2025-11-02T17:59:48.827+0000] {processor.py:840} INFO - DAG(s) 'load_csv_to_clickhouse' retrieved from /opt/airflow/dags/load_to_clickhouse.py
[2025-11-02T18:00:27.502+0000] {logging_mixin.py:188} INFO - [2025-11-02T18:00:27.491+0000] {dag.py:3036} INFO - Sync 1 DAGs
[2025-11-02T18:00:28.045+0000] {logging_mixin.py:188} INFO - [2025-11-02T18:00:28.043+0000] {dag.py:3823} INFO - Setting next_dagrun for load_csv_to_clickhouse to 2025-11-02 00:00:00+00:00, run_after=2025-11-09 00:00:00+00:00
[2025-11-02T18:00:28.318+0000] {processor.py:183} INFO - Processing /opt/airflow/dags/load_to_clickhouse.py took 43.122 seconds
[2025-11-02T18:01:04.696+0000] {processor.py:161} INFO - Started process (PID=2250) to work on /opt/airflow/dags/load_to_clickhouse.py
[2025-11-02T18:01:04.735+0000] {processor.py:830} INFO - Processing file /opt/airflow/dags/load_to_clickhouse.py for tasks to queue
[2025-11-02T18:01:04.784+0000] {logging_mixin.py:188} INFO - [2025-11-02T18:01:04.774+0000] {dagbag.py:538} INFO - Filling up the DagBag from /opt/airflow/dags/load_to_clickhouse.py
[2025-11-02T18:01:27.831+0000] {processor.py:840} INFO - DAG(s) 'load_csv_to_clickhouse' retrieved from /opt/airflow/dags/load_to_clickhouse.py
[2025-11-02T18:01:28.189+0000] {logging_mixin.py:188} INFO - [2025-11-02T18:01:28.188+0000] {dag.py:3036} INFO - Sync 1 DAGs
[2025-11-02T18:01:28.330+0000] {logging_mixin.py:188} INFO - [2025-11-02T18:01:28.330+0000] {dag.py:3823} INFO - Setting next_dagrun for load_csv_to_clickhouse to 2025-11-02 00:00:00+00:00, run_after=2025-11-09 00:00:00+00:00
[2025-11-02T18:01:28.451+0000] {processor.py:183} INFO - Processing /opt/airflow/dags/load_to_clickhouse.py took 24.026 seconds
[2025-11-02T18:02:05.912+0000] {processor.py:161} INFO - Started process (PID=2262) to work on /opt/airflow/dags/load_to_clickhouse.py
[2025-11-02T18:02:05.923+0000] {processor.py:830} INFO - Processing file /opt/airflow/dags/load_to_clickhouse.py for tasks to queue
[2025-11-02T18:02:05.948+0000] {logging_mixin.py:188} INFO - [2025-11-02T18:02:05.940+0000] {dagbag.py:538} INFO - Filling up the DagBag from /opt/airflow/dags/load_to_clickhouse.py
[2025-11-02T18:02:30.365+0000] {processor.py:840} INFO - DAG(s) 'load_csv_to_clickhouse' retrieved from /opt/airflow/dags/load_to_clickhouse.py
[2025-11-02T18:02:30.863+0000] {logging_mixin.py:188} INFO - [2025-11-02T18:02:30.850+0000] {dag.py:3036} INFO - Sync 1 DAGs
[2025-11-02T18:02:31.085+0000] {logging_mixin.py:188} INFO - [2025-11-02T18:02:31.084+0000] {dag.py:3823} INFO - Setting next_dagrun for load_csv_to_clickhouse to 2025-11-02 00:00:00+00:00, run_after=2025-11-09 00:00:00+00:00
[2025-11-02T18:02:31.258+0000] {processor.py:183} INFO - Processing /opt/airflow/dags/load_to_clickhouse.py took 25.656 seconds
[2025-11-02T18:03:02.846+0000] {processor.py:161} INFO - Started process (PID=2277) to work on /opt/airflow/dags/load_to_clickhouse.py
[2025-11-02T18:03:02.852+0000] {processor.py:830} INFO - Processing file /opt/airflow/dags/load_to_clickhouse.py for tasks to queue
[2025-11-02T18:03:02.859+0000] {logging_mixin.py:188} INFO - [2025-11-02T18:03:02.856+0000] {dagbag.py:538} INFO - Filling up the DagBag from /opt/airflow/dags/load_to_clickhouse.py
[2025-11-02T18:03:18.803+0000] {processor.py:840} INFO - DAG(s) 'load_csv_to_clickhouse' retrieved from /opt/airflow/dags/load_to_clickhouse.py
[2025-11-02T18:03:19.017+0000] {logging_mixin.py:188} INFO - [2025-11-02T18:03:19.015+0000] {dag.py:3036} INFO - Sync 1 DAGs
[2025-11-02T18:03:19.125+0000] {logging_mixin.py:188} INFO - [2025-11-02T18:03:19.124+0000] {dag.py:3823} INFO - Setting next_dagrun for load_csv_to_clickhouse to 2025-11-02 00:00:00+00:00, run_after=2025-11-09 00:00:00+00:00
[2025-11-02T18:03:19.219+0000] {processor.py:183} INFO - Processing /opt/airflow/dags/load_to_clickhouse.py took 16.398 seconds
[2025-11-02T18:03:51.481+0000] {processor.py:161} INFO - Started process (PID=2289) to work on /opt/airflow/dags/load_to_clickhouse.py
[2025-11-02T18:03:51.559+0000] {processor.py:830} INFO - Processing file /opt/airflow/dags/load_to_clickhouse.py for tasks to queue
[2025-11-02T18:03:51.669+0000] {logging_mixin.py:188} INFO - [2025-11-02T18:03:51.637+0000] {dagbag.py:538} INFO - Filling up the DagBag from /opt/airflow/dags/load_to_clickhouse.py
[2025-11-02T18:04:06.852+0000] {processor.py:840} INFO - DAG(s) 'load_csv_to_clickhouse' retrieved from /opt/airflow/dags/load_to_clickhouse.py
[2025-11-02T18:04:06.929+0000] {logging_mixin.py:188} INFO - [2025-11-02T18:04:06.928+0000] {dag.py:3036} INFO - Sync 1 DAGs
[2025-11-02T18:04:06.981+0000] {logging_mixin.py:188} INFO - [2025-11-02T18:04:06.980+0000] {dag.py:3823} INFO - Setting next_dagrun for load_csv_to_clickhouse to 2025-11-02 00:00:00+00:00, run_after=2025-11-09 00:00:00+00:00
[2025-11-02T18:04:07.028+0000] {processor.py:183} INFO - Processing /opt/airflow/dags/load_to_clickhouse.py took 16.130 seconds
[2025-11-02T18:04:37.439+0000] {processor.py:161} INFO - Started process (PID=2304) to work on /opt/airflow/dags/load_to_clickhouse.py
[2025-11-02T18:04:37.442+0000] {processor.py:830} INFO - Processing file /opt/airflow/dags/load_to_clickhouse.py for tasks to queue
[2025-11-02T18:04:37.445+0000] {logging_mixin.py:188} INFO - [2025-11-02T18:04:37.444+0000] {dagbag.py:538} INFO - Filling up the DagBag from /opt/airflow/dags/load_to_clickhouse.py
[2025-11-02T18:04:39.839+0000] {processor.py:840} INFO - DAG(s) 'load_csv_to_clickhouse' retrieved from /opt/airflow/dags/load_to_clickhouse.py
[2025-11-02T18:04:42.123+0000] {logging_mixin.py:188} INFO - [2025-11-02T18:04:42.105+0000] {dag.py:3036} INFO - Sync 1 DAGs
[2025-11-02T18:04:45.926+0000] {logging_mixin.py:188} INFO - [2025-11-02T18:04:45.921+0000] {dag.py:3823} INFO - Setting next_dagrun for load_csv_to_clickhouse to 2025-11-02 00:00:00+00:00, run_after=2025-11-09 00:00:00+00:00
[2025-11-02T18:04:48.696+0000] {processor.py:183} INFO - Processing /opt/airflow/dags/load_to_clickhouse.py took 11.264 seconds
[2025-11-02T18:05:22.591+0000] {processor.py:161} INFO - Started process (PID=2317) to work on /opt/airflow/dags/load_to_clickhouse.py
[2025-11-02T18:05:22.599+0000] {processor.py:830} INFO - Processing file /opt/airflow/dags/load_to_clickhouse.py for tasks to queue
[2025-11-02T18:05:22.606+0000] {logging_mixin.py:188} INFO - [2025-11-02T18:05:22.606+0000] {dagbag.py:538} INFO - Filling up the DagBag from /opt/airflow/dags/load_to_clickhouse.py
[2025-11-02T18:05:24.034+0000] {processor.py:840} INFO - DAG(s) 'load_csv_to_clickhouse' retrieved from /opt/airflow/dags/load_to_clickhouse.py
[2025-11-02T18:05:24.094+0000] {logging_mixin.py:188} INFO - [2025-11-02T18:05:24.093+0000] {dag.py:3036} INFO - Sync 1 DAGs
[2025-11-02T18:05:24.149+0000] {logging_mixin.py:188} INFO - [2025-11-02T18:05:24.148+0000] {dag.py:3823} INFO - Setting next_dagrun for load_csv_to_clickhouse to 2025-11-02 00:00:00+00:00, run_after=2025-11-09 00:00:00+00:00
[2025-11-02T18:05:24.203+0000] {processor.py:183} INFO - Processing /opt/airflow/dags/load_to_clickhouse.py took 1.645 seconds
[2025-11-02T18:05:54.410+0000] {processor.py:161} INFO - Started process (PID=2331) to work on /opt/airflow/dags/load_to_clickhouse.py
[2025-11-02T18:05:54.419+0000] {processor.py:830} INFO - Processing file /opt/airflow/dags/load_to_clickhouse.py for tasks to queue
[2025-11-02T18:05:54.425+0000] {logging_mixin.py:188} INFO - [2025-11-02T18:05:54.423+0000] {dagbag.py:538} INFO - Filling up the DagBag from /opt/airflow/dags/load_to_clickhouse.py
[2025-11-02T18:05:55.769+0000] {processor.py:840} INFO - DAG(s) 'load_csv_to_clickhouse' retrieved from /opt/airflow/dags/load_to_clickhouse.py
[2025-11-02T18:05:55.829+0000] {logging_mixin.py:188} INFO - [2025-11-02T18:05:55.828+0000] {dag.py:3036} INFO - Sync 1 DAGs
[2025-11-02T18:05:55.886+0000] {logging_mixin.py:188} INFO - [2025-11-02T18:05:55.885+0000] {dag.py:3823} INFO - Setting next_dagrun for load_csv_to_clickhouse to 2025-11-02 00:00:00+00:00, run_after=2025-11-09 00:00:00+00:00
[2025-11-02T18:05:55.933+0000] {processor.py:183} INFO - Processing /opt/airflow/dags/load_to_clickhouse.py took 1.534 seconds
[2025-11-02T18:06:26.931+0000] {processor.py:161} INFO - Started process (PID=2343) to work on /opt/airflow/dags/load_to_clickhouse.py
[2025-11-02T18:06:26.934+0000] {processor.py:830} INFO - Processing file /opt/airflow/dags/load_to_clickhouse.py for tasks to queue
[2025-11-02T18:06:26.936+0000] {logging_mixin.py:188} INFO - [2025-11-02T18:06:26.936+0000] {dagbag.py:538} INFO - Filling up the DagBag from /opt/airflow/dags/load_to_clickhouse.py
[2025-11-02T18:06:28.244+0000] {processor.py:840} INFO - DAG(s) 'load_csv_to_clickhouse' retrieved from /opt/airflow/dags/load_to_clickhouse.py
[2025-11-02T18:06:29.026+0000] {logging_mixin.py:188} INFO - [2025-11-02T18:06:29.025+0000] {dag.py:3036} INFO - Sync 1 DAGs
[2025-11-02T18:06:29.095+0000] {logging_mixin.py:188} INFO - [2025-11-02T18:06:29.094+0000] {dag.py:3823} INFO - Setting next_dagrun for load_csv_to_clickhouse to 2025-11-02 00:00:00+00:00, run_after=2025-11-09 00:00:00+00:00
[2025-11-02T18:06:29.155+0000] {processor.py:183} INFO - Processing /opt/airflow/dags/load_to_clickhouse.py took 2.268 seconds
[2025-11-02T18:07:00.928+0000] {processor.py:161} INFO - Started process (PID=2352) to work on /opt/airflow/dags/load_to_clickhouse.py
[2025-11-02T18:07:00.933+0000] {processor.py:830} INFO - Processing file /opt/airflow/dags/load_to_clickhouse.py for tasks to queue
[2025-11-02T18:07:00.944+0000] {logging_mixin.py:188} INFO - [2025-11-02T18:07:00.943+0000] {dagbag.py:538} INFO - Filling up the DagBag from /opt/airflow/dags/load_to_clickhouse.py
[2025-11-02T18:07:25.637+0000] {processor.py:840} INFO - DAG(s) 'load_csv_to_clickhouse' retrieved from /opt/airflow/dags/load_to_clickhouse.py
[2025-11-02T18:07:25.896+0000] {logging_mixin.py:188} INFO - [2025-11-02T18:07:25.893+0000] {dag.py:3036} INFO - Sync 1 DAGs
[2025-11-02T18:07:25.998+0000] {logging_mixin.py:188} INFO - [2025-11-02T18:07:25.997+0000] {dag.py:3823} INFO - Setting next_dagrun for load_csv_to_clickhouse to 2025-11-02 00:00:00+00:00, run_after=2025-11-09 00:00:00+00:00
[2025-11-02T18:07:26.119+0000] {processor.py:183} INFO - Processing /opt/airflow/dags/load_to_clickhouse.py took 25.213 seconds
[2025-11-02T18:07:56.657+0000] {processor.py:161} INFO - Started process (PID=2364) to work on /opt/airflow/dags/load_to_clickhouse.py
[2025-11-02T18:07:56.668+0000] {processor.py:830} INFO - Processing file /opt/airflow/dags/load_to_clickhouse.py for tasks to queue
[2025-11-02T18:07:56.675+0000] {logging_mixin.py:188} INFO - [2025-11-02T18:07:56.673+0000] {dagbag.py:538} INFO - Filling up the DagBag from /opt/airflow/dags/load_to_clickhouse.py
[2025-11-02T18:08:14.366+0000] {processor.py:840} INFO - DAG(s) 'load_csv_to_clickhouse' retrieved from /opt/airflow/dags/load_to_clickhouse.py
[2025-11-02T18:08:14.490+0000] {logging_mixin.py:188} INFO - [2025-11-02T18:08:14.489+0000] {dag.py:3036} INFO - Sync 1 DAGs
[2025-11-02T18:08:14.556+0000] {logging_mixin.py:188} INFO - [2025-11-02T18:08:14.555+0000] {dag.py:3823} INFO - Setting next_dagrun for load_csv_to_clickhouse to 2025-11-02 00:00:00+00:00, run_after=2025-11-09 00:00:00+00:00
[2025-11-02T18:08:14.656+0000] {processor.py:183} INFO - Processing /opt/airflow/dags/load_to_clickhouse.py took 18.072 seconds
[2025-11-02T18:08:45.482+0000] {processor.py:161} INFO - Started process (PID=2376) to work on /opt/airflow/dags/load_to_clickhouse.py
[2025-11-02T18:08:45.486+0000] {processor.py:830} INFO - Processing file /opt/airflow/dags/load_to_clickhouse.py for tasks to queue
[2025-11-02T18:08:45.489+0000] {logging_mixin.py:188} INFO - [2025-11-02T18:08:45.488+0000] {dagbag.py:538} INFO - Filling up the DagBag from /opt/airflow/dags/load_to_clickhouse.py
[2025-11-02T18:08:47.568+0000] {processor.py:840} INFO - DAG(s) 'load_csv_to_clickhouse' retrieved from /opt/airflow/dags/load_to_clickhouse.py
[2025-11-02T18:08:47.652+0000] {logging_mixin.py:188} INFO - [2025-11-02T18:08:47.651+0000] {dag.py:3036} INFO - Sync 1 DAGs
[2025-11-02T18:08:47.725+0000] {logging_mixin.py:188} INFO - [2025-11-02T18:08:47.724+0000] {dag.py:3823} INFO - Setting next_dagrun for load_csv_to_clickhouse to 2025-11-02 00:00:00+00:00, run_after=2025-11-09 00:00:00+00:00
[2025-11-02T18:08:47.796+0000] {processor.py:183} INFO - Processing /opt/airflow/dags/load_to_clickhouse.py took 2.323 seconds
[2025-11-02T18:09:19.714+0000] {processor.py:161} INFO - Started process (PID=2388) to work on /opt/airflow/dags/load_to_clickhouse.py
[2025-11-02T18:09:19.717+0000] {processor.py:830} INFO - Processing file /opt/airflow/dags/load_to_clickhouse.py for tasks to queue
[2025-11-02T18:09:19.720+0000] {logging_mixin.py:188} INFO - [2025-11-02T18:09:19.720+0000] {dagbag.py:538} INFO - Filling up the DagBag from /opt/airflow/dags/load_to_clickhouse.py
[2025-11-02T18:09:21.767+0000] {processor.py:840} INFO - DAG(s) 'load_csv_to_clickhouse' retrieved from /opt/airflow/dags/load_to_clickhouse.py
[2025-11-02T18:09:21.857+0000] {logging_mixin.py:188} INFO - [2025-11-02T18:09:21.856+0000] {dag.py:3036} INFO - Sync 1 DAGs
[2025-11-02T18:09:21.907+0000] {logging_mixin.py:188} INFO - [2025-11-02T18:09:21.907+0000] {dag.py:3823} INFO - Setting next_dagrun for load_csv_to_clickhouse to 2025-11-02 00:00:00+00:00, run_after=2025-11-09 00:00:00+00:00
[2025-11-02T18:09:21.966+0000] {processor.py:183} INFO - Processing /opt/airflow/dags/load_to_clickhouse.py took 2.260 seconds
[2025-11-02T18:09:52.258+0000] {processor.py:161} INFO - Started process (PID=2400) to work on /opt/airflow/dags/load_to_clickhouse.py
[2025-11-02T18:09:52.262+0000] {processor.py:830} INFO - Processing file /opt/airflow/dags/load_to_clickhouse.py for tasks to queue
[2025-11-02T18:09:52.266+0000] {logging_mixin.py:188} INFO - [2025-11-02T18:09:52.264+0000] {dagbag.py:538} INFO - Filling up the DagBag from /opt/airflow/dags/load_to_clickhouse.py
[2025-11-02T18:09:53.895+0000] {processor.py:840} INFO - DAG(s) 'load_csv_to_clickhouse' retrieved from /opt/airflow/dags/load_to_clickhouse.py
[2025-11-02T18:09:53.962+0000] {logging_mixin.py:188} INFO - [2025-11-02T18:09:53.961+0000] {dag.py:3036} INFO - Sync 1 DAGs
[2025-11-02T18:09:54.001+0000] {logging_mixin.py:188} INFO - [2025-11-02T18:09:54.001+0000] {dag.py:3823} INFO - Setting next_dagrun for load_csv_to_clickhouse to 2025-11-02 00:00:00+00:00, run_after=2025-11-09 00:00:00+00:00
[2025-11-02T18:09:54.050+0000] {processor.py:183} INFO - Processing /opt/airflow/dags/load_to_clickhouse.py took 1.805 seconds
[2025-11-02T18:10:28.593+0000] {processor.py:161} INFO - Started process (PID=2412) to work on /opt/airflow/dags/load_to_clickhouse.py
[2025-11-02T18:10:28.650+0000] {processor.py:830} INFO - Processing file /opt/airflow/dags/load_to_clickhouse.py for tasks to queue
[2025-11-02T18:10:28.708+0000] {logging_mixin.py:188} INFO - [2025-11-02T18:10:28.680+0000] {dagbag.py:538} INFO - Filling up the DagBag from /opt/airflow/dags/load_to_clickhouse.py
[2025-11-02T18:10:31.401+0000] {processor.py:840} INFO - DAG(s) 'load_csv_to_clickhouse' retrieved from /opt/airflow/dags/load_to_clickhouse.py
[2025-11-02T18:10:31.468+0000] {logging_mixin.py:188} INFO - [2025-11-02T18:10:31.467+0000] {dag.py:3036} INFO - Sync 1 DAGs
[2025-11-02T18:10:31.510+0000] {logging_mixin.py:188} INFO - [2025-11-02T18:10:31.509+0000] {dag.py:3823} INFO - Setting next_dagrun for load_csv_to_clickhouse to 2025-11-02 00:00:00+00:00, run_after=2025-11-09 00:00:00+00:00
[2025-11-02T18:10:31.558+0000] {processor.py:183} INFO - Processing /opt/airflow/dags/load_to_clickhouse.py took 3.144 seconds
[2025-11-02T18:11:01.994+0000] {processor.py:161} INFO - Started process (PID=2424) to work on /opt/airflow/dags/load_to_clickhouse.py
[2025-11-02T18:11:01.997+0000] {processor.py:830} INFO - Processing file /opt/airflow/dags/load_to_clickhouse.py for tasks to queue
[2025-11-02T18:11:01.999+0000] {logging_mixin.py:188} INFO - [2025-11-02T18:11:01.998+0000] {dagbag.py:538} INFO - Filling up the DagBag from /opt/airflow/dags/load_to_clickhouse.py
[2025-11-02T18:11:03.492+0000] {processor.py:840} INFO - DAG(s) 'load_csv_to_clickhouse' retrieved from /opt/airflow/dags/load_to_clickhouse.py
[2025-11-02T18:11:03.551+0000] {logging_mixin.py:188} INFO - [2025-11-02T18:11:03.550+0000] {dag.py:3036} INFO - Sync 1 DAGs
[2025-11-02T18:11:03.608+0000] {logging_mixin.py:188} INFO - [2025-11-02T18:11:03.608+0000] {dag.py:3823} INFO - Setting next_dagrun for load_csv_to_clickhouse to 2025-11-02 00:00:00+00:00, run_after=2025-11-09 00:00:00+00:00
[2025-11-02T18:11:03.654+0000] {processor.py:183} INFO - Processing /opt/airflow/dags/load_to_clickhouse.py took 1.667 seconds
[2025-11-02T18:11:33.931+0000] {processor.py:161} INFO - Started process (PID=2436) to work on /opt/airflow/dags/load_to_clickhouse.py
[2025-11-02T18:11:33.934+0000] {processor.py:830} INFO - Processing file /opt/airflow/dags/load_to_clickhouse.py for tasks to queue
[2025-11-02T18:11:33.939+0000] {logging_mixin.py:188} INFO - [2025-11-02T18:11:33.938+0000] {dagbag.py:538} INFO - Filling up the DagBag from /opt/airflow/dags/load_to_clickhouse.py
[2025-11-02T18:11:36.302+0000] {processor.py:840} INFO - DAG(s) 'load_csv_to_clickhouse' retrieved from /opt/airflow/dags/load_to_clickhouse.py
[2025-11-02T18:11:36.363+0000] {logging_mixin.py:188} INFO - [2025-11-02T18:11:36.362+0000] {dag.py:3036} INFO - Sync 1 DAGs
[2025-11-02T18:11:36.414+0000] {logging_mixin.py:188} INFO - [2025-11-02T18:11:36.413+0000] {dag.py:3823} INFO - Setting next_dagrun for load_csv_to_clickhouse to 2025-11-02 00:00:00+00:00, run_after=2025-11-09 00:00:00+00:00
[2025-11-02T18:11:36.467+0000] {processor.py:183} INFO - Processing /opt/airflow/dags/load_to_clickhouse.py took 2.544 seconds
[2025-11-02T18:12:06.882+0000] {processor.py:161} INFO - Started process (PID=2448) to work on /opt/airflow/dags/load_to_clickhouse.py
[2025-11-02T18:12:06.884+0000] {processor.py:830} INFO - Processing file /opt/airflow/dags/load_to_clickhouse.py for tasks to queue
[2025-11-02T18:12:06.887+0000] {logging_mixin.py:188} INFO - [2025-11-02T18:12:06.886+0000] {dagbag.py:538} INFO - Filling up the DagBag from /opt/airflow/dags/load_to_clickhouse.py
[2025-11-02T18:12:09.227+0000] {processor.py:840} INFO - DAG(s) 'load_csv_to_clickhouse' retrieved from /opt/airflow/dags/load_to_clickhouse.py
[2025-11-02T18:12:09.324+0000] {logging_mixin.py:188} INFO - [2025-11-02T18:12:09.323+0000] {dag.py:3036} INFO - Sync 1 DAGs
[2025-11-02T18:12:09.378+0000] {logging_mixin.py:188} INFO - [2025-11-02T18:12:09.378+0000] {dag.py:3823} INFO - Setting next_dagrun for load_csv_to_clickhouse to 2025-11-02 00:00:00+00:00, run_after=2025-11-09 00:00:00+00:00
[2025-11-02T18:12:09.428+0000] {processor.py:183} INFO - Processing /opt/airflow/dags/load_to_clickhouse.py took 2.553 seconds
[2025-11-02T18:12:40.012+0000] {processor.py:161} INFO - Started process (PID=2461) to work on /opt/airflow/dags/load_to_clickhouse.py
[2025-11-02T18:12:40.016+0000] {processor.py:830} INFO - Processing file /opt/airflow/dags/load_to_clickhouse.py for tasks to queue
[2025-11-02T18:12:40.019+0000] {logging_mixin.py:188} INFO - [2025-11-02T18:12:40.018+0000] {dagbag.py:538} INFO - Filling up the DagBag from /opt/airflow/dags/load_to_clickhouse.py
[2025-11-02T18:12:41.256+0000] {processor.py:840} INFO - DAG(s) 'load_csv_to_clickhouse' retrieved from /opt/airflow/dags/load_to_clickhouse.py
[2025-11-02T18:12:41.309+0000] {logging_mixin.py:188} INFO - [2025-11-02T18:12:41.308+0000] {dag.py:3036} INFO - Sync 1 DAGs
[2025-11-02T18:12:41.360+0000] {logging_mixin.py:188} INFO - [2025-11-02T18:12:41.358+0000] {dag.py:3823} INFO - Setting next_dagrun for load_csv_to_clickhouse to 2025-11-02 00:00:00+00:00, run_after=2025-11-09 00:00:00+00:00
[2025-11-02T18:12:41.414+0000] {processor.py:183} INFO - Processing /opt/airflow/dags/load_to_clickhouse.py took 1.412 seconds
[2025-11-02T18:13:12.106+0000] {processor.py:161} INFO - Started process (PID=2473) to work on /opt/airflow/dags/load_to_clickhouse.py
[2025-11-02T18:13:12.110+0000] {processor.py:830} INFO - Processing file /opt/airflow/dags/load_to_clickhouse.py for tasks to queue
[2025-11-02T18:13:12.113+0000] {logging_mixin.py:188} INFO - [2025-11-02T18:13:12.112+0000] {dagbag.py:538} INFO - Filling up the DagBag from /opt/airflow/dags/load_to_clickhouse.py
[2025-11-02T18:13:15.190+0000] {processor.py:840} INFO - DAG(s) 'load_csv_to_clickhouse' retrieved from /opt/airflow/dags/load_to_clickhouse.py
[2025-11-02T18:13:15.376+0000] {logging_mixin.py:188} INFO - [2025-11-02T18:13:15.375+0000] {dag.py:3036} INFO - Sync 1 DAGs
[2025-11-02T18:13:15.461+0000] {logging_mixin.py:188} INFO - [2025-11-02T18:13:15.460+0000] {dag.py:3823} INFO - Setting next_dagrun for load_csv_to_clickhouse to 2025-11-02 00:00:00+00:00, run_after=2025-11-09 00:00:00+00:00
[2025-11-02T18:13:15.534+0000] {processor.py:183} INFO - Processing /opt/airflow/dags/load_to_clickhouse.py took 3.436 seconds
[2025-11-02T18:13:46.405+0000] {processor.py:161} INFO - Started process (PID=2485) to work on /opt/airflow/dags/load_to_clickhouse.py
[2025-11-02T18:13:46.409+0000] {processor.py:830} INFO - Processing file /opt/airflow/dags/load_to_clickhouse.py for tasks to queue
[2025-11-02T18:13:46.413+0000] {logging_mixin.py:188} INFO - [2025-11-02T18:13:46.412+0000] {dagbag.py:538} INFO - Filling up the DagBag from /opt/airflow/dags/load_to_clickhouse.py
[2025-11-02T18:13:50.493+0000] {processor.py:840} INFO - DAG(s) 'load_csv_to_clickhouse' retrieved from /opt/airflow/dags/load_to_clickhouse.py
[2025-11-02T18:13:50.596+0000] {logging_mixin.py:188} INFO - [2025-11-02T18:13:50.595+0000] {dag.py:3036} INFO - Sync 1 DAGs
[2025-11-02T18:13:50.690+0000] {logging_mixin.py:188} INFO - [2025-11-02T18:13:50.689+0000] {dag.py:3823} INFO - Setting next_dagrun for load_csv_to_clickhouse to 2025-11-02 00:00:00+00:00, run_after=2025-11-09 00:00:00+00:00
[2025-11-02T18:13:50.754+0000] {processor.py:183} INFO - Processing /opt/airflow/dags/load_to_clickhouse.py took 4.360 seconds
[2025-11-02T18:14:31.502+0000] {processor.py:161} INFO - Started process (PID=2496) to work on /opt/airflow/dags/load_to_clickhouse.py
[2025-11-02T18:14:31.510+0000] {processor.py:830} INFO - Processing file /opt/airflow/dags/load_to_clickhouse.py for tasks to queue
[2025-11-02T18:14:31.544+0000] {logging_mixin.py:188} INFO - [2025-11-02T18:14:31.532+0000] {dagbag.py:538} INFO - Filling up the DagBag from /opt/airflow/dags/load_to_clickhouse.py
[2025-11-02T18:14:41.282+0000] {processor.py:840} INFO - DAG(s) 'load_csv_to_clickhouse' retrieved from /opt/airflow/dags/load_to_clickhouse.py
[2025-11-02T18:14:41.459+0000] {logging_mixin.py:188} INFO - [2025-11-02T18:14:41.458+0000] {dag.py:3036} INFO - Sync 1 DAGs
[2025-11-02T18:14:41.610+0000] {logging_mixin.py:188} INFO - [2025-11-02T18:14:41.608+0000] {dag.py:3823} INFO - Setting next_dagrun for load_csv_to_clickhouse to 2025-11-02 00:00:00+00:00, run_after=2025-11-09 00:00:00+00:00
[2025-11-02T18:14:41.796+0000] {processor.py:183} INFO - Processing /opt/airflow/dags/load_to_clickhouse.py took 12.267 seconds
[2025-11-02T18:15:12.391+0000] {processor.py:161} INFO - Started process (PID=2508) to work on /opt/airflow/dags/load_to_clickhouse.py
[2025-11-02T18:15:12.396+0000] {processor.py:830} INFO - Processing file /opt/airflow/dags/load_to_clickhouse.py for tasks to queue
[2025-11-02T18:15:12.405+0000] {logging_mixin.py:188} INFO - [2025-11-02T18:15:12.402+0000] {dagbag.py:538} INFO - Filling up the DagBag from /opt/airflow/dags/load_to_clickhouse.py
[2025-11-02T18:15:15.321+0000] {processor.py:840} INFO - DAG(s) 'load_csv_to_clickhouse' retrieved from /opt/airflow/dags/load_to_clickhouse.py
[2025-11-02T18:15:15.552+0000] {logging_mixin.py:188} INFO - [2025-11-02T18:15:15.551+0000] {dag.py:3036} INFO - Sync 1 DAGs
[2025-11-02T18:15:15.620+0000] {logging_mixin.py:188} INFO - [2025-11-02T18:15:15.619+0000] {dag.py:3823} INFO - Setting next_dagrun for load_csv_to_clickhouse to 2025-11-02 00:00:00+00:00, run_after=2025-11-09 00:00:00+00:00
[2025-11-02T18:15:15.692+0000] {processor.py:183} INFO - Processing /opt/airflow/dags/load_to_clickhouse.py took 3.349 seconds
[2025-11-02T18:15:46.582+0000] {processor.py:161} INFO - Started process (PID=2520) to work on /opt/airflow/dags/load_to_clickhouse.py
[2025-11-02T18:15:46.588+0000] {processor.py:830} INFO - Processing file /opt/airflow/dags/load_to_clickhouse.py for tasks to queue
[2025-11-02T18:15:46.592+0000] {logging_mixin.py:188} INFO - [2025-11-02T18:15:46.591+0000] {dagbag.py:538} INFO - Filling up the DagBag from /opt/airflow/dags/load_to_clickhouse.py
[2025-11-02T18:15:49.136+0000] {processor.py:840} INFO - DAG(s) 'load_csv_to_clickhouse' retrieved from /opt/airflow/dags/load_to_clickhouse.py
[2025-11-02T18:15:49.295+0000] {logging_mixin.py:188} INFO - [2025-11-02T18:15:49.294+0000] {dag.py:3036} INFO - Sync 1 DAGs
[2025-11-02T18:15:49.361+0000] {logging_mixin.py:188} INFO - [2025-11-02T18:15:49.361+0000] {dag.py:3823} INFO - Setting next_dagrun for load_csv_to_clickhouse to 2025-11-02 00:00:00+00:00, run_after=2025-11-09 00:00:00+00:00
[2025-11-02T18:15:49.427+0000] {processor.py:183} INFO - Processing /opt/airflow/dags/load_to_clickhouse.py took 2.878 seconds
[2025-11-02T18:16:19.904+0000] {processor.py:161} INFO - Started process (PID=2532) to work on /opt/airflow/dags/load_to_clickhouse.py
[2025-11-02T18:16:19.907+0000] {processor.py:830} INFO - Processing file /opt/airflow/dags/load_to_clickhouse.py for tasks to queue
[2025-11-02T18:16:19.909+0000] {logging_mixin.py:188} INFO - [2025-11-02T18:16:19.909+0000] {dagbag.py:538} INFO - Filling up the DagBag from /opt/airflow/dags/load_to_clickhouse.py
[2025-11-02T18:16:21.374+0000] {processor.py:840} INFO - DAG(s) 'load_csv_to_clickhouse' retrieved from /opt/airflow/dags/load_to_clickhouse.py
[2025-11-02T18:16:21.440+0000] {logging_mixin.py:188} INFO - [2025-11-02T18:16:21.440+0000] {dag.py:3036} INFO - Sync 1 DAGs
[2025-11-02T18:16:21.492+0000] {logging_mixin.py:188} INFO - [2025-11-02T18:16:21.491+0000] {dag.py:3823} INFO - Setting next_dagrun for load_csv_to_clickhouse to 2025-11-02 00:00:00+00:00, run_after=2025-11-09 00:00:00+00:00
[2025-11-02T18:16:21.541+0000] {processor.py:183} INFO - Processing /opt/airflow/dags/load_to_clickhouse.py took 1.644 seconds
[2025-11-02T18:16:52.082+0000] {processor.py:161} INFO - Started process (PID=2545) to work on /opt/airflow/dags/load_to_clickhouse.py
[2025-11-02T18:16:52.084+0000] {processor.py:830} INFO - Processing file /opt/airflow/dags/load_to_clickhouse.py for tasks to queue
[2025-11-02T18:16:52.087+0000] {logging_mixin.py:188} INFO - [2025-11-02T18:16:52.086+0000] {dagbag.py:538} INFO - Filling up the DagBag from /opt/airflow/dags/load_to_clickhouse.py
[2025-11-02T18:16:53.293+0000] {processor.py:840} INFO - DAG(s) 'load_csv_to_clickhouse' retrieved from /opt/airflow/dags/load_to_clickhouse.py
[2025-11-02T18:16:53.366+0000] {logging_mixin.py:188} INFO - [2025-11-02T18:16:53.365+0000] {dag.py:3036} INFO - Sync 1 DAGs
[2025-11-02T18:16:53.415+0000] {logging_mixin.py:188} INFO - [2025-11-02T18:16:53.414+0000] {dag.py:3823} INFO - Setting next_dagrun for load_csv_to_clickhouse to 2025-11-02 00:00:00+00:00, run_after=2025-11-09 00:00:00+00:00
[2025-11-02T18:16:53.456+0000] {processor.py:183} INFO - Processing /opt/airflow/dags/load_to_clickhouse.py took 1.384 seconds
[2025-11-02T18:17:24.087+0000] {processor.py:161} INFO - Started process (PID=2557) to work on /opt/airflow/dags/load_to_clickhouse.py
[2025-11-02T18:17:24.090+0000] {processor.py:830} INFO - Processing file /opt/airflow/dags/load_to_clickhouse.py for tasks to queue
[2025-11-02T18:17:24.094+0000] {logging_mixin.py:188} INFO - [2025-11-02T18:17:24.093+0000] {dagbag.py:538} INFO - Filling up the DagBag from /opt/airflow/dags/load_to_clickhouse.py
[2025-11-02T18:17:25.386+0000] {processor.py:840} INFO - DAG(s) 'load_csv_to_clickhouse' retrieved from /opt/airflow/dags/load_to_clickhouse.py
[2025-11-02T18:17:25.453+0000] {logging_mixin.py:188} INFO - [2025-11-02T18:17:25.452+0000] {dag.py:3036} INFO - Sync 1 DAGs
[2025-11-02T18:17:25.490+0000] {logging_mixin.py:188} INFO - [2025-11-02T18:17:25.489+0000] {dag.py:3823} INFO - Setting next_dagrun for load_csv_to_clickhouse to 2025-11-02 00:00:00+00:00, run_after=2025-11-09 00:00:00+00:00
[2025-11-02T18:17:25.535+0000] {processor.py:183} INFO - Processing /opt/airflow/dags/load_to_clickhouse.py took 1.466 seconds
[2025-11-02T18:17:56.066+0000] {processor.py:161} INFO - Started process (PID=2569) to work on /opt/airflow/dags/load_to_clickhouse.py
[2025-11-02T18:17:56.068+0000] {processor.py:830} INFO - Processing file /opt/airflow/dags/load_to_clickhouse.py for tasks to queue
[2025-11-02T18:17:56.071+0000] {logging_mixin.py:188} INFO - [2025-11-02T18:17:56.071+0000] {dagbag.py:538} INFO - Filling up the DagBag from /opt/airflow/dags/load_to_clickhouse.py
[2025-11-02T18:17:57.232+0000] {processor.py:840} INFO - DAG(s) 'load_csv_to_clickhouse' retrieved from /opt/airflow/dags/load_to_clickhouse.py
[2025-11-02T18:17:57.291+0000] {logging_mixin.py:188} INFO - [2025-11-02T18:17:57.290+0000] {dag.py:3036} INFO - Sync 1 DAGs
[2025-11-02T18:17:57.335+0000] {logging_mixin.py:188} INFO - [2025-11-02T18:17:57.334+0000] {dag.py:3823} INFO - Setting next_dagrun for load_csv_to_clickhouse to 2025-11-02 00:00:00+00:00, run_after=2025-11-09 00:00:00+00:00
[2025-11-02T18:17:57.394+0000] {processor.py:183} INFO - Processing /opt/airflow/dags/load_to_clickhouse.py took 1.335 seconds
[2025-11-02T18:18:27.743+0000] {processor.py:161} INFO - Started process (PID=2581) to work on /opt/airflow/dags/load_to_clickhouse.py
[2025-11-02T18:18:27.747+0000] {processor.py:830} INFO - Processing file /opt/airflow/dags/load_to_clickhouse.py for tasks to queue
[2025-11-02T18:18:27.752+0000] {logging_mixin.py:188} INFO - [2025-11-02T18:18:27.751+0000] {dagbag.py:538} INFO - Filling up the DagBag from /opt/airflow/dags/load_to_clickhouse.py
[2025-11-02T18:18:28.974+0000] {processor.py:840} INFO - DAG(s) 'load_csv_to_clickhouse' retrieved from /opt/airflow/dags/load_to_clickhouse.py
[2025-11-02T18:18:29.023+0000] {logging_mixin.py:188} INFO - [2025-11-02T18:18:29.022+0000] {dag.py:3036} INFO - Sync 1 DAGs
[2025-11-02T18:18:29.072+0000] {logging_mixin.py:188} INFO - [2025-11-02T18:18:29.072+0000] {dag.py:3823} INFO - Setting next_dagrun for load_csv_to_clickhouse to 2025-11-02 00:00:00+00:00, run_after=2025-11-09 00:00:00+00:00
[2025-11-02T18:18:29.114+0000] {processor.py:183} INFO - Processing /opt/airflow/dags/load_to_clickhouse.py took 1.388 seconds
[2025-11-02T18:18:59.557+0000] {processor.py:161} INFO - Started process (PID=2593) to work on /opt/airflow/dags/load_to_clickhouse.py
[2025-11-02T18:18:59.560+0000] {processor.py:830} INFO - Processing file /opt/airflow/dags/load_to_clickhouse.py for tasks to queue
[2025-11-02T18:18:59.564+0000] {logging_mixin.py:188} INFO - [2025-11-02T18:18:59.563+0000] {dagbag.py:538} INFO - Filling up the DagBag from /opt/airflow/dags/load_to_clickhouse.py
[2025-11-02T18:19:00.999+0000] {processor.py:840} INFO - DAG(s) 'load_csv_to_clickhouse' retrieved from /opt/airflow/dags/load_to_clickhouse.py
[2025-11-02T18:19:01.056+0000] {logging_mixin.py:188} INFO - [2025-11-02T18:19:01.055+0000] {dag.py:3036} INFO - Sync 1 DAGs
[2025-11-02T18:19:01.110+0000] {logging_mixin.py:188} INFO - [2025-11-02T18:19:01.109+0000] {dag.py:3823} INFO - Setting next_dagrun for load_csv_to_clickhouse to 2025-11-02 00:00:00+00:00, run_after=2025-11-09 00:00:00+00:00
[2025-11-02T18:19:01.171+0000] {processor.py:183} INFO - Processing /opt/airflow/dags/load_to_clickhouse.py took 1.620 seconds
[2025-11-02T18:19:31.469+0000] {processor.py:161} INFO - Started process (PID=2607) to work on /opt/airflow/dags/load_to_clickhouse.py
[2025-11-02T18:19:31.471+0000] {processor.py:830} INFO - Processing file /opt/airflow/dags/load_to_clickhouse.py for tasks to queue
[2025-11-02T18:19:31.473+0000] {logging_mixin.py:188} INFO - [2025-11-02T18:19:31.472+0000] {dagbag.py:538} INFO - Filling up the DagBag from /opt/airflow/dags/load_to_clickhouse.py
[2025-11-02T18:19:32.572+0000] {processor.py:840} INFO - DAG(s) 'load_csv_to_clickhouse' retrieved from /opt/airflow/dags/load_to_clickhouse.py
[2025-11-02T18:19:32.627+0000] {logging_mixin.py:188} INFO - [2025-11-02T18:19:32.626+0000] {dag.py:3036} INFO - Sync 1 DAGs
[2025-11-02T18:19:32.660+0000] {logging_mixin.py:188} INFO - [2025-11-02T18:19:32.660+0000] {dag.py:3823} INFO - Setting next_dagrun for load_csv_to_clickhouse to 2025-11-02 00:00:00+00:00, run_after=2025-11-09 00:00:00+00:00
[2025-11-02T18:19:32.698+0000] {processor.py:183} INFO - Processing /opt/airflow/dags/load_to_clickhouse.py took 1.236 seconds
[2025-11-02T18:20:02.934+0000] {processor.py:161} INFO - Started process (PID=2617) to work on /opt/airflow/dags/load_to_clickhouse.py
[2025-11-02T18:20:02.936+0000] {processor.py:830} INFO - Processing file /opt/airflow/dags/load_to_clickhouse.py for tasks to queue
[2025-11-02T18:20:02.939+0000] {logging_mixin.py:188} INFO - [2025-11-02T18:20:02.938+0000] {dagbag.py:538} INFO - Filling up the DagBag from /opt/airflow/dags/load_to_clickhouse.py
[2025-11-02T18:20:04.593+0000] {processor.py:840} INFO - DAG(s) 'load_csv_to_clickhouse' retrieved from /opt/airflow/dags/load_to_clickhouse.py
[2025-11-02T18:20:04.663+0000] {logging_mixin.py:188} INFO - [2025-11-02T18:20:04.662+0000] {dag.py:3036} INFO - Sync 1 DAGs
[2025-11-02T18:20:04.715+0000] {logging_mixin.py:188} INFO - [2025-11-02T18:20:04.714+0000] {dag.py:3823} INFO - Setting next_dagrun for load_csv_to_clickhouse to 2025-11-02 00:00:00+00:00, run_after=2025-11-09 00:00:00+00:00
[2025-11-02T18:20:04.767+0000] {processor.py:183} INFO - Processing /opt/airflow/dags/load_to_clickhouse.py took 1.841 seconds
[2025-11-02T18:20:35.608+0000] {processor.py:161} INFO - Started process (PID=2631) to work on /opt/airflow/dags/load_to_clickhouse.py
[2025-11-02T18:20:35.611+0000] {processor.py:830} INFO - Processing file /opt/airflow/dags/load_to_clickhouse.py for tasks to queue
[2025-11-02T18:20:35.614+0000] {logging_mixin.py:188} INFO - [2025-11-02T18:20:35.613+0000] {dagbag.py:538} INFO - Filling up the DagBag from /opt/airflow/dags/load_to_clickhouse.py
[2025-11-02T18:20:36.835+0000] {processor.py:840} INFO - DAG(s) 'load_csv_to_clickhouse' retrieved from /opt/airflow/dags/load_to_clickhouse.py
[2025-11-02T18:20:36.909+0000] {logging_mixin.py:188} INFO - [2025-11-02T18:20:36.908+0000] {dag.py:3036} INFO - Sync 1 DAGs
[2025-11-02T18:20:36.957+0000] {logging_mixin.py:188} INFO - [2025-11-02T18:20:36.956+0000] {dag.py:3823} INFO - Setting next_dagrun for load_csv_to_clickhouse to 2025-11-02 00:00:00+00:00, run_after=2025-11-09 00:00:00+00:00
[2025-11-02T18:20:37.047+0000] {processor.py:183} INFO - Processing /opt/airflow/dags/load_to_clickhouse.py took 1.448 seconds
[2025-11-02T18:21:07.217+0000] {processor.py:161} INFO - Started process (PID=2643) to work on /opt/airflow/dags/load_to_clickhouse.py
[2025-11-02T18:21:07.220+0000] {processor.py:830} INFO - Processing file /opt/airflow/dags/load_to_clickhouse.py for tasks to queue
[2025-11-02T18:21:07.222+0000] {logging_mixin.py:188} INFO - [2025-11-02T18:21:07.222+0000] {dagbag.py:538} INFO - Filling up the DagBag from /opt/airflow/dags/load_to_clickhouse.py
[2025-11-02T18:21:08.445+0000] {processor.py:840} INFO - DAG(s) 'load_csv_to_clickhouse' retrieved from /opt/airflow/dags/load_to_clickhouse.py
[2025-11-02T18:21:08.525+0000] {logging_mixin.py:188} INFO - [2025-11-02T18:21:08.525+0000] {dag.py:3036} INFO - Sync 1 DAGs
[2025-11-02T18:21:08.622+0000] {logging_mixin.py:188} INFO - [2025-11-02T18:21:08.621+0000] {dag.py:3823} INFO - Setting next_dagrun for load_csv_to_clickhouse to 2025-11-02 00:00:00+00:00, run_after=2025-11-09 00:00:00+00:00
[2025-11-02T18:21:08.680+0000] {processor.py:183} INFO - Processing /opt/airflow/dags/load_to_clickhouse.py took 1.469 seconds
[2025-11-02T18:21:39.010+0000] {processor.py:161} INFO - Started process (PID=2655) to work on /opt/airflow/dags/load_to_clickhouse.py
[2025-11-02T18:21:39.012+0000] {processor.py:830} INFO - Processing file /opt/airflow/dags/load_to_clickhouse.py for tasks to queue
[2025-11-02T18:21:39.014+0000] {logging_mixin.py:188} INFO - [2025-11-02T18:21:39.013+0000] {dagbag.py:538} INFO - Filling up the DagBag from /opt/airflow/dags/load_to_clickhouse.py
[2025-11-02T18:21:40.250+0000] {processor.py:840} INFO - DAG(s) 'load_csv_to_clickhouse' retrieved from /opt/airflow/dags/load_to_clickhouse.py
[2025-11-02T18:21:40.301+0000] {logging_mixin.py:188} INFO - [2025-11-02T18:21:40.301+0000] {dag.py:3036} INFO - Sync 1 DAGs
[2025-11-02T18:21:40.350+0000] {logging_mixin.py:188} INFO - [2025-11-02T18:21:40.349+0000] {dag.py:3823} INFO - Setting next_dagrun for load_csv_to_clickhouse to 2025-11-02 00:00:00+00:00, run_after=2025-11-09 00:00:00+00:00
[2025-11-02T18:21:40.392+0000] {processor.py:183} INFO - Processing /opt/airflow/dags/load_to_clickhouse.py took 1.388 seconds
[2025-11-02T18:22:10.655+0000] {processor.py:161} INFO - Started process (PID=2667) to work on /opt/airflow/dags/load_to_clickhouse.py
[2025-11-02T18:22:10.658+0000] {processor.py:830} INFO - Processing file /opt/airflow/dags/load_to_clickhouse.py for tasks to queue
[2025-11-02T18:22:10.661+0000] {logging_mixin.py:188} INFO - [2025-11-02T18:22:10.660+0000] {dagbag.py:538} INFO - Filling up the DagBag from /opt/airflow/dags/load_to_clickhouse.py
[2025-11-02T18:22:11.845+0000] {processor.py:840} INFO - DAG(s) 'load_csv_to_clickhouse' retrieved from /opt/airflow/dags/load_to_clickhouse.py
[2025-11-02T18:22:11.902+0000] {logging_mixin.py:188} INFO - [2025-11-02T18:22:11.901+0000] {dag.py:3036} INFO - Sync 1 DAGs
[2025-11-02T18:22:11.946+0000] {logging_mixin.py:188} INFO - [2025-11-02T18:22:11.946+0000] {dag.py:3823} INFO - Setting next_dagrun for load_csv_to_clickhouse to 2025-11-02 00:00:00+00:00, run_after=2025-11-09 00:00:00+00:00
[2025-11-02T18:22:12.001+0000] {processor.py:183} INFO - Processing /opt/airflow/dags/load_to_clickhouse.py took 1.357 seconds
[2025-11-02T18:22:42.223+0000] {processor.py:161} INFO - Started process (PID=2679) to work on /opt/airflow/dags/load_to_clickhouse.py
[2025-11-02T18:22:42.226+0000] {processor.py:830} INFO - Processing file /opt/airflow/dags/load_to_clickhouse.py for tasks to queue
[2025-11-02T18:22:42.228+0000] {logging_mixin.py:188} INFO - [2025-11-02T18:22:42.228+0000] {dagbag.py:538} INFO - Filling up the DagBag from /opt/airflow/dags/load_to_clickhouse.py
[2025-11-02T18:22:43.316+0000] {processor.py:840} INFO - DAG(s) 'load_csv_to_clickhouse' retrieved from /opt/airflow/dags/load_to_clickhouse.py
[2025-11-02T18:22:43.375+0000] {logging_mixin.py:188} INFO - [2025-11-02T18:22:43.375+0000] {dag.py:3036} INFO - Sync 1 DAGs
[2025-11-02T18:22:43.413+0000] {logging_mixin.py:188} INFO - [2025-11-02T18:22:43.412+0000] {dag.py:3823} INFO - Setting next_dagrun for load_csv_to_clickhouse to 2025-11-02 00:00:00+00:00, run_after=2025-11-09 00:00:00+00:00
[2025-11-02T18:22:43.456+0000] {processor.py:183} INFO - Processing /opt/airflow/dags/load_to_clickhouse.py took 1.241 seconds
[2025-11-02T18:23:13.780+0000] {processor.py:161} INFO - Started process (PID=2691) to work on /opt/airflow/dags/load_to_clickhouse.py
[2025-11-02T18:23:13.783+0000] {processor.py:830} INFO - Processing file /opt/airflow/dags/load_to_clickhouse.py for tasks to queue
[2025-11-02T18:23:13.785+0000] {logging_mixin.py:188} INFO - [2025-11-02T18:23:13.785+0000] {dagbag.py:538} INFO - Filling up the DagBag from /opt/airflow/dags/load_to_clickhouse.py
[2025-11-02T18:23:15.055+0000] {processor.py:840} INFO - DAG(s) 'load_csv_to_clickhouse' retrieved from /opt/airflow/dags/load_to_clickhouse.py
[2025-11-02T18:23:15.128+0000] {logging_mixin.py:188} INFO - [2025-11-02T18:23:15.127+0000] {dag.py:3036} INFO - Sync 1 DAGs
[2025-11-02T18:23:15.184+0000] {logging_mixin.py:188} INFO - [2025-11-02T18:23:15.183+0000] {dag.py:3823} INFO - Setting next_dagrun for load_csv_to_clickhouse to 2025-11-02 00:00:00+00:00, run_after=2025-11-09 00:00:00+00:00
[2025-11-02T18:23:15.233+0000] {processor.py:183} INFO - Processing /opt/airflow/dags/load_to_clickhouse.py took 1.462 seconds
[2025-11-02T18:23:45.400+0000] {processor.py:161} INFO - Started process (PID=2703) to work on /opt/airflow/dags/load_to_clickhouse.py
[2025-11-02T18:23:45.403+0000] {processor.py:830} INFO - Processing file /opt/airflow/dags/load_to_clickhouse.py for tasks to queue
[2025-11-02T18:23:45.405+0000] {logging_mixin.py:188} INFO - [2025-11-02T18:23:45.405+0000] {dagbag.py:538} INFO - Filling up the DagBag from /opt/airflow/dags/load_to_clickhouse.py
[2025-11-02T18:23:46.734+0000] {processor.py:840} INFO - DAG(s) 'load_csv_to_clickhouse' retrieved from /opt/airflow/dags/load_to_clickhouse.py
[2025-11-02T18:23:46.833+0000] {logging_mixin.py:188} INFO - [2025-11-02T18:23:46.832+0000] {dag.py:3036} INFO - Sync 1 DAGs
[2025-11-02T18:23:46.976+0000] {logging_mixin.py:188} INFO - [2025-11-02T18:23:46.976+0000] {dag.py:3823} INFO - Setting next_dagrun for load_csv_to_clickhouse to 2025-11-02 00:00:00+00:00, run_after=2025-11-09 00:00:00+00:00
[2025-11-02T18:23:47.022+0000] {processor.py:183} INFO - Processing /opt/airflow/dags/load_to_clickhouse.py took 1.630 seconds
[2025-11-02T18:24:17.231+0000] {processor.py:161} INFO - Started process (PID=2715) to work on /opt/airflow/dags/load_to_clickhouse.py
[2025-11-02T18:24:17.233+0000] {processor.py:830} INFO - Processing file /opt/airflow/dags/load_to_clickhouse.py for tasks to queue
[2025-11-02T18:24:17.235+0000] {logging_mixin.py:188} INFO - [2025-11-02T18:24:17.234+0000] {dagbag.py:538} INFO - Filling up the DagBag from /opt/airflow/dags/load_to_clickhouse.py
[2025-11-02T18:24:18.523+0000] {processor.py:840} INFO - DAG(s) 'load_csv_to_clickhouse' retrieved from /opt/airflow/dags/load_to_clickhouse.py
[2025-11-02T18:24:18.580+0000] {logging_mixin.py:188} INFO - [2025-11-02T18:24:18.579+0000] {dag.py:3036} INFO - Sync 1 DAGs
[2025-11-02T18:24:18.623+0000] {logging_mixin.py:188} INFO - [2025-11-02T18:24:18.623+0000] {dag.py:3823} INFO - Setting next_dagrun for load_csv_to_clickhouse to 2025-11-02 00:00:00+00:00, run_after=2025-11-09 00:00:00+00:00
[2025-11-02T18:24:18.670+0000] {processor.py:183} INFO - Processing /opt/airflow/dags/load_to_clickhouse.py took 1.461 seconds
[2025-11-02T18:24:48.863+0000] {processor.py:161} INFO - Started process (PID=2727) to work on /opt/airflow/dags/load_to_clickhouse.py
[2025-11-02T18:24:48.866+0000] {processor.py:830} INFO - Processing file /opt/airflow/dags/load_to_clickhouse.py for tasks to queue
[2025-11-02T18:24:48.868+0000] {logging_mixin.py:188} INFO - [2025-11-02T18:24:48.868+0000] {dagbag.py:538} INFO - Filling up the DagBag from /opt/airflow/dags/load_to_clickhouse.py
[2025-11-02T18:24:50.166+0000] {processor.py:840} INFO - DAG(s) 'load_csv_to_clickhouse' retrieved from /opt/airflow/dags/load_to_clickhouse.py
[2025-11-02T18:24:50.228+0000] {logging_mixin.py:188} INFO - [2025-11-02T18:24:50.227+0000] {dag.py:3036} INFO - Sync 1 DAGs
[2025-11-02T18:24:50.264+0000] {logging_mixin.py:188} INFO - [2025-11-02T18:24:50.264+0000] {dag.py:3823} INFO - Setting next_dagrun for load_csv_to_clickhouse to 2025-11-02 00:00:00+00:00, run_after=2025-11-09 00:00:00+00:00
[2025-11-02T18:24:50.321+0000] {processor.py:183} INFO - Processing /opt/airflow/dags/load_to_clickhouse.py took 1.471 seconds
[2025-11-02T18:25:20.604+0000] {processor.py:161} INFO - Started process (PID=2739) to work on /opt/airflow/dags/load_to_clickhouse.py
[2025-11-02T18:25:20.606+0000] {processor.py:830} INFO - Processing file /opt/airflow/dags/load_to_clickhouse.py for tasks to queue
[2025-11-02T18:25:20.609+0000] {logging_mixin.py:188} INFO - [2025-11-02T18:25:20.608+0000] {dagbag.py:538} INFO - Filling up the DagBag from /opt/airflow/dags/load_to_clickhouse.py
[2025-11-02T18:25:21.913+0000] {processor.py:840} INFO - DAG(s) 'load_csv_to_clickhouse' retrieved from /opt/airflow/dags/load_to_clickhouse.py
[2025-11-02T18:25:21.985+0000] {logging_mixin.py:188} INFO - [2025-11-02T18:25:21.984+0000] {dag.py:3036} INFO - Sync 1 DAGs
[2025-11-02T18:25:22.030+0000] {logging_mixin.py:188} INFO - [2025-11-02T18:25:22.029+0000] {dag.py:3823} INFO - Setting next_dagrun for load_csv_to_clickhouse to 2025-11-02 00:00:00+00:00, run_after=2025-11-09 00:00:00+00:00
[2025-11-02T18:25:22.071+0000] {processor.py:183} INFO - Processing /opt/airflow/dags/load_to_clickhouse.py took 1.474 seconds
[2025-11-02T18:25:53.061+0000] {processor.py:161} INFO - Started process (PID=2751) to work on /opt/airflow/dags/load_to_clickhouse.py
[2025-11-02T18:25:53.064+0000] {processor.py:830} INFO - Processing file /opt/airflow/dags/load_to_clickhouse.py for tasks to queue
[2025-11-02T18:25:53.067+0000] {logging_mixin.py:188} INFO - [2025-11-02T18:25:53.066+0000] {dagbag.py:538} INFO - Filling up the DagBag from /opt/airflow/dags/load_to_clickhouse.py
[2025-11-02T18:25:54.487+0000] {processor.py:840} INFO - DAG(s) 'load_csv_to_clickhouse' retrieved from /opt/airflow/dags/load_to_clickhouse.py
[2025-11-02T18:25:54.602+0000] {logging_mixin.py:188} INFO - [2025-11-02T18:25:54.592+0000] {dag.py:3036} INFO - Sync 1 DAGs
[2025-11-02T18:25:54.723+0000] {logging_mixin.py:188} INFO - [2025-11-02T18:25:54.722+0000] {dag.py:3823} INFO - Setting next_dagrun for load_csv_to_clickhouse to 2025-11-02 00:00:00+00:00, run_after=2025-11-09 00:00:00+00:00
[2025-11-02T18:25:54.786+0000] {processor.py:183} INFO - Processing /opt/airflow/dags/load_to_clickhouse.py took 1.730 seconds
[2025-11-02T18:26:25.031+0000] {processor.py:161} INFO - Started process (PID=2763) to work on /opt/airflow/dags/load_to_clickhouse.py
[2025-11-02T18:26:25.034+0000] {processor.py:830} INFO - Processing file /opt/airflow/dags/load_to_clickhouse.py for tasks to queue
[2025-11-02T18:26:25.036+0000] {logging_mixin.py:188} INFO - [2025-11-02T18:26:25.036+0000] {dagbag.py:538} INFO - Filling up the DagBag from /opt/airflow/dags/load_to_clickhouse.py
[2025-11-02T18:26:26.891+0000] {processor.py:840} INFO - DAG(s) 'load_csv_to_clickhouse' retrieved from /opt/airflow/dags/load_to_clickhouse.py
[2025-11-02T18:26:26.944+0000] {logging_mixin.py:188} INFO - [2025-11-02T18:26:26.943+0000] {dag.py:3036} INFO - Sync 1 DAGs
[2025-11-02T18:26:26.990+0000] {logging_mixin.py:188} INFO - [2025-11-02T18:26:26.989+0000] {dag.py:3823} INFO - Setting next_dagrun for load_csv_to_clickhouse to 2025-11-02 00:00:00+00:00, run_after=2025-11-09 00:00:00+00:00
[2025-11-02T18:26:27.032+0000] {processor.py:183} INFO - Processing /opt/airflow/dags/load_to_clickhouse.py took 2.008 seconds
[2025-11-02T18:26:57.596+0000] {processor.py:161} INFO - Started process (PID=2775) to work on /opt/airflow/dags/load_to_clickhouse.py
[2025-11-02T18:26:57.599+0000] {processor.py:830} INFO - Processing file /opt/airflow/dags/load_to_clickhouse.py for tasks to queue
[2025-11-02T18:26:57.601+0000] {logging_mixin.py:188} INFO - [2025-11-02T18:26:57.601+0000] {dagbag.py:538} INFO - Filling up the DagBag from /opt/airflow/dags/load_to_clickhouse.py
[2025-11-02T18:26:58.715+0000] {processor.py:840} INFO - DAG(s) 'load_csv_to_clickhouse' retrieved from /opt/airflow/dags/load_to_clickhouse.py
[2025-11-02T18:26:58.778+0000] {logging_mixin.py:188} INFO - [2025-11-02T18:26:58.778+0000] {dag.py:3036} INFO - Sync 1 DAGs
[2025-11-02T18:26:58.844+0000] {logging_mixin.py:188} INFO - [2025-11-02T18:26:58.843+0000] {dag.py:3823} INFO - Setting next_dagrun for load_csv_to_clickhouse to 2025-11-02 00:00:00+00:00, run_after=2025-11-09 00:00:00+00:00
[2025-11-02T18:26:58.904+0000] {processor.py:183} INFO - Processing /opt/airflow/dags/load_to_clickhouse.py took 1.369 seconds
[2025-11-02T18:27:29.427+0000] {processor.py:161} INFO - Started process (PID=2787) to work on /opt/airflow/dags/load_to_clickhouse.py
[2025-11-02T18:27:29.430+0000] {processor.py:830} INFO - Processing file /opt/airflow/dags/load_to_clickhouse.py for tasks to queue
[2025-11-02T18:27:29.433+0000] {logging_mixin.py:188} INFO - [2025-11-02T18:27:29.432+0000] {dagbag.py:538} INFO - Filling up the DagBag from /opt/airflow/dags/load_to_clickhouse.py
[2025-11-02T18:27:30.825+0000] {processor.py:840} INFO - DAG(s) 'load_csv_to_clickhouse' retrieved from /opt/airflow/dags/load_to_clickhouse.py
[2025-11-02T18:27:30.906+0000] {logging_mixin.py:188} INFO - [2025-11-02T18:27:30.905+0000] {dag.py:3036} INFO - Sync 1 DAGs
[2025-11-02T18:27:30.962+0000] {logging_mixin.py:188} INFO - [2025-11-02T18:27:30.962+0000] {dag.py:3823} INFO - Setting next_dagrun for load_csv_to_clickhouse to 2025-11-02 00:00:00+00:00, run_after=2025-11-09 00:00:00+00:00
[2025-11-02T18:27:31.006+0000] {processor.py:183} INFO - Processing /opt/airflow/dags/load_to_clickhouse.py took 1.587 seconds
[2025-11-02T18:28:01.157+0000] {processor.py:161} INFO - Started process (PID=2799) to work on /opt/airflow/dags/load_to_clickhouse.py
[2025-11-02T18:28:01.159+0000] {processor.py:830} INFO - Processing file /opt/airflow/dags/load_to_clickhouse.py for tasks to queue
[2025-11-02T18:28:01.161+0000] {logging_mixin.py:188} INFO - [2025-11-02T18:28:01.161+0000] {dagbag.py:538} INFO - Filling up the DagBag from /opt/airflow/dags/load_to_clickhouse.py
[2025-11-02T18:28:02.312+0000] {processor.py:840} INFO - DAG(s) 'load_csv_to_clickhouse' retrieved from /opt/airflow/dags/load_to_clickhouse.py
[2025-11-02T18:28:02.369+0000] {logging_mixin.py:188} INFO - [2025-11-02T18:28:02.368+0000] {dag.py:3036} INFO - Sync 1 DAGs
[2025-11-02T18:28:02.421+0000] {logging_mixin.py:188} INFO - [2025-11-02T18:28:02.421+0000] {dag.py:3823} INFO - Setting next_dagrun for load_csv_to_clickhouse to 2025-11-02 00:00:00+00:00, run_after=2025-11-09 00:00:00+00:00
[2025-11-02T18:28:02.465+0000] {processor.py:183} INFO - Processing /opt/airflow/dags/load_to_clickhouse.py took 1.314 seconds
[2025-11-02T18:28:32.860+0000] {processor.py:161} INFO - Started process (PID=2811) to work on /opt/airflow/dags/load_to_clickhouse.py
[2025-11-02T18:28:32.862+0000] {processor.py:830} INFO - Processing file /opt/airflow/dags/load_to_clickhouse.py for tasks to queue
[2025-11-02T18:28:32.864+0000] {logging_mixin.py:188} INFO - [2025-11-02T18:28:32.864+0000] {dagbag.py:538} INFO - Filling up the DagBag from /opt/airflow/dags/load_to_clickhouse.py
[2025-11-02T18:28:33.904+0000] {processor.py:840} INFO - DAG(s) 'load_csv_to_clickhouse' retrieved from /opt/airflow/dags/load_to_clickhouse.py
[2025-11-02T18:28:33.963+0000] {logging_mixin.py:188} INFO - [2025-11-02T18:28:33.962+0000] {dag.py:3036} INFO - Sync 1 DAGs
[2025-11-02T18:28:34.014+0000] {logging_mixin.py:188} INFO - [2025-11-02T18:28:34.014+0000] {dag.py:3823} INFO - Setting next_dagrun for load_csv_to_clickhouse to 2025-11-02 00:00:00+00:00, run_after=2025-11-09 00:00:00+00:00
[2025-11-02T18:28:34.054+0000] {processor.py:183} INFO - Processing /opt/airflow/dags/load_to_clickhouse.py took 1.200 seconds
[2025-11-02T18:29:04.619+0000] {processor.py:161} INFO - Started process (PID=2823) to work on /opt/airflow/dags/load_to_clickhouse.py
[2025-11-02T18:29:04.622+0000] {processor.py:830} INFO - Processing file /opt/airflow/dags/load_to_clickhouse.py for tasks to queue
[2025-11-02T18:29:04.625+0000] {logging_mixin.py:188} INFO - [2025-11-02T18:29:04.624+0000] {dagbag.py:538} INFO - Filling up the DagBag from /opt/airflow/dags/load_to_clickhouse.py
[2025-11-02T18:29:05.858+0000] {processor.py:840} INFO - DAG(s) 'load_csv_to_clickhouse' retrieved from /opt/airflow/dags/load_to_clickhouse.py
[2025-11-02T18:29:05.925+0000] {logging_mixin.py:188} INFO - [2025-11-02T18:29:05.924+0000] {dag.py:3036} INFO - Sync 1 DAGs
[2025-11-02T18:29:05.967+0000] {logging_mixin.py:188} INFO - [2025-11-02T18:29:05.966+0000] {dag.py:3823} INFO - Setting next_dagrun for load_csv_to_clickhouse to 2025-11-02 00:00:00+00:00, run_after=2025-11-09 00:00:00+00:00
[2025-11-02T18:29:06.013+0000] {processor.py:183} INFO - Processing /opt/airflow/dags/load_to_clickhouse.py took 1.405 seconds
[2025-11-02T18:29:36.425+0000] {processor.py:161} INFO - Started process (PID=2835) to work on /opt/airflow/dags/load_to_clickhouse.py
[2025-11-02T18:29:36.428+0000] {processor.py:830} INFO - Processing file /opt/airflow/dags/load_to_clickhouse.py for tasks to queue
[2025-11-02T18:29:36.431+0000] {logging_mixin.py:188} INFO - [2025-11-02T18:29:36.430+0000] {dagbag.py:538} INFO - Filling up the DagBag from /opt/airflow/dags/load_to_clickhouse.py
[2025-11-02T18:29:37.596+0000] {processor.py:840} INFO - DAG(s) 'load_csv_to_clickhouse' retrieved from /opt/airflow/dags/load_to_clickhouse.py
[2025-11-02T18:29:37.657+0000] {logging_mixin.py:188} INFO - [2025-11-02T18:29:37.656+0000] {dag.py:3036} INFO - Sync 1 DAGs
[2025-11-02T18:29:37.722+0000] {logging_mixin.py:188} INFO - [2025-11-02T18:29:37.721+0000] {dag.py:3823} INFO - Setting next_dagrun for load_csv_to_clickhouse to 2025-11-02 00:00:00+00:00, run_after=2025-11-09 00:00:00+00:00
[2025-11-02T18:29:37.773+0000] {processor.py:183} INFO - Processing /opt/airflow/dags/load_to_clickhouse.py took 1.358 seconds
[2025-11-02T18:30:08.263+0000] {processor.py:161} INFO - Started process (PID=2847) to work on /opt/airflow/dags/load_to_clickhouse.py
[2025-11-02T18:30:08.265+0000] {processor.py:830} INFO - Processing file /opt/airflow/dags/load_to_clickhouse.py for tasks to queue
[2025-11-02T18:30:08.268+0000] {logging_mixin.py:188} INFO - [2025-11-02T18:30:08.267+0000] {dagbag.py:538} INFO - Filling up the DagBag from /opt/airflow/dags/load_to_clickhouse.py
[2025-11-02T18:30:09.679+0000] {processor.py:840} INFO - DAG(s) 'load_csv_to_clickhouse' retrieved from /opt/airflow/dags/load_to_clickhouse.py
[2025-11-02T18:30:09.752+0000] {logging_mixin.py:188} INFO - [2025-11-02T18:30:09.751+0000] {dag.py:3036} INFO - Sync 1 DAGs
[2025-11-02T18:30:09.813+0000] {logging_mixin.py:188} INFO - [2025-11-02T18:30:09.813+0000] {dag.py:3823} INFO - Setting next_dagrun for load_csv_to_clickhouse to 2025-11-02 00:00:00+00:00, run_after=2025-11-09 00:00:00+00:00
[2025-11-02T18:30:09.868+0000] {processor.py:183} INFO - Processing /opt/airflow/dags/load_to_clickhouse.py took 1.611 seconds
[2025-11-02T18:30:40.759+0000] {processor.py:161} INFO - Started process (PID=2859) to work on /opt/airflow/dags/load_to_clickhouse.py
[2025-11-02T18:30:40.761+0000] {processor.py:830} INFO - Processing file /opt/airflow/dags/load_to_clickhouse.py for tasks to queue
[2025-11-02T18:30:40.763+0000] {logging_mixin.py:188} INFO - [2025-11-02T18:30:40.763+0000] {dagbag.py:538} INFO - Filling up the DagBag from /opt/airflow/dags/load_to_clickhouse.py
[2025-11-02T18:30:42.019+0000] {processor.py:840} INFO - DAG(s) 'load_csv_to_clickhouse' retrieved from /opt/airflow/dags/load_to_clickhouse.py
[2025-11-02T18:30:42.085+0000] {logging_mixin.py:188} INFO - [2025-11-02T18:30:42.084+0000] {dag.py:3036} INFO - Sync 1 DAGs
[2025-11-02T18:30:42.138+0000] {logging_mixin.py:188} INFO - [2025-11-02T18:30:42.138+0000] {dag.py:3823} INFO - Setting next_dagrun for load_csv_to_clickhouse to 2025-11-02 00:00:00+00:00, run_after=2025-11-09 00:00:00+00:00
[2025-11-02T18:30:42.183+0000] {processor.py:183} INFO - Processing /opt/airflow/dags/load_to_clickhouse.py took 1.430 seconds
[2025-11-02T18:31:12.559+0000] {processor.py:161} INFO - Started process (PID=2871) to work on /opt/airflow/dags/load_to_clickhouse.py
[2025-11-02T18:31:12.562+0000] {processor.py:830} INFO - Processing file /opt/airflow/dags/load_to_clickhouse.py for tasks to queue
[2025-11-02T18:31:12.566+0000] {logging_mixin.py:188} INFO - [2025-11-02T18:31:12.565+0000] {dagbag.py:538} INFO - Filling up the DagBag from /opt/airflow/dags/load_to_clickhouse.py
[2025-11-02T18:31:13.957+0000] {processor.py:840} INFO - DAG(s) 'load_csv_to_clickhouse' retrieved from /opt/airflow/dags/load_to_clickhouse.py
[2025-11-02T18:31:14.020+0000] {logging_mixin.py:188} INFO - [2025-11-02T18:31:14.019+0000] {dag.py:3036} INFO - Sync 1 DAGs
[2025-11-02T18:31:14.066+0000] {logging_mixin.py:188} INFO - [2025-11-02T18:31:14.066+0000] {dag.py:3823} INFO - Setting next_dagrun for load_csv_to_clickhouse to 2025-11-02 00:00:00+00:00, run_after=2025-11-09 00:00:00+00:00
[2025-11-02T18:31:14.111+0000] {processor.py:183} INFO - Processing /opt/airflow/dags/load_to_clickhouse.py took 1.560 seconds
[2025-11-02T18:31:44.359+0000] {processor.py:161} INFO - Started process (PID=2883) to work on /opt/airflow/dags/load_to_clickhouse.py
[2025-11-02T18:31:44.363+0000] {processor.py:830} INFO - Processing file /opt/airflow/dags/load_to_clickhouse.py for tasks to queue
[2025-11-02T18:31:44.367+0000] {logging_mixin.py:188} INFO - [2025-11-02T18:31:44.366+0000] {dagbag.py:538} INFO - Filling up the DagBag from /opt/airflow/dags/load_to_clickhouse.py
[2025-11-02T18:31:46.735+0000] {processor.py:840} INFO - DAG(s) 'load_csv_to_clickhouse' retrieved from /opt/airflow/dags/load_to_clickhouse.py
[2025-11-02T18:31:46.836+0000] {logging_mixin.py:188} INFO - [2025-11-02T18:31:46.835+0000] {dag.py:3036} INFO - Sync 1 DAGs
[2025-11-02T18:31:46.913+0000] {logging_mixin.py:188} INFO - [2025-11-02T18:31:46.913+0000] {dag.py:3823} INFO - Setting next_dagrun for load_csv_to_clickhouse to 2025-11-02 00:00:00+00:00, run_after=2025-11-09 00:00:00+00:00
[2025-11-02T18:31:47.001+0000] {processor.py:183} INFO - Processing /opt/airflow/dags/load_to_clickhouse.py took 2.654 seconds
[2025-11-02T18:32:17.387+0000] {processor.py:161} INFO - Started process (PID=2895) to work on /opt/airflow/dags/load_to_clickhouse.py
[2025-11-02T18:32:17.390+0000] {processor.py:830} INFO - Processing file /opt/airflow/dags/load_to_clickhouse.py for tasks to queue
[2025-11-02T18:32:17.394+0000] {logging_mixin.py:188} INFO - [2025-11-02T18:32:17.393+0000] {dagbag.py:538} INFO - Filling up the DagBag from /opt/airflow/dags/load_to_clickhouse.py
[2025-11-02T18:32:18.794+0000] {processor.py:840} INFO - DAG(s) 'load_csv_to_clickhouse' retrieved from /opt/airflow/dags/load_to_clickhouse.py
[2025-11-02T18:32:18.845+0000] {logging_mixin.py:188} INFO - [2025-11-02T18:32:18.845+0000] {dag.py:3036} INFO - Sync 1 DAGs
[2025-11-02T18:32:18.892+0000] {logging_mixin.py:188} INFO - [2025-11-02T18:32:18.891+0000] {dag.py:3823} INFO - Setting next_dagrun for load_csv_to_clickhouse to 2025-11-02 00:00:00+00:00, run_after=2025-11-09 00:00:00+00:00
[2025-11-02T18:32:18.953+0000] {processor.py:183} INFO - Processing /opt/airflow/dags/load_to_clickhouse.py took 1.575 seconds
[2025-11-02T18:32:49.601+0000] {processor.py:161} INFO - Started process (PID=2907) to work on /opt/airflow/dags/load_to_clickhouse.py
[2025-11-02T18:32:49.604+0000] {processor.py:830} INFO - Processing file /opt/airflow/dags/load_to_clickhouse.py for tasks to queue
[2025-11-02T18:32:49.607+0000] {logging_mixin.py:188} INFO - [2025-11-02T18:32:49.606+0000] {dagbag.py:538} INFO - Filling up the DagBag from /opt/airflow/dags/load_to_clickhouse.py
[2025-11-02T18:32:51.237+0000] {processor.py:840} INFO - DAG(s) 'load_csv_to_clickhouse' retrieved from /opt/airflow/dags/load_to_clickhouse.py
[2025-11-02T18:32:51.293+0000] {logging_mixin.py:188} INFO - [2025-11-02T18:32:51.292+0000] {dag.py:3036} INFO - Sync 1 DAGs
[2025-11-02T18:32:51.351+0000] {logging_mixin.py:188} INFO - [2025-11-02T18:32:51.351+0000] {dag.py:3823} INFO - Setting next_dagrun for load_csv_to_clickhouse to 2025-11-02 00:00:00+00:00, run_after=2025-11-09 00:00:00+00:00
[2025-11-02T18:32:51.408+0000] {processor.py:183} INFO - Processing /opt/airflow/dags/load_to_clickhouse.py took 1.817 seconds
[2025-11-02T18:33:21.991+0000] {processor.py:161} INFO - Started process (PID=2919) to work on /opt/airflow/dags/load_to_clickhouse.py
[2025-11-02T18:33:21.993+0000] {processor.py:830} INFO - Processing file /opt/airflow/dags/load_to_clickhouse.py for tasks to queue
[2025-11-02T18:33:21.995+0000] {logging_mixin.py:188} INFO - [2025-11-02T18:33:21.995+0000] {dagbag.py:538} INFO - Filling up the DagBag from /opt/airflow/dags/load_to_clickhouse.py
[2025-11-02T18:33:23.587+0000] {processor.py:840} INFO - DAG(s) 'load_csv_to_clickhouse' retrieved from /opt/airflow/dags/load_to_clickhouse.py
[2025-11-02T18:33:23.657+0000] {logging_mixin.py:188} INFO - [2025-11-02T18:33:23.656+0000] {dag.py:3036} INFO - Sync 1 DAGs
[2025-11-02T18:33:23.714+0000] {logging_mixin.py:188} INFO - [2025-11-02T18:33:23.714+0000] {dag.py:3823} INFO - Setting next_dagrun for load_csv_to_clickhouse to 2025-11-02 00:00:00+00:00, run_after=2025-11-09 00:00:00+00:00
[2025-11-02T18:33:23.765+0000] {processor.py:183} INFO - Processing /opt/airflow/dags/load_to_clickhouse.py took 1.781 seconds
[2025-11-02T18:33:54.694+0000] {processor.py:161} INFO - Started process (PID=2931) to work on /opt/airflow/dags/load_to_clickhouse.py
[2025-11-02T18:33:54.698+0000] {processor.py:830} INFO - Processing file /opt/airflow/dags/load_to_clickhouse.py for tasks to queue
[2025-11-02T18:33:54.700+0000] {logging_mixin.py:188} INFO - [2025-11-02T18:33:54.700+0000] {dagbag.py:538} INFO - Filling up the DagBag from /opt/airflow/dags/load_to_clickhouse.py
[2025-11-02T18:33:56.090+0000] {processor.py:840} INFO - DAG(s) 'load_csv_to_clickhouse' retrieved from /opt/airflow/dags/load_to_clickhouse.py
[2025-11-02T18:33:56.156+0000] {logging_mixin.py:188} INFO - [2025-11-02T18:33:56.155+0000] {dag.py:3036} INFO - Sync 1 DAGs
[2025-11-02T18:33:56.208+0000] {logging_mixin.py:188} INFO - [2025-11-02T18:33:56.207+0000] {dag.py:3823} INFO - Setting next_dagrun for load_csv_to_clickhouse to 2025-11-02 00:00:00+00:00, run_after=2025-11-09 00:00:00+00:00
[2025-11-02T18:33:56.254+0000] {processor.py:183} INFO - Processing /opt/airflow/dags/load_to_clickhouse.py took 1.572 seconds
[2025-11-02T18:34:29.546+0000] {processor.py:161} INFO - Started process (PID=2940) to work on /opt/airflow/dags/load_to_clickhouse.py
[2025-11-02T18:34:29.567+0000] {processor.py:830} INFO - Processing file /opt/airflow/dags/load_to_clickhouse.py for tasks to queue
[2025-11-02T18:34:29.591+0000] {logging_mixin.py:188} INFO - [2025-11-02T18:34:29.583+0000] {dagbag.py:538} INFO - Filling up the DagBag from /opt/airflow/dags/load_to_clickhouse.py
[2025-11-02T18:34:34.516+0000] {processor.py:840} INFO - DAG(s) 'load_csv_to_clickhouse' retrieved from /opt/airflow/dags/load_to_clickhouse.py
[2025-11-02T18:34:35.273+0000] {logging_mixin.py:188} INFO - [2025-11-02T18:34:35.272+0000] {dag.py:3036} INFO - Sync 1 DAGs
[2025-11-02T18:34:35.529+0000] {logging_mixin.py:188} INFO - [2025-11-02T18:34:35.529+0000] {dag.py:3823} INFO - Setting next_dagrun for load_csv_to_clickhouse to 2025-11-02 00:00:00+00:00, run_after=2025-11-09 00:00:00+00:00
[2025-11-02T18:34:35.717+0000] {processor.py:183} INFO - Processing /opt/airflow/dags/load_to_clickhouse.py took 6.206 seconds
[2025-11-02T18:35:07.099+0000] {processor.py:161} INFO - Started process (PID=2952) to work on /opt/airflow/dags/load_to_clickhouse.py
[2025-11-02T18:35:07.110+0000] {processor.py:830} INFO - Processing file /opt/airflow/dags/load_to_clickhouse.py for tasks to queue
[2025-11-02T18:35:07.132+0000] {logging_mixin.py:188} INFO - [2025-11-02T18:35:07.124+0000] {dagbag.py:538} INFO - Filling up the DagBag from /opt/airflow/dags/load_to_clickhouse.py
[2025-11-02T18:35:20.438+0000] {processor.py:840} INFO - DAG(s) 'load_csv_to_clickhouse' retrieved from /opt/airflow/dags/load_to_clickhouse.py
[2025-11-02T18:35:20.626+0000] {logging_mixin.py:188} INFO - [2025-11-02T18:35:20.625+0000] {dag.py:3036} INFO - Sync 1 DAGs
[2025-11-02T18:35:20.727+0000] {logging_mixin.py:188} INFO - [2025-11-02T18:35:20.726+0000] {dag.py:3823} INFO - Setting next_dagrun for load_csv_to_clickhouse to 2025-11-02 00:00:00+00:00, run_after=2025-11-09 00:00:00+00:00
[2025-11-02T18:35:20.821+0000] {processor.py:183} INFO - Processing /opt/airflow/dags/load_to_clickhouse.py took 13.839 seconds
[2025-11-02T18:35:55.059+0000] {processor.py:161} INFO - Started process (PID=2964) to work on /opt/airflow/dags/load_to_clickhouse.py
[2025-11-02T18:35:55.075+0000] {processor.py:830} INFO - Processing file /opt/airflow/dags/load_to_clickhouse.py for tasks to queue
[2025-11-02T18:35:55.085+0000] {logging_mixin.py:188} INFO - [2025-11-02T18:35:55.083+0000] {dagbag.py:538} INFO - Filling up the DagBag from /opt/airflow/dags/load_to_clickhouse.py
[2025-11-02T18:36:02.870+0000] {processor.py:840} INFO - DAG(s) 'load_csv_to_clickhouse' retrieved from /opt/airflow/dags/load_to_clickhouse.py
[2025-11-02T18:36:03.729+0000] {logging_mixin.py:188} INFO - [2025-11-02T18:36:03.728+0000] {dag.py:3036} INFO - Sync 1 DAGs
[2025-11-02T18:36:03.836+0000] {logging_mixin.py:188} INFO - [2025-11-02T18:36:03.835+0000] {dag.py:3823} INFO - Setting next_dagrun for load_csv_to_clickhouse to 2025-11-02 00:00:00+00:00, run_after=2025-11-09 00:00:00+00:00
[2025-11-02T18:36:03.938+0000] {processor.py:183} INFO - Processing /opt/airflow/dags/load_to_clickhouse.py took 9.249 seconds
[2025-11-02T18:36:43.497+0000] {processor.py:161} INFO - Started process (PID=2975) to work on /opt/airflow/dags/load_to_clickhouse.py
[2025-11-02T18:36:43.522+0000] {processor.py:830} INFO - Processing file /opt/airflow/dags/load_to_clickhouse.py for tasks to queue
[2025-11-02T18:36:43.553+0000] {logging_mixin.py:188} INFO - [2025-11-02T18:36:43.540+0000] {dagbag.py:538} INFO - Filling up the DagBag from /opt/airflow/dags/load_to_clickhouse.py
[2025-11-02T18:36:53.776+0000] {processor.py:840} INFO - DAG(s) 'load_csv_to_clickhouse' retrieved from /opt/airflow/dags/load_to_clickhouse.py
[2025-11-02T18:36:54.085+0000] {logging_mixin.py:188} INFO - [2025-11-02T18:36:54.083+0000] {dag.py:3036} INFO - Sync 1 DAGs
[2025-11-02T18:36:54.216+0000] {logging_mixin.py:188} INFO - [2025-11-02T18:36:54.215+0000] {dag.py:3823} INFO - Setting next_dagrun for load_csv_to_clickhouse to 2025-11-02 00:00:00+00:00, run_after=2025-11-09 00:00:00+00:00
[2025-11-02T18:36:54.332+0000] {processor.py:183} INFO - Processing /opt/airflow/dags/load_to_clickhouse.py took 11.200 seconds
[2025-11-02T18:37:25.432+0000] {processor.py:161} INFO - Started process (PID=2988) to work on /opt/airflow/dags/load_to_clickhouse.py
[2025-11-02T18:37:25.437+0000] {processor.py:830} INFO - Processing file /opt/airflow/dags/load_to_clickhouse.py for tasks to queue
[2025-11-02T18:37:25.444+0000] {logging_mixin.py:188} INFO - [2025-11-02T18:37:25.442+0000] {dagbag.py:538} INFO - Filling up the DagBag from /opt/airflow/dags/load_to_clickhouse.py
[2025-11-02T18:37:30.198+0000] {processor.py:840} INFO - DAG(s) 'load_csv_to_clickhouse' retrieved from /opt/airflow/dags/load_to_clickhouse.py
[2025-11-02T18:37:30.540+0000] {logging_mixin.py:188} INFO - [2025-11-02T18:37:30.539+0000] {dag.py:3036} INFO - Sync 1 DAGs
[2025-11-02T18:37:30.653+0000] {logging_mixin.py:188} INFO - [2025-11-02T18:37:30.652+0000] {dag.py:3823} INFO - Setting next_dagrun for load_csv_to_clickhouse to 2025-11-02 00:00:00+00:00, run_after=2025-11-09 00:00:00+00:00
[2025-11-02T18:37:30.737+0000] {processor.py:183} INFO - Processing /opt/airflow/dags/load_to_clickhouse.py took 5.372 seconds
[2025-11-02T18:38:03.619+0000] {processor.py:161} INFO - Started process (PID=3000) to work on /opt/airflow/dags/load_to_clickhouse.py
[2025-11-02T18:38:03.685+0000] {processor.py:830} INFO - Processing file /opt/airflow/dags/load_to_clickhouse.py for tasks to queue
[2025-11-02T18:38:03.721+0000] {logging_mixin.py:188} INFO - [2025-11-02T18:38:03.707+0000] {dagbag.py:538} INFO - Filling up the DagBag from /opt/airflow/dags/load_to_clickhouse.py
[2025-11-02T18:38:13.985+0000] {processor.py:840} INFO - DAG(s) 'load_csv_to_clickhouse' retrieved from /opt/airflow/dags/load_to_clickhouse.py
[2025-11-02T18:38:14.047+0000] {logging_mixin.py:188} INFO - [2025-11-02T18:38:14.046+0000] {dag.py:3036} INFO - Sync 1 DAGs
[2025-11-02T18:38:14.090+0000] {logging_mixin.py:188} INFO - [2025-11-02T18:38:14.089+0000] {dag.py:3823} INFO - Setting next_dagrun for load_csv_to_clickhouse to 2025-11-02 00:00:00+00:00, run_after=2025-11-09 00:00:00+00:00
[2025-11-02T18:38:14.132+0000] {processor.py:183} INFO - Processing /opt/airflow/dags/load_to_clickhouse.py took 10.898 seconds
[2025-11-02T18:38:44.616+0000] {processor.py:161} INFO - Started process (PID=3013) to work on /opt/airflow/dags/load_to_clickhouse.py
[2025-11-02T18:38:44.619+0000] {processor.py:830} INFO - Processing file /opt/airflow/dags/load_to_clickhouse.py for tasks to queue
[2025-11-02T18:38:44.622+0000] {logging_mixin.py:188} INFO - [2025-11-02T18:38:44.621+0000] {dagbag.py:538} INFO - Filling up the DagBag from /opt/airflow/dags/load_to_clickhouse.py
[2025-11-02T18:38:45.889+0000] {processor.py:840} INFO - DAG(s) 'load_csv_to_clickhouse' retrieved from /opt/airflow/dags/load_to_clickhouse.py
[2025-11-02T18:38:45.936+0000] {logging_mixin.py:188} INFO - [2025-11-02T18:38:45.935+0000] {dag.py:3036} INFO - Sync 1 DAGs
[2025-11-02T18:38:45.986+0000] {logging_mixin.py:188} INFO - [2025-11-02T18:38:45.986+0000] {dag.py:3823} INFO - Setting next_dagrun for load_csv_to_clickhouse to 2025-11-02 00:00:00+00:00, run_after=2025-11-09 00:00:00+00:00
[2025-11-02T18:38:46.032+0000] {processor.py:183} INFO - Processing /opt/airflow/dags/load_to_clickhouse.py took 1.424 seconds
[2025-11-02T18:39:16.544+0000] {processor.py:161} INFO - Started process (PID=3025) to work on /opt/airflow/dags/load_to_clickhouse.py
[2025-11-02T18:39:16.547+0000] {processor.py:830} INFO - Processing file /opt/airflow/dags/load_to_clickhouse.py for tasks to queue
[2025-11-02T18:39:16.550+0000] {logging_mixin.py:188} INFO - [2025-11-02T18:39:16.549+0000] {dagbag.py:538} INFO - Filling up the DagBag from /opt/airflow/dags/load_to_clickhouse.py
[2025-11-02T18:39:17.808+0000] {processor.py:840} INFO - DAG(s) 'load_csv_to_clickhouse' retrieved from /opt/airflow/dags/load_to_clickhouse.py
[2025-11-02T18:39:17.873+0000] {logging_mixin.py:188} INFO - [2025-11-02T18:39:17.872+0000] {dag.py:3036} INFO - Sync 1 DAGs
[2025-11-02T18:39:17.939+0000] {logging_mixin.py:188} INFO - [2025-11-02T18:39:17.939+0000] {dag.py:3823} INFO - Setting next_dagrun for load_csv_to_clickhouse to 2025-11-02 00:00:00+00:00, run_after=2025-11-09 00:00:00+00:00
[2025-11-02T18:39:17.996+0000] {processor.py:183} INFO - Processing /opt/airflow/dags/load_to_clickhouse.py took 1.461 seconds
[2025-11-02T18:39:48.476+0000] {processor.py:161} INFO - Started process (PID=3037) to work on /opt/airflow/dags/load_to_clickhouse.py
[2025-11-02T18:39:48.479+0000] {processor.py:830} INFO - Processing file /opt/airflow/dags/load_to_clickhouse.py for tasks to queue
[2025-11-02T18:39:48.481+0000] {logging_mixin.py:188} INFO - [2025-11-02T18:39:48.480+0000] {dagbag.py:538} INFO - Filling up the DagBag from /opt/airflow/dags/load_to_clickhouse.py
[2025-11-02T18:39:49.679+0000] {processor.py:840} INFO - DAG(s) 'load_csv_to_clickhouse' retrieved from /opt/airflow/dags/load_to_clickhouse.py
[2025-11-02T18:39:49.741+0000] {logging_mixin.py:188} INFO - [2025-11-02T18:39:49.741+0000] {dag.py:3036} INFO - Sync 1 DAGs
[2025-11-02T18:39:49.781+0000] {logging_mixin.py:188} INFO - [2025-11-02T18:39:49.780+0000] {dag.py:3823} INFO - Setting next_dagrun for load_csv_to_clickhouse to 2025-11-02 00:00:00+00:00, run_after=2025-11-09 00:00:00+00:00
[2025-11-02T18:39:49.825+0000] {processor.py:183} INFO - Processing /opt/airflow/dags/load_to_clickhouse.py took 1.357 seconds
[2025-11-02T18:40:20.138+0000] {processor.py:161} INFO - Started process (PID=3049) to work on /opt/airflow/dags/load_to_clickhouse.py
[2025-11-02T18:40:20.143+0000] {processor.py:830} INFO - Processing file /opt/airflow/dags/load_to_clickhouse.py for tasks to queue
[2025-11-02T18:40:20.146+0000] {logging_mixin.py:188} INFO - [2025-11-02T18:40:20.145+0000] {dagbag.py:538} INFO - Filling up the DagBag from /opt/airflow/dags/load_to_clickhouse.py
[2025-11-02T18:40:21.343+0000] {processor.py:840} INFO - DAG(s) 'load_csv_to_clickhouse' retrieved from /opt/airflow/dags/load_to_clickhouse.py
[2025-11-02T18:40:21.391+0000] {logging_mixin.py:188} INFO - [2025-11-02T18:40:21.390+0000] {dag.py:3036} INFO - Sync 1 DAGs
[2025-11-02T18:40:21.435+0000] {logging_mixin.py:188} INFO - [2025-11-02T18:40:21.434+0000] {dag.py:3823} INFO - Setting next_dagrun for load_csv_to_clickhouse to 2025-11-02 00:00:00+00:00, run_after=2025-11-09 00:00:00+00:00
[2025-11-02T18:40:21.498+0000] {processor.py:183} INFO - Processing /opt/airflow/dags/load_to_clickhouse.py took 1.370 seconds
[2025-11-02T18:40:56.130+0000] {processor.py:161} INFO - Started process (PID=3060) to work on /opt/airflow/dags/load_to_clickhouse.py
[2025-11-02T18:40:56.185+0000] {processor.py:830} INFO - Processing file /opt/airflow/dags/load_to_clickhouse.py for tasks to queue
[2025-11-02T18:40:56.261+0000] {logging_mixin.py:188} INFO - [2025-11-02T18:40:56.246+0000] {dagbag.py:538} INFO - Filling up the DagBag from /opt/airflow/dags/load_to_clickhouse.py
[2025-11-02T18:41:10.849+0000] {processor.py:840} INFO - DAG(s) 'load_csv_to_clickhouse' retrieved from /opt/airflow/dags/load_to_clickhouse.py
[2025-11-02T18:41:10.986+0000] {logging_mixin.py:188} INFO - [2025-11-02T18:41:10.984+0000] {dag.py:3036} INFO - Sync 1 DAGs
[2025-11-02T18:41:11.097+0000] {logging_mixin.py:188} INFO - [2025-11-02T18:41:11.095+0000] {dag.py:3823} INFO - Setting next_dagrun for load_csv_to_clickhouse to 2025-11-02 00:00:00+00:00, run_after=2025-11-09 00:00:00+00:00
[2025-11-02T18:41:11.177+0000] {processor.py:183} INFO - Processing /opt/airflow/dags/load_to_clickhouse.py took 15.852 seconds
[2025-11-02T18:41:49.248+0000] {processor.py:161} INFO - Started process (PID=3072) to work on /opt/airflow/dags/load_to_clickhouse.py
[2025-11-02T18:41:49.517+0000] {processor.py:830} INFO - Processing file /opt/airflow/dags/load_to_clickhouse.py for tasks to queue
[2025-11-02T18:41:49.925+0000] {logging_mixin.py:188} INFO - [2025-11-02T18:41:49.805+0000] {dagbag.py:538} INFO - Filling up the DagBag from /opt/airflow/dags/load_to_clickhouse.py
[2025-11-02T18:41:56.219+0000] {processor.py:840} INFO - DAG(s) 'load_csv_to_clickhouse' retrieved from /opt/airflow/dags/load_to_clickhouse.py
[2025-11-02T18:41:56.320+0000] {logging_mixin.py:188} INFO - [2025-11-02T18:41:56.318+0000] {dag.py:3036} INFO - Sync 1 DAGs
[2025-11-02T18:41:56.389+0000] {logging_mixin.py:188} INFO - [2025-11-02T18:41:56.388+0000] {dag.py:3823} INFO - Setting next_dagrun for load_csv_to_clickhouse to 2025-11-02 00:00:00+00:00, run_after=2025-11-09 00:00:00+00:00
[2025-11-02T18:41:56.454+0000] {processor.py:183} INFO - Processing /opt/airflow/dags/load_to_clickhouse.py took 8.836 seconds
[2025-11-02T18:42:26.912+0000] {processor.py:161} INFO - Started process (PID=3084) to work on /opt/airflow/dags/load_to_clickhouse.py
[2025-11-02T18:42:26.917+0000] {processor.py:830} INFO - Processing file /opt/airflow/dags/load_to_clickhouse.py for tasks to queue
[2025-11-02T18:42:26.922+0000] {logging_mixin.py:188} INFO - [2025-11-02T18:42:26.921+0000] {dagbag.py:538} INFO - Filling up the DagBag from /opt/airflow/dags/load_to_clickhouse.py
[2025-11-02T18:42:29.177+0000] {processor.py:840} INFO - DAG(s) 'load_csv_to_clickhouse' retrieved from /opt/airflow/dags/load_to_clickhouse.py
[2025-11-02T18:42:29.241+0000] {logging_mixin.py:188} INFO - [2025-11-02T18:42:29.239+0000] {dag.py:3036} INFO - Sync 1 DAGs
[2025-11-02T18:42:29.289+0000] {logging_mixin.py:188} INFO - [2025-11-02T18:42:29.289+0000] {dag.py:3823} INFO - Setting next_dagrun for load_csv_to_clickhouse to 2025-11-02 00:00:00+00:00, run_after=2025-11-09 00:00:00+00:00
[2025-11-02T18:42:29.338+0000] {processor.py:183} INFO - Processing /opt/airflow/dags/load_to_clickhouse.py took 2.491 seconds
[2025-11-02T18:43:11.137+0000] {processor.py:161} INFO - Started process (PID=3096) to work on /opt/airflow/dags/load_to_clickhouse.py
[2025-11-02T18:43:11.144+0000] {processor.py:830} INFO - Processing file /opt/airflow/dags/load_to_clickhouse.py for tasks to queue
[2025-11-02T18:43:11.159+0000] {logging_mixin.py:188} INFO - [2025-11-02T18:43:11.153+0000] {dagbag.py:538} INFO - Filling up the DagBag from /opt/airflow/dags/load_to_clickhouse.py
[2025-11-02T18:43:32.491+0000] {processor.py:840} INFO - DAG(s) 'load_csv_to_clickhouse' retrieved from /opt/airflow/dags/load_to_clickhouse.py
[2025-11-02T18:43:32.809+0000] {logging_mixin.py:188} INFO - [2025-11-02T18:43:32.799+0000] {dag.py:3036} INFO - Sync 1 DAGs
[2025-11-02T18:43:33.087+0000] {logging_mixin.py:188} INFO - [2025-11-02T18:43:33.080+0000] {dag.py:3823} INFO - Setting next_dagrun for load_csv_to_clickhouse to 2025-11-02 00:00:00+00:00, run_after=2025-11-09 00:00:00+00:00
[2025-11-02T18:43:33.511+0000] {processor.py:183} INFO - Processing /opt/airflow/dags/load_to_clickhouse.py took 22.506 seconds
[2025-11-02T18:44:04.952+0000] {processor.py:161} INFO - Started process (PID=3108) to work on /opt/airflow/dags/load_to_clickhouse.py
[2025-11-02T18:44:04.958+0000] {processor.py:830} INFO - Processing file /opt/airflow/dags/load_to_clickhouse.py for tasks to queue
[2025-11-02T18:44:04.968+0000] {logging_mixin.py:188} INFO - [2025-11-02T18:44:04.963+0000] {dagbag.py:538} INFO - Filling up the DagBag from /opt/airflow/dags/load_to_clickhouse.py
[2025-11-02T18:44:07.433+0000] {processor.py:840} INFO - DAG(s) 'load_csv_to_clickhouse' retrieved from /opt/airflow/dags/load_to_clickhouse.py
[2025-11-02T18:44:07.513+0000] {logging_mixin.py:188} INFO - [2025-11-02T18:44:07.512+0000] {dag.py:3036} INFO - Sync 1 DAGs
[2025-11-02T18:44:07.568+0000] {logging_mixin.py:188} INFO - [2025-11-02T18:44:07.568+0000] {dag.py:3823} INFO - Setting next_dagrun for load_csv_to_clickhouse to 2025-11-02 00:00:00+00:00, run_after=2025-11-09 00:00:00+00:00
[2025-11-02T18:44:07.613+0000] {processor.py:183} INFO - Processing /opt/airflow/dags/load_to_clickhouse.py took 2.678 seconds
[2025-11-02T18:44:46.618+0000] {processor.py:161} INFO - Started process (PID=3120) to work on /opt/airflow/dags/load_to_clickhouse.py
[2025-11-02T18:44:46.632+0000] {processor.py:830} INFO - Processing file /opt/airflow/dags/load_to_clickhouse.py for tasks to queue
[2025-11-02T18:44:46.644+0000] {logging_mixin.py:188} INFO - [2025-11-02T18:44:46.637+0000] {dagbag.py:538} INFO - Filling up the DagBag from /opt/airflow/dags/load_to_clickhouse.py
[2025-11-02T18:44:57.544+0000] {processor.py:840} INFO - DAG(s) 'load_csv_to_clickhouse' retrieved from /opt/airflow/dags/load_to_clickhouse.py
[2025-11-02T18:44:58.210+0000] {logging_mixin.py:188} INFO - [2025-11-02T18:44:58.194+0000] {dag.py:3036} INFO - Sync 1 DAGs
[2025-11-02T18:44:58.373+0000] {logging_mixin.py:188} INFO - [2025-11-02T18:44:58.372+0000] {dag.py:3823} INFO - Setting next_dagrun for load_csv_to_clickhouse to 2025-11-02 00:00:00+00:00, run_after=2025-11-09 00:00:00+00:00
[2025-11-02T18:44:58.662+0000] {processor.py:183} INFO - Processing /opt/airflow/dags/load_to_clickhouse.py took 12.118 seconds
[2025-11-02T18:45:29.313+0000] {processor.py:161} INFO - Started process (PID=3132) to work on /opt/airflow/dags/load_to_clickhouse.py
[2025-11-02T18:45:29.320+0000] {processor.py:830} INFO - Processing file /opt/airflow/dags/load_to_clickhouse.py for tasks to queue
[2025-11-02T18:45:29.332+0000] {logging_mixin.py:188} INFO - [2025-11-02T18:45:29.327+0000] {dagbag.py:538} INFO - Filling up the DagBag from /opt/airflow/dags/load_to_clickhouse.py
[2025-11-02T18:45:32.036+0000] {processor.py:840} INFO - DAG(s) 'load_csv_to_clickhouse' retrieved from /opt/airflow/dags/load_to_clickhouse.py
[2025-11-02T18:45:32.103+0000] {logging_mixin.py:188} INFO - [2025-11-02T18:45:32.102+0000] {dag.py:3036} INFO - Sync 1 DAGs
[2025-11-02T18:45:32.164+0000] {logging_mixin.py:188} INFO - [2025-11-02T18:45:32.163+0000] {dag.py:3823} INFO - Setting next_dagrun for load_csv_to_clickhouse to 2025-11-02 00:00:00+00:00, run_after=2025-11-09 00:00:00+00:00
[2025-11-02T18:45:32.213+0000] {processor.py:183} INFO - Processing /opt/airflow/dags/load_to_clickhouse.py took 3.001 seconds
[2025-11-02T18:46:03.361+0000] {processor.py:161} INFO - Started process (PID=3144) to work on /opt/airflow/dags/load_to_clickhouse.py
[2025-11-02T18:46:03.396+0000] {processor.py:830} INFO - Processing file /opt/airflow/dags/load_to_clickhouse.py for tasks to queue
[2025-11-02T18:46:03.402+0000] {logging_mixin.py:188} INFO - [2025-11-02T18:46:03.400+0000] {dagbag.py:538} INFO - Filling up the DagBag from /opt/airflow/dags/load_to_clickhouse.py
[2025-11-02T18:46:11.861+0000] {processor.py:840} INFO - DAG(s) 'load_csv_to_clickhouse' retrieved from /opt/airflow/dags/load_to_clickhouse.py
[2025-11-02T18:46:12.039+0000] {logging_mixin.py:188} INFO - [2025-11-02T18:46:12.037+0000] {dag.py:3036} INFO - Sync 1 DAGs
[2025-11-02T18:46:12.152+0000] {logging_mixin.py:188} INFO - [2025-11-02T18:46:12.147+0000] {dag.py:3823} INFO - Setting next_dagrun for load_csv_to_clickhouse to 2025-11-02 00:00:00+00:00, run_after=2025-11-09 00:00:00+00:00
[2025-11-02T18:46:12.304+0000] {processor.py:183} INFO - Processing /opt/airflow/dags/load_to_clickhouse.py took 9.066 seconds
[2025-11-02T18:46:49.637+0000] {processor.py:161} INFO - Started process (PID=3156) to work on /opt/airflow/dags/load_to_clickhouse.py
[2025-11-02T18:46:49.743+0000] {processor.py:830} INFO - Processing file /opt/airflow/dags/load_to_clickhouse.py for tasks to queue
[2025-11-02T18:46:49.893+0000] {logging_mixin.py:188} INFO - [2025-11-02T18:46:49.857+0000] {dagbag.py:538} INFO - Filling up the DagBag from /opt/airflow/dags/load_to_clickhouse.py
[2025-11-02T18:46:55.001+0000] {processor.py:840} INFO - DAG(s) 'load_csv_to_clickhouse' retrieved from /opt/airflow/dags/load_to_clickhouse.py
[2025-11-02T18:46:55.508+0000] {logging_mixin.py:188} INFO - [2025-11-02T18:46:55.507+0000] {dag.py:3036} INFO - Sync 1 DAGs
[2025-11-02T18:46:55.570+0000] {logging_mixin.py:188} INFO - [2025-11-02T18:46:55.570+0000] {dag.py:3823} INFO - Setting next_dagrun for load_csv_to_clickhouse to 2025-11-02 00:00:00+00:00, run_after=2025-11-09 00:00:00+00:00
[2025-11-02T18:46:55.634+0000] {processor.py:183} INFO - Processing /opt/airflow/dags/load_to_clickhouse.py took 6.483 seconds
[2025-11-02T18:47:26.569+0000] {processor.py:161} INFO - Started process (PID=3174) to work on /opt/airflow/dags/load_to_clickhouse.py
[2025-11-02T18:47:26.580+0000] {processor.py:830} INFO - Processing file /opt/airflow/dags/load_to_clickhouse.py for tasks to queue
[2025-11-02T18:47:26.590+0000] {logging_mixin.py:188} INFO - [2025-11-02T18:47:26.583+0000] {dagbag.py:538} INFO - Filling up the DagBag from /opt/airflow/dags/load_to_clickhouse.py
[2025-11-02T18:47:28.529+0000] {processor.py:840} INFO - DAG(s) 'load_csv_to_clickhouse' retrieved from /opt/airflow/dags/load_to_clickhouse.py
[2025-11-02T18:47:28.596+0000] {logging_mixin.py:188} INFO - [2025-11-02T18:47:28.595+0000] {dag.py:3036} INFO - Sync 1 DAGs
[2025-11-02T18:47:28.649+0000] {logging_mixin.py:188} INFO - [2025-11-02T18:47:28.648+0000] {dag.py:3823} INFO - Setting next_dagrun for load_csv_to_clickhouse to 2025-11-02 00:00:00+00:00, run_after=2025-11-09 00:00:00+00:00
[2025-11-02T18:47:28.702+0000] {processor.py:183} INFO - Processing /opt/airflow/dags/load_to_clickhouse.py took 2.180 seconds
[2025-11-02T18:47:59.208+0000] {processor.py:161} INFO - Started process (PID=3205) to work on /opt/airflow/dags/load_to_clickhouse.py
[2025-11-02T18:47:59.212+0000] {processor.py:830} INFO - Processing file /opt/airflow/dags/load_to_clickhouse.py for tasks to queue
[2025-11-02T18:47:59.217+0000] {logging_mixin.py:188} INFO - [2025-11-02T18:47:59.215+0000] {dagbag.py:538} INFO - Filling up the DagBag from /opt/airflow/dags/load_to_clickhouse.py
[2025-11-02T18:48:00.635+0000] {processor.py:840} INFO - DAG(s) 'load_csv_to_clickhouse' retrieved from /opt/airflow/dags/load_to_clickhouse.py
[2025-11-02T18:48:00.701+0000] {logging_mixin.py:188} INFO - [2025-11-02T18:48:00.700+0000] {dag.py:3036} INFO - Sync 1 DAGs
[2025-11-02T18:48:00.776+0000] {logging_mixin.py:188} INFO - [2025-11-02T18:48:00.776+0000] {dag.py:3823} INFO - Setting next_dagrun for load_csv_to_clickhouse to 2025-11-02 00:00:00+00:00, run_after=2025-11-09 00:00:00+00:00
[2025-11-02T18:48:00.836+0000] {processor.py:183} INFO - Processing /opt/airflow/dags/load_to_clickhouse.py took 1.685 seconds
[2025-11-02T18:48:31.108+0000] {processor.py:161} INFO - Started process (PID=3217) to work on /opt/airflow/dags/load_to_clickhouse.py
[2025-11-02T18:48:31.110+0000] {processor.py:830} INFO - Processing file /opt/airflow/dags/load_to_clickhouse.py for tasks to queue
[2025-11-02T18:48:31.112+0000] {logging_mixin.py:188} INFO - [2025-11-02T18:48:31.112+0000] {dagbag.py:538} INFO - Filling up the DagBag from /opt/airflow/dags/load_to_clickhouse.py
[2025-11-02T18:48:32.607+0000] {processor.py:840} INFO - DAG(s) 'load_csv_to_clickhouse' retrieved from /opt/airflow/dags/load_to_clickhouse.py
[2025-11-02T18:48:32.667+0000] {logging_mixin.py:188} INFO - [2025-11-02T18:48:32.666+0000] {dag.py:3036} INFO - Sync 1 DAGs
[2025-11-02T18:48:32.710+0000] {logging_mixin.py:188} INFO - [2025-11-02T18:48:32.710+0000] {dag.py:3823} INFO - Setting next_dagrun for load_csv_to_clickhouse to 2025-11-02 00:00:00+00:00, run_after=2025-11-09 00:00:00+00:00
[2025-11-02T18:48:32.747+0000] {processor.py:183} INFO - Processing /opt/airflow/dags/load_to_clickhouse.py took 1.646 seconds
[2025-11-02T18:49:03.342+0000] {processor.py:161} INFO - Started process (PID=3230) to work on /opt/airflow/dags/load_to_clickhouse.py
[2025-11-02T18:49:03.346+0000] {processor.py:830} INFO - Processing file /opt/airflow/dags/load_to_clickhouse.py for tasks to queue
[2025-11-02T18:49:03.351+0000] {logging_mixin.py:188} INFO - [2025-11-02T18:49:03.349+0000] {dagbag.py:538} INFO - Filling up the DagBag from /opt/airflow/dags/load_to_clickhouse.py
[2025-11-02T18:49:04.692+0000] {processor.py:840} INFO - DAG(s) 'load_csv_to_clickhouse' retrieved from /opt/airflow/dags/load_to_clickhouse.py
[2025-11-02T18:49:04.758+0000] {logging_mixin.py:188} INFO - [2025-11-02T18:49:04.757+0000] {dag.py:3036} INFO - Sync 1 DAGs
[2025-11-02T18:49:04.798+0000] {logging_mixin.py:188} INFO - [2025-11-02T18:49:04.798+0000] {dag.py:3823} INFO - Setting next_dagrun for load_csv_to_clickhouse to 2025-11-02 00:00:00+00:00, run_after=2025-11-09 00:00:00+00:00
[2025-11-02T18:49:04.846+0000] {processor.py:183} INFO - Processing /opt/airflow/dags/load_to_clickhouse.py took 1.524 seconds
[2025-11-02T18:49:35.396+0000] {processor.py:161} INFO - Started process (PID=3242) to work on /opt/airflow/dags/load_to_clickhouse.py
[2025-11-02T18:49:35.399+0000] {processor.py:830} INFO - Processing file /opt/airflow/dags/load_to_clickhouse.py for tasks to queue
[2025-11-02T18:49:35.402+0000] {logging_mixin.py:188} INFO - [2025-11-02T18:49:35.401+0000] {dagbag.py:538} INFO - Filling up the DagBag from /opt/airflow/dags/load_to_clickhouse.py
[2025-11-02T18:49:37.153+0000] {processor.py:840} INFO - DAG(s) 'load_csv_to_clickhouse' retrieved from /opt/airflow/dags/load_to_clickhouse.py
[2025-11-02T18:49:37.231+0000] {logging_mixin.py:188} INFO - [2025-11-02T18:49:37.230+0000] {dag.py:3036} INFO - Sync 1 DAGs
[2025-11-02T18:49:37.300+0000] {logging_mixin.py:188} INFO - [2025-11-02T18:49:37.300+0000] {dag.py:3823} INFO - Setting next_dagrun for load_csv_to_clickhouse to 2025-11-02 00:00:00+00:00, run_after=2025-11-09 00:00:00+00:00
[2025-11-02T18:49:37.356+0000] {processor.py:183} INFO - Processing /opt/airflow/dags/load_to_clickhouse.py took 1.973 seconds
[2025-11-02T18:50:09.246+0000] {processor.py:161} INFO - Started process (PID=3253) to work on /opt/airflow/dags/load_to_clickhouse.py
[2025-11-02T18:50:09.264+0000] {processor.py:830} INFO - Processing file /opt/airflow/dags/load_to_clickhouse.py for tasks to queue
[2025-11-02T18:50:09.270+0000] {logging_mixin.py:188} INFO - [2025-11-02T18:50:09.269+0000] {dagbag.py:538} INFO - Filling up the DagBag from /opt/airflow/dags/load_to_clickhouse.py
[2025-11-02T18:50:14.213+0000] {processor.py:840} INFO - DAG(s) 'load_csv_to_clickhouse' retrieved from /opt/airflow/dags/load_to_clickhouse.py
[2025-11-02T18:50:14.393+0000] {logging_mixin.py:188} INFO - [2025-11-02T18:50:14.392+0000] {dag.py:3036} INFO - Sync 1 DAGs
[2025-11-02T18:50:14.534+0000] {logging_mixin.py:188} INFO - [2025-11-02T18:50:14.533+0000] {dag.py:3823} INFO - Setting next_dagrun for load_csv_to_clickhouse to 2025-11-02 00:00:00+00:00, run_after=2025-11-09 00:00:00+00:00
[2025-11-02T18:50:14.629+0000] {processor.py:183} INFO - Processing /opt/airflow/dags/load_to_clickhouse.py took 5.419 seconds
[2025-11-02T18:50:47.759+0000] {processor.py:161} INFO - Started process (PID=3265) to work on /opt/airflow/dags/load_to_clickhouse.py
[2025-11-02T18:50:47.816+0000] {processor.py:830} INFO - Processing file /opt/airflow/dags/load_to_clickhouse.py for tasks to queue
[2025-11-02T18:50:47.879+0000] {logging_mixin.py:188} INFO - [2025-11-02T18:50:47.864+0000] {dagbag.py:538} INFO - Filling up the DagBag from /opt/airflow/dags/load_to_clickhouse.py
[2025-11-02T18:50:53.658+0000] {processor.py:840} INFO - DAG(s) 'load_csv_to_clickhouse' retrieved from /opt/airflow/dags/load_to_clickhouse.py
[2025-11-02T18:50:53.720+0000] {logging_mixin.py:188} INFO - [2025-11-02T18:50:53.719+0000] {dag.py:3036} INFO - Sync 1 DAGs
[2025-11-02T18:50:53.800+0000] {logging_mixin.py:188} INFO - [2025-11-02T18:50:53.799+0000] {dag.py:3823} INFO - Setting next_dagrun for load_csv_to_clickhouse to 2025-11-02 00:00:00+00:00, run_after=2025-11-09 00:00:00+00:00
[2025-11-02T18:50:53.874+0000] {processor.py:183} INFO - Processing /opt/airflow/dags/load_to_clickhouse.py took 6.347 seconds
[2025-11-02T18:51:24.442+0000] {processor.py:161} INFO - Started process (PID=3278) to work on /opt/airflow/dags/load_to_clickhouse.py
[2025-11-02T18:51:24.446+0000] {processor.py:830} INFO - Processing file /opt/airflow/dags/load_to_clickhouse.py for tasks to queue
[2025-11-02T18:51:24.448+0000] {logging_mixin.py:188} INFO - [2025-11-02T18:51:24.448+0000] {dagbag.py:538} INFO - Filling up the DagBag from /opt/airflow/dags/load_to_clickhouse.py
[2025-11-02T18:51:39.143+0000] {processor.py:840} INFO - DAG(s) 'load_csv_to_clickhouse' retrieved from /opt/airflow/dags/load_to_clickhouse.py
[2025-11-02T18:51:39.259+0000] {logging_mixin.py:188} INFO - [2025-11-02T18:51:39.258+0000] {dag.py:3036} INFO - Sync 1 DAGs
[2025-11-02T18:51:39.341+0000] {logging_mixin.py:188} INFO - [2025-11-02T18:51:39.340+0000] {dag.py:3823} INFO - Setting next_dagrun for load_csv_to_clickhouse to 2025-11-02 00:00:00+00:00, run_after=2025-11-09 00:00:00+00:00
[2025-11-02T18:51:39.426+0000] {processor.py:183} INFO - Processing /opt/airflow/dags/load_to_clickhouse.py took 15.120 seconds
[2025-11-02T18:52:09.701+0000] {processor.py:161} INFO - Started process (PID=3290) to work on /opt/airflow/dags/load_to_clickhouse.py
[2025-11-02T18:52:09.704+0000] {processor.py:830} INFO - Processing file /opt/airflow/dags/load_to_clickhouse.py for tasks to queue
[2025-11-02T18:52:09.707+0000] {logging_mixin.py:188} INFO - [2025-11-02T18:52:09.706+0000] {dagbag.py:538} INFO - Filling up the DagBag from /opt/airflow/dags/load_to_clickhouse.py
[2025-11-02T18:52:11.258+0000] {processor.py:840} INFO - DAG(s) 'load_csv_to_clickhouse' retrieved from /opt/airflow/dags/load_to_clickhouse.py
[2025-11-02T18:52:11.324+0000] {logging_mixin.py:188} INFO - [2025-11-02T18:52:11.323+0000] {dag.py:3036} INFO - Sync 1 DAGs
[2025-11-02T18:52:11.387+0000] {logging_mixin.py:188} INFO - [2025-11-02T18:52:11.387+0000] {dag.py:3823} INFO - Setting next_dagrun for load_csv_to_clickhouse to 2025-11-02 00:00:00+00:00, run_after=2025-11-09 00:00:00+00:00
[2025-11-02T18:52:11.441+0000] {processor.py:183} INFO - Processing /opt/airflow/dags/load_to_clickhouse.py took 1.748 seconds
[2025-11-02T18:52:42.347+0000] {processor.py:161} INFO - Started process (PID=3302) to work on /opt/airflow/dags/load_to_clickhouse.py
[2025-11-02T18:52:42.368+0000] {processor.py:830} INFO - Processing file /opt/airflow/dags/load_to_clickhouse.py for tasks to queue
[2025-11-02T18:52:42.382+0000] {logging_mixin.py:188} INFO - [2025-11-02T18:52:42.378+0000] {dagbag.py:538} INFO - Filling up the DagBag from /opt/airflow/dags/load_to_clickhouse.py
[2025-11-02T18:52:45.718+0000] {processor.py:840} INFO - DAG(s) 'load_csv_to_clickhouse' retrieved from /opt/airflow/dags/load_to_clickhouse.py
[2025-11-02T18:52:45.797+0000] {logging_mixin.py:188} INFO - [2025-11-02T18:52:45.795+0000] {dag.py:3036} INFO - Sync 1 DAGs
[2025-11-02T18:52:45.875+0000] {logging_mixin.py:188} INFO - [2025-11-02T18:52:45.875+0000] {dag.py:3823} INFO - Setting next_dagrun for load_csv_to_clickhouse to 2025-11-02 00:00:00+00:00, run_after=2025-11-09 00:00:00+00:00
[2025-11-02T18:52:45.944+0000] {processor.py:183} INFO - Processing /opt/airflow/dags/load_to_clickhouse.py took 3.713 seconds
[2025-11-02T18:53:16.697+0000] {processor.py:161} INFO - Started process (PID=3314) to work on /opt/airflow/dags/load_to_clickhouse.py
[2025-11-02T18:53:16.703+0000] {processor.py:830} INFO - Processing file /opt/airflow/dags/load_to_clickhouse.py for tasks to queue
[2025-11-02T18:53:16.708+0000] {logging_mixin.py:188} INFO - [2025-11-02T18:53:16.706+0000] {dagbag.py:538} INFO - Filling up the DagBag from /opt/airflow/dags/load_to_clickhouse.py
[2025-11-02T18:53:18.235+0000] {processor.py:840} INFO - DAG(s) 'load_csv_to_clickhouse' retrieved from /opt/airflow/dags/load_to_clickhouse.py
[2025-11-02T18:53:18.332+0000] {logging_mixin.py:188} INFO - [2025-11-02T18:53:18.331+0000] {dag.py:3036} INFO - Sync 1 DAGs
[2025-11-02T18:53:18.409+0000] {logging_mixin.py:188} INFO - [2025-11-02T18:53:18.408+0000] {dag.py:3823} INFO - Setting next_dagrun for load_csv_to_clickhouse to 2025-11-02 00:00:00+00:00, run_after=2025-11-09 00:00:00+00:00
[2025-11-02T18:53:18.466+0000] {processor.py:183} INFO - Processing /opt/airflow/dags/load_to_clickhouse.py took 1.778 seconds
[2025-11-02T18:53:49.875+0000] {processor.py:161} INFO - Started process (PID=3326) to work on /opt/airflow/dags/load_to_clickhouse.py
[2025-11-02T18:53:49.918+0000] {processor.py:830} INFO - Processing file /opt/airflow/dags/load_to_clickhouse.py for tasks to queue
[2025-11-02T18:53:49.942+0000] {logging_mixin.py:188} INFO - [2025-11-02T18:53:49.931+0000] {dagbag.py:538} INFO - Filling up the DagBag from /opt/airflow/dags/load_to_clickhouse.py
[2025-11-02T18:53:52.132+0000] {processor.py:840} INFO - DAG(s) 'load_csv_to_clickhouse' retrieved from /opt/airflow/dags/load_to_clickhouse.py
[2025-11-02T18:53:52.202+0000] {logging_mixin.py:188} INFO - [2025-11-02T18:53:52.201+0000] {dag.py:3036} INFO - Sync 1 DAGs
[2025-11-02T18:53:52.301+0000] {logging_mixin.py:188} INFO - [2025-11-02T18:53:52.300+0000] {dag.py:3823} INFO - Setting next_dagrun for load_csv_to_clickhouse to 2025-11-02 00:00:00+00:00, run_after=2025-11-09 00:00:00+00:00
[2025-11-02T18:53:52.378+0000] {processor.py:183} INFO - Processing /opt/airflow/dags/load_to_clickhouse.py took 2.581 seconds
[2025-11-02T18:54:22.764+0000] {processor.py:161} INFO - Started process (PID=3340) to work on /opt/airflow/dags/load_to_clickhouse.py
[2025-11-02T18:54:22.767+0000] {processor.py:830} INFO - Processing file /opt/airflow/dags/load_to_clickhouse.py for tasks to queue
[2025-11-02T18:54:22.771+0000] {logging_mixin.py:188} INFO - [2025-11-02T18:54:22.770+0000] {dagbag.py:538} INFO - Filling up the DagBag from /opt/airflow/dags/load_to_clickhouse.py
[2025-11-02T18:54:24.456+0000] {processor.py:840} INFO - DAG(s) 'load_csv_to_clickhouse' retrieved from /opt/airflow/dags/load_to_clickhouse.py
[2025-11-02T18:54:24.506+0000] {logging_mixin.py:188} INFO - [2025-11-02T18:54:24.506+0000] {dag.py:3036} INFO - Sync 1 DAGs
[2025-11-02T18:54:24.546+0000] {logging_mixin.py:188} INFO - [2025-11-02T18:54:24.545+0000] {dag.py:3823} INFO - Setting next_dagrun for load_csv_to_clickhouse to 2025-11-02 00:00:00+00:00, run_after=2025-11-09 00:00:00+00:00
[2025-11-02T18:54:24.603+0000] {processor.py:183} INFO - Processing /opt/airflow/dags/load_to_clickhouse.py took 1.852 seconds
[2025-11-02T18:54:55.171+0000] {processor.py:161} INFO - Started process (PID=3352) to work on /opt/airflow/dags/load_to_clickhouse.py
[2025-11-02T18:54:55.173+0000] {processor.py:830} INFO - Processing file /opt/airflow/dags/load_to_clickhouse.py for tasks to queue
[2025-11-02T18:54:55.176+0000] {logging_mixin.py:188} INFO - [2025-11-02T18:54:55.175+0000] {dagbag.py:538} INFO - Filling up the DagBag from /opt/airflow/dags/load_to_clickhouse.py
[2025-11-02T18:54:56.396+0000] {processor.py:840} INFO - DAG(s) 'load_csv_to_clickhouse' retrieved from /opt/airflow/dags/load_to_clickhouse.py
[2025-11-02T18:54:56.458+0000] {logging_mixin.py:188} INFO - [2025-11-02T18:54:56.456+0000] {dag.py:3036} INFO - Sync 1 DAGs
[2025-11-02T18:54:56.517+0000] {logging_mixin.py:188} INFO - [2025-11-02T18:54:56.516+0000] {dag.py:3823} INFO - Setting next_dagrun for load_csv_to_clickhouse to 2025-11-02 00:00:00+00:00, run_after=2025-11-09 00:00:00+00:00
[2025-11-02T18:54:56.564+0000] {processor.py:183} INFO - Processing /opt/airflow/dags/load_to_clickhouse.py took 1.406 seconds
[2025-11-02T18:55:26.759+0000] {processor.py:161} INFO - Started process (PID=3364) to work on /opt/airflow/dags/load_to_clickhouse.py
[2025-11-02T18:55:26.762+0000] {processor.py:830} INFO - Processing file /opt/airflow/dags/load_to_clickhouse.py for tasks to queue
[2025-11-02T18:55:26.766+0000] {logging_mixin.py:188} INFO - [2025-11-02T18:55:26.765+0000] {dagbag.py:538} INFO - Filling up the DagBag from /opt/airflow/dags/load_to_clickhouse.py
[2025-11-02T18:55:27.931+0000] {processor.py:840} INFO - DAG(s) 'load_csv_to_clickhouse' retrieved from /opt/airflow/dags/load_to_clickhouse.py
[2025-11-02T18:55:27.999+0000] {logging_mixin.py:188} INFO - [2025-11-02T18:55:27.999+0000] {dag.py:3036} INFO - Sync 1 DAGs
[2025-11-02T18:55:28.046+0000] {logging_mixin.py:188} INFO - [2025-11-02T18:55:28.046+0000] {dag.py:3823} INFO - Setting next_dagrun for load_csv_to_clickhouse to 2025-11-02 00:00:00+00:00, run_after=2025-11-09 00:00:00+00:00
[2025-11-02T18:55:28.090+0000] {processor.py:183} INFO - Processing /opt/airflow/dags/load_to_clickhouse.py took 1.343 seconds
[2025-11-02T18:56:00.355+0000] {processor.py:161} INFO - Started process (PID=3374) to work on /opt/airflow/dags/load_to_clickhouse.py
[2025-11-02T18:56:00.386+0000] {processor.py:830} INFO - Processing file /opt/airflow/dags/load_to_clickhouse.py for tasks to queue
[2025-11-02T18:56:00.432+0000] {logging_mixin.py:188} INFO - [2025-11-02T18:56:00.414+0000] {dagbag.py:538} INFO - Filling up the DagBag from /opt/airflow/dags/load_to_clickhouse.py
[2025-11-02T18:56:10.984+0000] {processor.py:840} INFO - DAG(s) 'load_csv_to_clickhouse' retrieved from /opt/airflow/dags/load_to_clickhouse.py
[2025-11-02T18:56:11.039+0000] {logging_mixin.py:188} INFO - [2025-11-02T18:56:11.038+0000] {dag.py:3036} INFO - Sync 1 DAGs
[2025-11-02T18:56:11.083+0000] {logging_mixin.py:188} INFO - [2025-11-02T18:56:11.082+0000] {dag.py:3823} INFO - Setting next_dagrun for load_csv_to_clickhouse to 2025-11-02 00:00:00+00:00, run_after=2025-11-09 00:00:00+00:00
[2025-11-02T18:56:11.142+0000] {processor.py:183} INFO - Processing /opt/airflow/dags/load_to_clickhouse.py took 11.077 seconds
[2025-11-02T18:56:41.812+0000] {processor.py:161} INFO - Started process (PID=3386) to work on /opt/airflow/dags/load_to_clickhouse.py
[2025-11-02T18:56:41.822+0000] {processor.py:830} INFO - Processing file /opt/airflow/dags/load_to_clickhouse.py for tasks to queue
[2025-11-02T18:56:41.829+0000] {logging_mixin.py:188} INFO - [2025-11-02T18:56:41.828+0000] {dagbag.py:538} INFO - Filling up the DagBag from /opt/airflow/dags/load_to_clickhouse.py
[2025-11-02T18:56:46.639+0000] {processor.py:840} INFO - DAG(s) 'load_csv_to_clickhouse' retrieved from /opt/airflow/dags/load_to_clickhouse.py
[2025-11-02T18:56:46.715+0000] {logging_mixin.py:188} INFO - [2025-11-02T18:56:46.714+0000] {dag.py:3036} INFO - Sync 1 DAGs
[2025-11-02T18:56:46.776+0000] {logging_mixin.py:188} INFO - [2025-11-02T18:56:46.775+0000] {dag.py:3823} INFO - Setting next_dagrun for load_csv_to_clickhouse to 2025-11-02 00:00:00+00:00, run_after=2025-11-09 00:00:00+00:00
[2025-11-02T18:56:46.832+0000] {processor.py:183} INFO - Processing /opt/airflow/dags/load_to_clickhouse.py took 5.045 seconds
[2025-11-02T18:57:19.237+0000] {processor.py:161} INFO - Started process (PID=3397) to work on /opt/airflow/dags/load_to_clickhouse.py
[2025-11-02T18:57:19.241+0000] {processor.py:830} INFO - Processing file /opt/airflow/dags/load_to_clickhouse.py for tasks to queue
[2025-11-02T18:57:19.250+0000] {logging_mixin.py:188} INFO - [2025-11-02T18:57:19.248+0000] {dagbag.py:538} INFO - Filling up the DagBag from /opt/airflow/dags/load_to_clickhouse.py
[2025-11-02T18:57:23.537+0000] {processor.py:840} INFO - DAG(s) 'load_csv_to_clickhouse' retrieved from /opt/airflow/dags/load_to_clickhouse.py
[2025-11-02T18:57:23.887+0000] {logging_mixin.py:188} INFO - [2025-11-02T18:57:23.886+0000] {dag.py:3036} INFO - Sync 1 DAGs
[2025-11-02T18:57:24.122+0000] {logging_mixin.py:188} INFO - [2025-11-02T18:57:24.121+0000] {dag.py:3823} INFO - Setting next_dagrun for load_csv_to_clickhouse to 2025-11-02 00:00:00+00:00, run_after=2025-11-09 00:00:00+00:00
[2025-11-02T18:57:24.302+0000] {processor.py:183} INFO - Processing /opt/airflow/dags/load_to_clickhouse.py took 5.096 seconds
[2025-11-02T18:57:55.376+0000] {processor.py:161} INFO - Started process (PID=3409) to work on /opt/airflow/dags/load_to_clickhouse.py
[2025-11-02T18:57:55.379+0000] {processor.py:830} INFO - Processing file /opt/airflow/dags/load_to_clickhouse.py for tasks to queue
[2025-11-02T18:57:55.387+0000] {logging_mixin.py:188} INFO - [2025-11-02T18:57:55.384+0000] {dagbag.py:538} INFO - Filling up the DagBag from /opt/airflow/dags/load_to_clickhouse.py
[2025-11-02T18:57:58.912+0000] {processor.py:840} INFO - DAG(s) 'load_csv_to_clickhouse' retrieved from /opt/airflow/dags/load_to_clickhouse.py
[2025-11-02T18:57:59.072+0000] {logging_mixin.py:188} INFO - [2025-11-02T18:57:59.071+0000] {dag.py:3036} INFO - Sync 1 DAGs
[2025-11-02T18:57:59.196+0000] {logging_mixin.py:188} INFO - [2025-11-02T18:57:59.195+0000] {dag.py:3823} INFO - Setting next_dagrun for load_csv_to_clickhouse to 2025-11-02 00:00:00+00:00, run_after=2025-11-09 00:00:00+00:00
[2025-11-02T18:57:59.294+0000] {processor.py:183} INFO - Processing /opt/airflow/dags/load_to_clickhouse.py took 3.949 seconds
[2025-11-02T18:58:33.953+0000] {processor.py:161} INFO - Started process (PID=3421) to work on /opt/airflow/dags/load_to_clickhouse.py
[2025-11-02T18:58:33.981+0000] {processor.py:830} INFO - Processing file /opt/airflow/dags/load_to_clickhouse.py for tasks to queue
[2025-11-02T18:58:34.114+0000] {logging_mixin.py:188} INFO - [2025-11-02T18:58:34.068+0000] {dagbag.py:538} INFO - Filling up the DagBag from /opt/airflow/dags/load_to_clickhouse.py
[2025-11-02T18:58:38.875+0000] {processor.py:840} INFO - DAG(s) 'load_csv_to_clickhouse' retrieved from /opt/airflow/dags/load_to_clickhouse.py
[2025-11-02T18:58:38.934+0000] {logging_mixin.py:188} INFO - [2025-11-02T18:58:38.933+0000] {dag.py:3036} INFO - Sync 1 DAGs
[2025-11-02T18:58:38.982+0000] {logging_mixin.py:188} INFO - [2025-11-02T18:58:38.982+0000] {dag.py:3823} INFO - Setting next_dagrun for load_csv_to_clickhouse to 2025-11-02 00:00:00+00:00, run_after=2025-11-09 00:00:00+00:00
[2025-11-02T18:58:39.030+0000] {processor.py:183} INFO - Processing /opt/airflow/dags/load_to_clickhouse.py took 5.852 seconds
[2025-11-02T18:59:09.670+0000] {processor.py:161} INFO - Started process (PID=3434) to work on /opt/airflow/dags/load_to_clickhouse.py
[2025-11-02T18:59:09.672+0000] {processor.py:830} INFO - Processing file /opt/airflow/dags/load_to_clickhouse.py for tasks to queue
[2025-11-02T18:59:09.674+0000] {logging_mixin.py:188} INFO - [2025-11-02T18:59:09.674+0000] {dagbag.py:538} INFO - Filling up the DagBag from /opt/airflow/dags/load_to_clickhouse.py
[2025-11-02T18:59:10.987+0000] {processor.py:840} INFO - DAG(s) 'load_csv_to_clickhouse' retrieved from /opt/airflow/dags/load_to_clickhouse.py
[2025-11-02T18:59:11.049+0000] {logging_mixin.py:188} INFO - [2025-11-02T18:59:11.048+0000] {dag.py:3036} INFO - Sync 1 DAGs
[2025-11-02T18:59:11.123+0000] {logging_mixin.py:188} INFO - [2025-11-02T18:59:11.123+0000] {dag.py:3823} INFO - Setting next_dagrun for load_csv_to_clickhouse to 2025-11-02 00:00:00+00:00, run_after=2025-11-09 00:00:00+00:00
[2025-11-02T18:59:11.167+0000] {processor.py:183} INFO - Processing /opt/airflow/dags/load_to_clickhouse.py took 1.510 seconds
[2025-11-02T18:59:44.749+0000] {processor.py:161} INFO - Started process (PID=3445) to work on /opt/airflow/dags/load_to_clickhouse.py
[2025-11-02T18:59:44.763+0000] {processor.py:830} INFO - Processing file /opt/airflow/dags/load_to_clickhouse.py for tasks to queue
[2025-11-02T18:59:44.784+0000] {logging_mixin.py:188} INFO - [2025-11-02T18:59:44.769+0000] {dagbag.py:538} INFO - Filling up the DagBag from /opt/airflow/dags/load_to_clickhouse.py
[2025-11-02T18:59:50.904+0000] {processor.py:840} INFO - DAG(s) 'load_csv_to_clickhouse' retrieved from /opt/airflow/dags/load_to_clickhouse.py
[2025-11-02T18:59:51.183+0000] {logging_mixin.py:188} INFO - [2025-11-02T18:59:51.181+0000] {dag.py:3036} INFO - Sync 1 DAGs
[2025-11-02T18:59:51.427+0000] {logging_mixin.py:188} INFO - [2025-11-02T18:59:51.426+0000] {dag.py:3823} INFO - Setting next_dagrun for load_csv_to_clickhouse to 2025-11-02 00:00:00+00:00, run_after=2025-11-09 00:00:00+00:00
[2025-11-02T18:59:51.557+0000] {processor.py:183} INFO - Processing /opt/airflow/dags/load_to_clickhouse.py took 6.833 seconds
[2025-11-02T19:00:22.108+0000] {processor.py:161} INFO - Started process (PID=3457) to work on /opt/airflow/dags/load_to_clickhouse.py
[2025-11-02T19:00:22.113+0000] {processor.py:830} INFO - Processing file /opt/airflow/dags/load_to_clickhouse.py for tasks to queue
[2025-11-02T19:00:22.117+0000] {logging_mixin.py:188} INFO - [2025-11-02T19:00:22.116+0000] {dagbag.py:538} INFO - Filling up the DagBag from /opt/airflow/dags/load_to_clickhouse.py
[2025-11-02T19:00:24.224+0000] {processor.py:840} INFO - DAG(s) 'load_csv_to_clickhouse' retrieved from /opt/airflow/dags/load_to_clickhouse.py
[2025-11-02T19:00:24.281+0000] {logging_mixin.py:188} INFO - [2025-11-02T19:00:24.280+0000] {dag.py:3036} INFO - Sync 1 DAGs
[2025-11-02T19:00:24.334+0000] {logging_mixin.py:188} INFO - [2025-11-02T19:00:24.333+0000] {dag.py:3823} INFO - Setting next_dagrun for load_csv_to_clickhouse to 2025-11-02 00:00:00+00:00, run_after=2025-11-09 00:00:00+00:00
[2025-11-02T19:00:24.386+0000] {processor.py:183} INFO - Processing /opt/airflow/dags/load_to_clickhouse.py took 2.307 seconds
[2025-11-02T19:00:54.721+0000] {processor.py:161} INFO - Started process (PID=3469) to work on /opt/airflow/dags/load_to_clickhouse.py
[2025-11-02T19:00:54.725+0000] {processor.py:830} INFO - Processing file /opt/airflow/dags/load_to_clickhouse.py for tasks to queue
[2025-11-02T19:00:54.729+0000] {logging_mixin.py:188} INFO - [2025-11-02T19:00:54.728+0000] {dagbag.py:538} INFO - Filling up the DagBag from /opt/airflow/dags/load_to_clickhouse.py
[2025-11-02T19:00:56.808+0000] {processor.py:840} INFO - DAG(s) 'load_csv_to_clickhouse' retrieved from /opt/airflow/dags/load_to_clickhouse.py
[2025-11-02T19:00:56.903+0000] {logging_mixin.py:188} INFO - [2025-11-02T19:00:56.902+0000] {dag.py:3036} INFO - Sync 1 DAGs
[2025-11-02T19:00:56.977+0000] {logging_mixin.py:188} INFO - [2025-11-02T19:00:56.977+0000] {dag.py:3823} INFO - Setting next_dagrun for load_csv_to_clickhouse to 2025-11-02 00:00:00+00:00, run_after=2025-11-09 00:00:00+00:00
[2025-11-02T19:00:57.044+0000] {processor.py:183} INFO - Processing /opt/airflow/dags/load_to_clickhouse.py took 2.338 seconds
[2025-11-02T19:01:32.883+0000] {processor.py:161} INFO - Started process (PID=3481) to work on /opt/airflow/dags/load_to_clickhouse.py
[2025-11-02T19:01:33.022+0000] {processor.py:830} INFO - Processing file /opt/airflow/dags/load_to_clickhouse.py for tasks to queue
[2025-11-02T19:01:33.222+0000] {logging_mixin.py:188} INFO - [2025-11-02T19:01:33.207+0000] {dagbag.py:538} INFO - Filling up the DagBag from /opt/airflow/dags/load_to_clickhouse.py
[2025-11-02T19:01:36.074+0000] {processor.py:840} INFO - DAG(s) 'load_csv_to_clickhouse' retrieved from /opt/airflow/dags/load_to_clickhouse.py
[2025-11-02T19:01:36.130+0000] {logging_mixin.py:188} INFO - [2025-11-02T19:01:36.129+0000] {dag.py:3036} INFO - Sync 1 DAGs
[2025-11-02T19:01:36.175+0000] {logging_mixin.py:188} INFO - [2025-11-02T19:01:36.174+0000] {dag.py:3823} INFO - Setting next_dagrun for load_csv_to_clickhouse to 2025-11-02 00:00:00+00:00, run_after=2025-11-09 00:00:00+00:00
[2025-11-02T19:01:36.231+0000] {processor.py:183} INFO - Processing /opt/airflow/dags/load_to_clickhouse.py took 4.242 seconds
[2025-11-02T19:02:06.813+0000] {processor.py:161} INFO - Started process (PID=3494) to work on /opt/airflow/dags/load_to_clickhouse.py
[2025-11-02T19:02:06.817+0000] {processor.py:830} INFO - Processing file /opt/airflow/dags/load_to_clickhouse.py for tasks to queue
[2025-11-02T19:02:06.820+0000] {logging_mixin.py:188} INFO - [2025-11-02T19:02:06.819+0000] {dagbag.py:538} INFO - Filling up the DagBag from /opt/airflow/dags/load_to_clickhouse.py
[2025-11-02T19:02:08.333+0000] {processor.py:840} INFO - DAG(s) 'load_csv_to_clickhouse' retrieved from /opt/airflow/dags/load_to_clickhouse.py
[2025-11-02T19:02:08.480+0000] {logging_mixin.py:188} INFO - [2025-11-02T19:02:08.479+0000] {dag.py:3036} INFO - Sync 1 DAGs
[2025-11-02T19:02:08.615+0000] {logging_mixin.py:188} INFO - [2025-11-02T19:02:08.614+0000] {dag.py:3823} INFO - Setting next_dagrun for load_csv_to_clickhouse to 2025-11-02 00:00:00+00:00, run_after=2025-11-09 00:00:00+00:00
[2025-11-02T19:02:08.678+0000] {processor.py:183} INFO - Processing /opt/airflow/dags/load_to_clickhouse.py took 1.876 seconds
[2025-11-02T19:02:39.624+0000] {processor.py:161} INFO - Started process (PID=3505) to work on /opt/airflow/dags/load_to_clickhouse.py
[2025-11-02T19:02:39.630+0000] {processor.py:830} INFO - Processing file /opt/airflow/dags/load_to_clickhouse.py for tasks to queue
[2025-11-02T19:02:39.636+0000] {logging_mixin.py:188} INFO - [2025-11-02T19:02:39.632+0000] {dagbag.py:538} INFO - Filling up the DagBag from /opt/airflow/dags/load_to_clickhouse.py
[2025-11-02T19:02:42.143+0000] {processor.py:840} INFO - DAG(s) 'load_csv_to_clickhouse' retrieved from /opt/airflow/dags/load_to_clickhouse.py
[2025-11-02T19:02:42.204+0000] {logging_mixin.py:188} INFO - [2025-11-02T19:02:42.203+0000] {dag.py:3036} INFO - Sync 1 DAGs
[2025-11-02T19:02:42.255+0000] {logging_mixin.py:188} INFO - [2025-11-02T19:02:42.254+0000] {dag.py:3823} INFO - Setting next_dagrun for load_csv_to_clickhouse to 2025-11-02 00:00:00+00:00, run_after=2025-11-09 00:00:00+00:00
[2025-11-02T19:02:42.324+0000] {processor.py:183} INFO - Processing /opt/airflow/dags/load_to_clickhouse.py took 2.720 seconds
[2025-11-02T19:03:13.034+0000] {processor.py:161} INFO - Started process (PID=3518) to work on /opt/airflow/dags/load_to_clickhouse.py
[2025-11-02T19:03:13.038+0000] {processor.py:830} INFO - Processing file /opt/airflow/dags/load_to_clickhouse.py for tasks to queue
[2025-11-02T19:03:13.049+0000] {logging_mixin.py:188} INFO - [2025-11-02T19:03:13.045+0000] {dagbag.py:538} INFO - Filling up the DagBag from /opt/airflow/dags/load_to_clickhouse.py
[2025-11-02T19:03:14.190+0000] {processor.py:840} INFO - DAG(s) 'load_csv_to_clickhouse' retrieved from /opt/airflow/dags/load_to_clickhouse.py
[2025-11-02T19:03:14.242+0000] {logging_mixin.py:188} INFO - [2025-11-02T19:03:14.242+0000] {dag.py:3036} INFO - Sync 1 DAGs
[2025-11-02T19:03:14.275+0000] {logging_mixin.py:188} INFO - [2025-11-02T19:03:14.275+0000] {dag.py:3823} INFO - Setting next_dagrun for load_csv_to_clickhouse to 2025-11-02 00:00:00+00:00, run_after=2025-11-09 00:00:00+00:00
[2025-11-02T19:03:14.309+0000] {processor.py:183} INFO - Processing /opt/airflow/dags/load_to_clickhouse.py took 1.282 seconds
[2025-11-02T19:03:44.673+0000] {processor.py:161} INFO - Started process (PID=3530) to work on /opt/airflow/dags/load_to_clickhouse.py
[2025-11-02T19:03:44.677+0000] {processor.py:830} INFO - Processing file /opt/airflow/dags/load_to_clickhouse.py for tasks to queue
[2025-11-02T19:03:44.680+0000] {logging_mixin.py:188} INFO - [2025-11-02T19:03:44.679+0000] {dagbag.py:538} INFO - Filling up the DagBag from /opt/airflow/dags/load_to_clickhouse.py
[2025-11-02T19:03:45.754+0000] {processor.py:840} INFO - DAG(s) 'load_csv_to_clickhouse' retrieved from /opt/airflow/dags/load_to_clickhouse.py
[2025-11-02T19:03:45.808+0000] {logging_mixin.py:188} INFO - [2025-11-02T19:03:45.807+0000] {dag.py:3036} INFO - Sync 1 DAGs
[2025-11-02T19:03:45.858+0000] {logging_mixin.py:188} INFO - [2025-11-02T19:03:45.858+0000] {dag.py:3823} INFO - Setting next_dagrun for load_csv_to_clickhouse to 2025-11-02 00:00:00+00:00, run_after=2025-11-09 00:00:00+00:00
[2025-11-02T19:03:45.899+0000] {processor.py:183} INFO - Processing /opt/airflow/dags/load_to_clickhouse.py took 1.241 seconds
[2025-11-02T19:04:16.266+0000] {processor.py:161} INFO - Started process (PID=3542) to work on /opt/airflow/dags/load_to_clickhouse.py
[2025-11-02T19:04:16.269+0000] {processor.py:830} INFO - Processing file /opt/airflow/dags/load_to_clickhouse.py for tasks to queue
[2025-11-02T19:04:16.272+0000] {logging_mixin.py:188} INFO - [2025-11-02T19:04:16.271+0000] {dagbag.py:538} INFO - Filling up the DagBag from /opt/airflow/dags/load_to_clickhouse.py
[2025-11-02T19:04:17.627+0000] {processor.py:840} INFO - DAG(s) 'load_csv_to_clickhouse' retrieved from /opt/airflow/dags/load_to_clickhouse.py
[2025-11-02T19:04:17.682+0000] {logging_mixin.py:188} INFO - [2025-11-02T19:04:17.681+0000] {dag.py:3036} INFO - Sync 1 DAGs
[2025-11-02T19:04:17.735+0000] {logging_mixin.py:188} INFO - [2025-11-02T19:04:17.734+0000] {dag.py:3823} INFO - Setting next_dagrun for load_csv_to_clickhouse to 2025-11-02 00:00:00+00:00, run_after=2025-11-09 00:00:00+00:00
[2025-11-02T19:04:17.800+0000] {processor.py:183} INFO - Processing /opt/airflow/dags/load_to_clickhouse.py took 1.542 seconds
[2025-11-02T19:04:48.163+0000] {processor.py:161} INFO - Started process (PID=3554) to work on /opt/airflow/dags/load_to_clickhouse.py
[2025-11-02T19:04:48.167+0000] {processor.py:830} INFO - Processing file /opt/airflow/dags/load_to_clickhouse.py for tasks to queue
[2025-11-02T19:04:48.170+0000] {logging_mixin.py:188} INFO - [2025-11-02T19:04:48.169+0000] {dagbag.py:538} INFO - Filling up the DagBag from /opt/airflow/dags/load_to_clickhouse.py
[2025-11-02T19:04:52.576+0000] {processor.py:840} INFO - DAG(s) 'load_csv_to_clickhouse' retrieved from /opt/airflow/dags/load_to_clickhouse.py
[2025-11-02T19:04:58.868+0000] {logging_mixin.py:188} INFO - [2025-11-02T19:04:58.850+0000] {dag.py:3036} INFO - Sync 1 DAGs
[2025-11-02T19:05:02.432+0000] {logging_mixin.py:188} INFO - [2025-11-02T19:05:02.416+0000] {dag.py:3823} INFO - Setting next_dagrun for load_csv_to_clickhouse to 2025-11-02 00:00:00+00:00, run_after=2025-11-09 00:00:00+00:00
[2025-11-02T19:05:03.905+0000] {processor.py:183} INFO - Processing /opt/airflow/dags/load_to_clickhouse.py took 15.851 seconds
[2025-11-02T19:05:37.541+0000] {processor.py:161} INFO - Started process (PID=3568) to work on /opt/airflow/dags/load_to_clickhouse.py
[2025-11-02T19:05:37.605+0000] {processor.py:830} INFO - Processing file /opt/airflow/dags/load_to_clickhouse.py for tasks to queue
[2025-11-02T19:05:37.693+0000] {logging_mixin.py:188} INFO - [2025-11-02T19:05:37.679+0000] {dagbag.py:538} INFO - Filling up the DagBag from /opt/airflow/dags/load_to_clickhouse.py
[2025-11-02T19:05:42.739+0000] {processor.py:840} INFO - DAG(s) 'load_csv_to_clickhouse' retrieved from /opt/airflow/dags/load_to_clickhouse.py
[2025-11-02T19:05:42.812+0000] {logging_mixin.py:188} INFO - [2025-11-02T19:05:42.811+0000] {dag.py:3036} INFO - Sync 1 DAGs
[2025-11-02T19:05:42.873+0000] {logging_mixin.py:188} INFO - [2025-11-02T19:05:42.873+0000] {dag.py:3823} INFO - Setting next_dagrun for load_csv_to_clickhouse to 2025-11-02 00:00:00+00:00, run_after=2025-11-09 00:00:00+00:00
[2025-11-02T19:05:42.933+0000] {processor.py:183} INFO - Processing /opt/airflow/dags/load_to_clickhouse.py took 5.923 seconds
[2025-11-02T19:06:13.796+0000] {processor.py:161} INFO - Started process (PID=3580) to work on /opt/airflow/dags/load_to_clickhouse.py
[2025-11-02T19:06:13.799+0000] {processor.py:830} INFO - Processing file /opt/airflow/dags/load_to_clickhouse.py for tasks to queue
[2025-11-02T19:06:13.802+0000] {logging_mixin.py:188} INFO - [2025-11-02T19:06:13.801+0000] {dagbag.py:538} INFO - Filling up the DagBag from /opt/airflow/dags/load_to_clickhouse.py
[2025-11-02T19:06:15.109+0000] {processor.py:840} INFO - DAG(s) 'load_csv_to_clickhouse' retrieved from /opt/airflow/dags/load_to_clickhouse.py
[2025-11-02T19:06:15.182+0000] {logging_mixin.py:188} INFO - [2025-11-02T19:06:15.181+0000] {dag.py:3036} INFO - Sync 1 DAGs
[2025-11-02T19:06:15.265+0000] {logging_mixin.py:188} INFO - [2025-11-02T19:06:15.264+0000] {dag.py:3823} INFO - Setting next_dagrun for load_csv_to_clickhouse to 2025-11-02 00:00:00+00:00, run_after=2025-11-09 00:00:00+00:00
[2025-11-02T19:06:15.331+0000] {processor.py:183} INFO - Processing /opt/airflow/dags/load_to_clickhouse.py took 1.542 seconds
[2025-11-02T19:06:48.092+0000] {processor.py:161} INFO - Started process (PID=3592) to work on /opt/airflow/dags/load_to_clickhouse.py
[2025-11-02T19:06:48.136+0000] {processor.py:830} INFO - Processing file /opt/airflow/dags/load_to_clickhouse.py for tasks to queue
[2025-11-02T19:06:48.190+0000] {logging_mixin.py:188} INFO - [2025-11-02T19:06:48.173+0000] {dagbag.py:538} INFO - Filling up the DagBag from /opt/airflow/dags/load_to_clickhouse.py
[2025-11-02T19:06:53.655+0000] {processor.py:840} INFO - DAG(s) 'load_csv_to_clickhouse' retrieved from /opt/airflow/dags/load_to_clickhouse.py
[2025-11-02T19:06:53.723+0000] {logging_mixin.py:188} INFO - [2025-11-02T19:06:53.722+0000] {dag.py:3036} INFO - Sync 1 DAGs
[2025-11-02T19:06:53.814+0000] {logging_mixin.py:188} INFO - [2025-11-02T19:06:53.813+0000] {dag.py:3823} INFO - Setting next_dagrun for load_csv_to_clickhouse to 2025-11-02 00:00:00+00:00, run_after=2025-11-09 00:00:00+00:00
[2025-11-02T19:06:53.908+0000] {processor.py:183} INFO - Processing /opt/airflow/dags/load_to_clickhouse.py took 6.053 seconds
[2025-11-02T19:07:24.115+0000] {processor.py:161} INFO - Started process (PID=3604) to work on /opt/airflow/dags/load_to_clickhouse.py
[2025-11-02T19:07:24.119+0000] {processor.py:830} INFO - Processing file /opt/airflow/dags/load_to_clickhouse.py for tasks to queue
[2025-11-02T19:07:24.122+0000] {logging_mixin.py:188} INFO - [2025-11-02T19:07:24.122+0000] {dagbag.py:538} INFO - Filling up the DagBag from /opt/airflow/dags/load_to_clickhouse.py
[2025-11-02T19:07:25.780+0000] {processor.py:840} INFO - DAG(s) 'load_csv_to_clickhouse' retrieved from /opt/airflow/dags/load_to_clickhouse.py
[2025-11-02T19:07:25.853+0000] {logging_mixin.py:188} INFO - [2025-11-02T19:07:25.852+0000] {dag.py:3036} INFO - Sync 1 DAGs
[2025-11-02T19:07:25.900+0000] {logging_mixin.py:188} INFO - [2025-11-02T19:07:25.899+0000] {dag.py:3823} INFO - Setting next_dagrun for load_csv_to_clickhouse to 2025-11-02 00:00:00+00:00, run_after=2025-11-09 00:00:00+00:00
[2025-11-02T19:07:25.964+0000] {processor.py:183} INFO - Processing /opt/airflow/dags/load_to_clickhouse.py took 1.861 seconds
[2025-11-02T19:07:56.623+0000] {processor.py:161} INFO - Started process (PID=3616) to work on /opt/airflow/dags/load_to_clickhouse.py
[2025-11-02T19:07:56.629+0000] {processor.py:830} INFO - Processing file /opt/airflow/dags/load_to_clickhouse.py for tasks to queue
[2025-11-02T19:07:56.637+0000] {logging_mixin.py:188} INFO - [2025-11-02T19:07:56.636+0000] {dagbag.py:538} INFO - Filling up the DagBag from /opt/airflow/dags/load_to_clickhouse.py
[2025-11-02T19:07:58.111+0000] {processor.py:840} INFO - DAG(s) 'load_csv_to_clickhouse' retrieved from /opt/airflow/dags/load_to_clickhouse.py
[2025-11-02T19:07:58.163+0000] {logging_mixin.py:188} INFO - [2025-11-02T19:07:58.162+0000] {dag.py:3036} INFO - Sync 1 DAGs
[2025-11-02T19:07:58.225+0000] {logging_mixin.py:188} INFO - [2025-11-02T19:07:58.224+0000] {dag.py:3823} INFO - Setting next_dagrun for load_csv_to_clickhouse to 2025-11-02 00:00:00+00:00, run_after=2025-11-09 00:00:00+00:00
[2025-11-02T19:07:58.286+0000] {processor.py:183} INFO - Processing /opt/airflow/dags/load_to_clickhouse.py took 1.790 seconds
[2025-11-02T19:08:29.218+0000] {processor.py:161} INFO - Started process (PID=3628) to work on /opt/airflow/dags/load_to_clickhouse.py
[2025-11-02T19:08:29.222+0000] {processor.py:830} INFO - Processing file /opt/airflow/dags/load_to_clickhouse.py for tasks to queue
[2025-11-02T19:08:29.226+0000] {logging_mixin.py:188} INFO - [2025-11-02T19:08:29.225+0000] {dagbag.py:538} INFO - Filling up the DagBag from /opt/airflow/dags/load_to_clickhouse.py
[2025-11-02T19:08:30.824+0000] {processor.py:840} INFO - DAG(s) 'load_csv_to_clickhouse' retrieved from /opt/airflow/dags/load_to_clickhouse.py
[2025-11-02T19:08:30.954+0000] {logging_mixin.py:188} INFO - [2025-11-02T19:08:30.953+0000] {dag.py:3036} INFO - Sync 1 DAGs
[2025-11-02T19:08:31.042+0000] {logging_mixin.py:188} INFO - [2025-11-02T19:08:31.041+0000] {dag.py:3823} INFO - Setting next_dagrun for load_csv_to_clickhouse to 2025-11-02 00:00:00+00:00, run_after=2025-11-09 00:00:00+00:00
[2025-11-02T19:08:31.112+0000] {processor.py:183} INFO - Processing /opt/airflow/dags/load_to_clickhouse.py took 1.962 seconds
[2025-11-02T19:09:01.621+0000] {processor.py:161} INFO - Started process (PID=3640) to work on /opt/airflow/dags/load_to_clickhouse.py
[2025-11-02T19:09:01.623+0000] {processor.py:830} INFO - Processing file /opt/airflow/dags/load_to_clickhouse.py for tasks to queue
[2025-11-02T19:09:01.626+0000] {logging_mixin.py:188} INFO - [2025-11-02T19:09:01.625+0000] {dagbag.py:538} INFO - Filling up the DagBag from /opt/airflow/dags/load_to_clickhouse.py
[2025-11-02T19:09:03.295+0000] {processor.py:840} INFO - DAG(s) 'load_csv_to_clickhouse' retrieved from /opt/airflow/dags/load_to_clickhouse.py
[2025-11-02T19:09:03.415+0000] {logging_mixin.py:188} INFO - [2025-11-02T19:09:03.414+0000] {dag.py:3036} INFO - Sync 1 DAGs
[2025-11-02T19:09:03.499+0000] {logging_mixin.py:188} INFO - [2025-11-02T19:09:03.498+0000] {dag.py:3823} INFO - Setting next_dagrun for load_csv_to_clickhouse to 2025-11-02 00:00:00+00:00, run_after=2025-11-09 00:00:00+00:00
[2025-11-02T19:09:03.564+0000] {processor.py:183} INFO - Processing /opt/airflow/dags/load_to_clickhouse.py took 1.953 seconds
[2025-11-02T19:09:34.981+0000] {processor.py:161} INFO - Started process (PID=3652) to work on /opt/airflow/dags/load_to_clickhouse.py
[2025-11-02T19:09:35.002+0000] {processor.py:830} INFO - Processing file /opt/airflow/dags/load_to_clickhouse.py for tasks to queue
[2025-11-02T19:09:35.023+0000] {logging_mixin.py:188} INFO - [2025-11-02T19:09:35.017+0000] {dagbag.py:538} INFO - Filling up the DagBag from /opt/airflow/dags/load_to_clickhouse.py
[2025-11-02T19:09:42.761+0000] {processor.py:840} INFO - DAG(s) 'load_csv_to_clickhouse' retrieved from /opt/airflow/dags/load_to_clickhouse.py
[2025-11-02T19:09:42.829+0000] {logging_mixin.py:188} INFO - [2025-11-02T19:09:42.828+0000] {dag.py:3036} INFO - Sync 1 DAGs
[2025-11-02T19:09:42.891+0000] {logging_mixin.py:188} INFO - [2025-11-02T19:09:42.890+0000] {dag.py:3823} INFO - Setting next_dagrun for load_csv_to_clickhouse to 2025-11-02 00:00:00+00:00, run_after=2025-11-09 00:00:00+00:00
[2025-11-02T19:09:42.942+0000] {processor.py:183} INFO - Processing /opt/airflow/dags/load_to_clickhouse.py took 8.050 seconds
[2025-11-02T19:10:13.522+0000] {processor.py:161} INFO - Started process (PID=3664) to work on /opt/airflow/dags/load_to_clickhouse.py
[2025-11-02T19:10:13.525+0000] {processor.py:830} INFO - Processing file /opt/airflow/dags/load_to_clickhouse.py for tasks to queue
[2025-11-02T19:10:13.527+0000] {logging_mixin.py:188} INFO - [2025-11-02T19:10:13.526+0000] {dagbag.py:538} INFO - Filling up the DagBag from /opt/airflow/dags/load_to_clickhouse.py
[2025-11-02T19:10:14.765+0000] {processor.py:840} INFO - DAG(s) 'load_csv_to_clickhouse' retrieved from /opt/airflow/dags/load_to_clickhouse.py
[2025-11-02T19:10:14.834+0000] {logging_mixin.py:188} INFO - [2025-11-02T19:10:14.833+0000] {dag.py:3036} INFO - Sync 1 DAGs
[2025-11-02T19:10:14.900+0000] {logging_mixin.py:188} INFO - [2025-11-02T19:10:14.899+0000] {dag.py:3823} INFO - Setting next_dagrun for load_csv_to_clickhouse to 2025-11-02 00:00:00+00:00, run_after=2025-11-09 00:00:00+00:00
[2025-11-02T19:10:14.956+0000] {processor.py:183} INFO - Processing /opt/airflow/dags/load_to_clickhouse.py took 1.442 seconds
[2025-11-02T19:10:45.249+0000] {processor.py:161} INFO - Started process (PID=3676) to work on /opt/airflow/dags/load_to_clickhouse.py
[2025-11-02T19:10:45.252+0000] {processor.py:830} INFO - Processing file /opt/airflow/dags/load_to_clickhouse.py for tasks to queue
[2025-11-02T19:10:45.254+0000] {logging_mixin.py:188} INFO - [2025-11-02T19:10:45.254+0000] {dagbag.py:538} INFO - Filling up the DagBag from /opt/airflow/dags/load_to_clickhouse.py
[2025-11-02T19:10:46.598+0000] {processor.py:840} INFO - DAG(s) 'load_csv_to_clickhouse' retrieved from /opt/airflow/dags/load_to_clickhouse.py
[2025-11-02T19:10:46.664+0000] {logging_mixin.py:188} INFO - [2025-11-02T19:10:46.663+0000] {dag.py:3036} INFO - Sync 1 DAGs
[2025-11-02T19:10:46.725+0000] {logging_mixin.py:188} INFO - [2025-11-02T19:10:46.724+0000] {dag.py:3823} INFO - Setting next_dagrun for load_csv_to_clickhouse to 2025-11-02 00:00:00+00:00, run_after=2025-11-09 00:00:00+00:00
[2025-11-02T19:10:46.780+0000] {processor.py:183} INFO - Processing /opt/airflow/dags/load_to_clickhouse.py took 1.542 seconds
[2025-11-02T19:11:20.248+0000] {processor.py:161} INFO - Started process (PID=3688) to work on /opt/airflow/dags/load_to_clickhouse.py
[2025-11-02T19:11:20.258+0000] {processor.py:830} INFO - Processing file /opt/airflow/dags/load_to_clickhouse.py for tasks to queue
[2025-11-02T19:11:20.281+0000] {logging_mixin.py:188} INFO - [2025-11-02T19:11:20.275+0000] {dagbag.py:538} INFO - Filling up the DagBag from /opt/airflow/dags/load_to_clickhouse.py
[2025-11-02T19:11:23.792+0000] {processor.py:840} INFO - DAG(s) 'load_csv_to_clickhouse' retrieved from /opt/airflow/dags/load_to_clickhouse.py
[2025-11-02T19:11:23.903+0000] {logging_mixin.py:188} INFO - [2025-11-02T19:11:23.902+0000] {dag.py:3036} INFO - Sync 1 DAGs
[2025-11-02T19:11:23.990+0000] {logging_mixin.py:188} INFO - [2025-11-02T19:11:23.989+0000] {dag.py:3823} INFO - Setting next_dagrun for load_csv_to_clickhouse to 2025-11-02 00:00:00+00:00, run_after=2025-11-09 00:00:00+00:00
[2025-11-02T19:11:24.056+0000] {processor.py:183} INFO - Processing /opt/airflow/dags/load_to_clickhouse.py took 3.845 seconds
[2025-11-02T19:11:54.598+0000] {processor.py:161} INFO - Started process (PID=3700) to work on /opt/airflow/dags/load_to_clickhouse.py
[2025-11-02T19:11:54.602+0000] {processor.py:830} INFO - Processing file /opt/airflow/dags/load_to_clickhouse.py for tasks to queue
[2025-11-02T19:11:54.606+0000] {logging_mixin.py:188} INFO - [2025-11-02T19:11:54.605+0000] {dagbag.py:538} INFO - Filling up the DagBag from /opt/airflow/dags/load_to_clickhouse.py
[2025-11-02T19:11:56.569+0000] {processor.py:840} INFO - DAG(s) 'load_csv_to_clickhouse' retrieved from /opt/airflow/dags/load_to_clickhouse.py
[2025-11-02T19:11:56.703+0000] {logging_mixin.py:188} INFO - [2025-11-02T19:11:56.702+0000] {dag.py:3036} INFO - Sync 1 DAGs
[2025-11-02T19:11:56.772+0000] {logging_mixin.py:188} INFO - [2025-11-02T19:11:56.770+0000] {dag.py:3823} INFO - Setting next_dagrun for load_csv_to_clickhouse to 2025-11-02 00:00:00+00:00, run_after=2025-11-09 00:00:00+00:00
[2025-11-02T19:11:56.903+0000] {processor.py:183} INFO - Processing /opt/airflow/dags/load_to_clickhouse.py took 2.319 seconds
[2025-11-02T19:12:27.719+0000] {processor.py:161} INFO - Started process (PID=3715) to work on /opt/airflow/dags/load_to_clickhouse.py
[2025-11-02T19:12:27.722+0000] {processor.py:830} INFO - Processing file /opt/airflow/dags/load_to_clickhouse.py for tasks to queue
[2025-11-02T19:12:27.726+0000] {logging_mixin.py:188} INFO - [2025-11-02T19:12:27.725+0000] {dagbag.py:538} INFO - Filling up the DagBag from /opt/airflow/dags/load_to_clickhouse.py
[2025-11-02T19:12:30.616+0000] {processor.py:840} INFO - DAG(s) 'load_csv_to_clickhouse' retrieved from /opt/airflow/dags/load_to_clickhouse.py
[2025-11-02T19:12:30.761+0000] {logging_mixin.py:188} INFO - [2025-11-02T19:12:30.760+0000] {dag.py:3036} INFO - Sync 1 DAGs
[2025-11-02T19:12:30.834+0000] {logging_mixin.py:188} INFO - [2025-11-02T19:12:30.833+0000] {dag.py:3823} INFO - Setting next_dagrun for load_csv_to_clickhouse to 2025-11-02 00:00:00+00:00, run_after=2025-11-09 00:00:00+00:00
[2025-11-02T19:12:30.891+0000] {processor.py:183} INFO - Processing /opt/airflow/dags/load_to_clickhouse.py took 3.301 seconds
[2025-11-02T19:13:01.727+0000] {processor.py:161} INFO - Started process (PID=3728) to work on /opt/airflow/dags/load_to_clickhouse.py
[2025-11-02T19:13:01.730+0000] {processor.py:830} INFO - Processing file /opt/airflow/dags/load_to_clickhouse.py for tasks to queue
[2025-11-02T19:13:01.733+0000] {logging_mixin.py:188} INFO - [2025-11-02T19:13:01.732+0000] {dagbag.py:538} INFO - Filling up the DagBag from /opt/airflow/dags/load_to_clickhouse.py
[2025-11-02T19:13:03.057+0000] {processor.py:840} INFO - DAG(s) 'load_csv_to_clickhouse' retrieved from /opt/airflow/dags/load_to_clickhouse.py
[2025-11-02T19:13:03.114+0000] {logging_mixin.py:188} INFO - [2025-11-02T19:13:03.114+0000] {dag.py:3036} INFO - Sync 1 DAGs
[2025-11-02T19:13:03.164+0000] {logging_mixin.py:188} INFO - [2025-11-02T19:13:03.164+0000] {dag.py:3823} INFO - Setting next_dagrun for load_csv_to_clickhouse to 2025-11-02 00:00:00+00:00, run_after=2025-11-09 00:00:00+00:00
[2025-11-02T19:13:03.204+0000] {processor.py:183} INFO - Processing /opt/airflow/dags/load_to_clickhouse.py took 1.485 seconds
[2025-11-02T19:13:33.705+0000] {processor.py:161} INFO - Started process (PID=3740) to work on /opt/airflow/dags/load_to_clickhouse.py
[2025-11-02T19:13:33.710+0000] {processor.py:830} INFO - Processing file /opt/airflow/dags/load_to_clickhouse.py for tasks to queue
[2025-11-02T19:13:33.714+0000] {logging_mixin.py:188} INFO - [2025-11-02T19:13:33.714+0000] {dagbag.py:538} INFO - Filling up the DagBag from /opt/airflow/dags/load_to_clickhouse.py
[2025-11-02T19:13:35.151+0000] {processor.py:840} INFO - DAG(s) 'load_csv_to_clickhouse' retrieved from /opt/airflow/dags/load_to_clickhouse.py
[2025-11-02T19:13:35.252+0000] {logging_mixin.py:188} INFO - [2025-11-02T19:13:35.251+0000] {dag.py:3036} INFO - Sync 1 DAGs
[2025-11-02T19:13:35.329+0000] {logging_mixin.py:188} INFO - [2025-11-02T19:13:35.328+0000] {dag.py:3823} INFO - Setting next_dagrun for load_csv_to_clickhouse to 2025-11-02 00:00:00+00:00, run_after=2025-11-09 00:00:00+00:00
[2025-11-02T19:13:35.438+0000] {processor.py:183} INFO - Processing /opt/airflow/dags/load_to_clickhouse.py took 1.750 seconds
[2025-11-02T19:14:06.062+0000] {processor.py:161} INFO - Started process (PID=3752) to work on /opt/airflow/dags/load_to_clickhouse.py
[2025-11-02T19:14:06.065+0000] {processor.py:830} INFO - Processing file /opt/airflow/dags/load_to_clickhouse.py for tasks to queue
[2025-11-02T19:14:06.068+0000] {logging_mixin.py:188} INFO - [2025-11-02T19:14:06.067+0000] {dagbag.py:538} INFO - Filling up the DagBag from /opt/airflow/dags/load_to_clickhouse.py
[2025-11-02T19:14:07.486+0000] {processor.py:840} INFO - DAG(s) 'load_csv_to_clickhouse' retrieved from /opt/airflow/dags/load_to_clickhouse.py
[2025-11-02T19:14:07.545+0000] {logging_mixin.py:188} INFO - [2025-11-02T19:14:07.544+0000] {dag.py:3036} INFO - Sync 1 DAGs
[2025-11-02T19:14:07.590+0000] {logging_mixin.py:188} INFO - [2025-11-02T19:14:07.589+0000] {dag.py:3823} INFO - Setting next_dagrun for load_csv_to_clickhouse to 2025-11-02 00:00:00+00:00, run_after=2025-11-09 00:00:00+00:00
[2025-11-02T19:14:07.636+0000] {processor.py:183} INFO - Processing /opt/airflow/dags/load_to_clickhouse.py took 1.582 seconds
[2025-11-02T19:14:38.201+0000] {processor.py:161} INFO - Started process (PID=3764) to work on /opt/airflow/dags/load_to_clickhouse.py
[2025-11-02T19:14:38.204+0000] {processor.py:830} INFO - Processing file /opt/airflow/dags/load_to_clickhouse.py for tasks to queue
[2025-11-02T19:14:38.207+0000] {logging_mixin.py:188} INFO - [2025-11-02T19:14:38.206+0000] {dagbag.py:538} INFO - Filling up the DagBag from /opt/airflow/dags/load_to_clickhouse.py
[2025-11-02T19:14:39.366+0000] {processor.py:840} INFO - DAG(s) 'load_csv_to_clickhouse' retrieved from /opt/airflow/dags/load_to_clickhouse.py
[2025-11-02T19:14:39.429+0000] {logging_mixin.py:188} INFO - [2025-11-02T19:14:39.427+0000] {dag.py:3036} INFO - Sync 1 DAGs
[2025-11-02T19:14:39.489+0000] {logging_mixin.py:188} INFO - [2025-11-02T19:14:39.488+0000] {dag.py:3823} INFO - Setting next_dagrun for load_csv_to_clickhouse to 2025-11-02 00:00:00+00:00, run_after=2025-11-09 00:00:00+00:00
[2025-11-02T19:14:39.537+0000] {processor.py:183} INFO - Processing /opt/airflow/dags/load_to_clickhouse.py took 1.347 seconds
[2025-11-02T19:15:09.739+0000] {processor.py:161} INFO - Started process (PID=3776) to work on /opt/airflow/dags/load_to_clickhouse.py
[2025-11-02T19:15:09.742+0000] {processor.py:830} INFO - Processing file /opt/airflow/dags/load_to_clickhouse.py for tasks to queue
[2025-11-02T19:15:09.745+0000] {logging_mixin.py:188} INFO - [2025-11-02T19:15:09.744+0000] {dagbag.py:538} INFO - Filling up the DagBag from /opt/airflow/dags/load_to_clickhouse.py
[2025-11-02T19:15:11.185+0000] {processor.py:840} INFO - DAG(s) 'load_csv_to_clickhouse' retrieved from /opt/airflow/dags/load_to_clickhouse.py
[2025-11-02T19:15:11.238+0000] {logging_mixin.py:188} INFO - [2025-11-02T19:15:11.237+0000] {dag.py:3036} INFO - Sync 1 DAGs
[2025-11-02T19:15:11.283+0000] {logging_mixin.py:188} INFO - [2025-11-02T19:15:11.282+0000] {dag.py:3823} INFO - Setting next_dagrun for load_csv_to_clickhouse to 2025-11-02 00:00:00+00:00, run_after=2025-11-09 00:00:00+00:00
[2025-11-02T19:15:11.325+0000] {processor.py:183} INFO - Processing /opt/airflow/dags/load_to_clickhouse.py took 1.595 seconds
[2025-11-02T19:15:41.682+0000] {processor.py:161} INFO - Started process (PID=3790) to work on /opt/airflow/dags/load_to_clickhouse.py
[2025-11-02T19:15:41.685+0000] {processor.py:830} INFO - Processing file /opt/airflow/dags/load_to_clickhouse.py for tasks to queue
[2025-11-02T19:15:41.687+0000] {logging_mixin.py:188} INFO - [2025-11-02T19:15:41.686+0000] {dagbag.py:538} INFO - Filling up the DagBag from /opt/airflow/dags/load_to_clickhouse.py
[2025-11-02T19:15:43.006+0000] {processor.py:840} INFO - DAG(s) 'load_csv_to_clickhouse' retrieved from /opt/airflow/dags/load_to_clickhouse.py
[2025-11-02T19:15:43.066+0000] {logging_mixin.py:188} INFO - [2025-11-02T19:15:43.065+0000] {dag.py:3036} INFO - Sync 1 DAGs
[2025-11-02T19:15:43.127+0000] {logging_mixin.py:188} INFO - [2025-11-02T19:15:43.126+0000] {dag.py:3823} INFO - Setting next_dagrun for load_csv_to_clickhouse to 2025-11-02 00:00:00+00:00, run_after=2025-11-09 00:00:00+00:00
[2025-11-02T19:15:43.170+0000] {processor.py:183} INFO - Processing /opt/airflow/dags/load_to_clickhouse.py took 1.496 seconds
[2025-11-02T19:16:13.926+0000] {processor.py:161} INFO - Started process (PID=3802) to work on /opt/airflow/dags/load_to_clickhouse.py
[2025-11-02T19:16:13.928+0000] {processor.py:830} INFO - Processing file /opt/airflow/dags/load_to_clickhouse.py for tasks to queue
[2025-11-02T19:16:13.931+0000] {logging_mixin.py:188} INFO - [2025-11-02T19:16:13.930+0000] {dagbag.py:538} INFO - Filling up the DagBag from /opt/airflow/dags/load_to_clickhouse.py
[2025-11-02T19:16:15.118+0000] {processor.py:840} INFO - DAG(s) 'load_csv_to_clickhouse' retrieved from /opt/airflow/dags/load_to_clickhouse.py
[2025-11-02T19:16:15.168+0000] {logging_mixin.py:188} INFO - [2025-11-02T19:16:15.167+0000] {dag.py:3036} INFO - Sync 1 DAGs
[2025-11-02T19:16:15.212+0000] {logging_mixin.py:188} INFO - [2025-11-02T19:16:15.211+0000] {dag.py:3823} INFO - Setting next_dagrun for load_csv_to_clickhouse to 2025-11-02 00:00:00+00:00, run_after=2025-11-09 00:00:00+00:00
[2025-11-02T19:16:15.266+0000] {processor.py:183} INFO - Processing /opt/airflow/dags/load_to_clickhouse.py took 1.353 seconds
[2025-11-02T19:16:45.594+0000] {processor.py:161} INFO - Started process (PID=3814) to work on /opt/airflow/dags/load_to_clickhouse.py
[2025-11-02T19:16:45.598+0000] {processor.py:830} INFO - Processing file /opt/airflow/dags/load_to_clickhouse.py for tasks to queue
[2025-11-02T19:16:45.603+0000] {logging_mixin.py:188} INFO - [2025-11-02T19:16:45.601+0000] {dagbag.py:538} INFO - Filling up the DagBag from /opt/airflow/dags/load_to_clickhouse.py
[2025-11-02T19:16:46.990+0000] {processor.py:840} INFO - DAG(s) 'load_csv_to_clickhouse' retrieved from /opt/airflow/dags/load_to_clickhouse.py
[2025-11-02T19:16:47.036+0000] {logging_mixin.py:188} INFO - [2025-11-02T19:16:47.035+0000] {dag.py:3036} INFO - Sync 1 DAGs
[2025-11-02T19:16:47.076+0000] {logging_mixin.py:188} INFO - [2025-11-02T19:16:47.076+0000] {dag.py:3823} INFO - Setting next_dagrun for load_csv_to_clickhouse to 2025-11-02 00:00:00+00:00, run_after=2025-11-09 00:00:00+00:00
[2025-11-02T19:16:47.122+0000] {processor.py:183} INFO - Processing /opt/airflow/dags/load_to_clickhouse.py took 1.543 seconds
[2025-11-02T19:17:17.676+0000] {processor.py:161} INFO - Started process (PID=3826) to work on /opt/airflow/dags/load_to_clickhouse.py
[2025-11-02T19:17:17.678+0000] {processor.py:830} INFO - Processing file /opt/airflow/dags/load_to_clickhouse.py for tasks to queue
[2025-11-02T19:17:17.680+0000] {logging_mixin.py:188} INFO - [2025-11-02T19:17:17.680+0000] {dagbag.py:538} INFO - Filling up the DagBag from /opt/airflow/dags/load_to_clickhouse.py
[2025-11-02T19:17:18.935+0000] {processor.py:840} INFO - DAG(s) 'load_csv_to_clickhouse' retrieved from /opt/airflow/dags/load_to_clickhouse.py
[2025-11-02T19:17:19.015+0000] {logging_mixin.py:188} INFO - [2025-11-02T19:17:19.014+0000] {dag.py:3036} INFO - Sync 1 DAGs
[2025-11-02T19:17:19.081+0000] {logging_mixin.py:188} INFO - [2025-11-02T19:17:19.080+0000] {dag.py:3823} INFO - Setting next_dagrun for load_csv_to_clickhouse to 2025-11-02 00:00:00+00:00, run_after=2025-11-09 00:00:00+00:00
[2025-11-02T19:17:19.126+0000] {processor.py:183} INFO - Processing /opt/airflow/dags/load_to_clickhouse.py took 1.458 seconds
[2025-11-02T19:17:49.349+0000] {processor.py:161} INFO - Started process (PID=3838) to work on /opt/airflow/dags/load_to_clickhouse.py
[2025-11-02T19:17:49.351+0000] {processor.py:830} INFO - Processing file /opt/airflow/dags/load_to_clickhouse.py for tasks to queue
[2025-11-02T19:17:49.354+0000] {logging_mixin.py:188} INFO - [2025-11-02T19:17:49.353+0000] {dagbag.py:538} INFO - Filling up the DagBag from /opt/airflow/dags/load_to_clickhouse.py
[2025-11-02T19:17:50.550+0000] {processor.py:840} INFO - DAG(s) 'load_csv_to_clickhouse' retrieved from /opt/airflow/dags/load_to_clickhouse.py
[2025-11-02T19:17:50.606+0000] {logging_mixin.py:188} INFO - [2025-11-02T19:17:50.606+0000] {dag.py:3036} INFO - Sync 1 DAGs
[2025-11-02T19:17:50.648+0000] {logging_mixin.py:188} INFO - [2025-11-02T19:17:50.647+0000] {dag.py:3823} INFO - Setting next_dagrun for load_csv_to_clickhouse to 2025-11-02 00:00:00+00:00, run_after=2025-11-09 00:00:00+00:00
[2025-11-02T19:17:50.687+0000] {processor.py:183} INFO - Processing /opt/airflow/dags/load_to_clickhouse.py took 1.347 seconds
[2025-11-02T19:18:20.922+0000] {processor.py:161} INFO - Started process (PID=3850) to work on /opt/airflow/dags/load_to_clickhouse.py
[2025-11-02T19:18:20.926+0000] {processor.py:830} INFO - Processing file /opt/airflow/dags/load_to_clickhouse.py for tasks to queue
[2025-11-02T19:18:20.928+0000] {logging_mixin.py:188} INFO - [2025-11-02T19:18:20.928+0000] {dagbag.py:538} INFO - Filling up the DagBag from /opt/airflow/dags/load_to_clickhouse.py
[2025-11-02T19:18:22.076+0000] {processor.py:840} INFO - DAG(s) 'load_csv_to_clickhouse' retrieved from /opt/airflow/dags/load_to_clickhouse.py
[2025-11-02T19:18:22.143+0000] {logging_mixin.py:188} INFO - [2025-11-02T19:18:22.142+0000] {dag.py:3036} INFO - Sync 1 DAGs
[2025-11-02T19:18:22.201+0000] {logging_mixin.py:188} INFO - [2025-11-02T19:18:22.200+0000] {dag.py:3823} INFO - Setting next_dagrun for load_csv_to_clickhouse to 2025-11-02 00:00:00+00:00, run_after=2025-11-09 00:00:00+00:00
[2025-11-02T19:18:22.258+0000] {processor.py:183} INFO - Processing /opt/airflow/dags/load_to_clickhouse.py took 1.350 seconds
[2025-11-02T19:18:52.807+0000] {processor.py:161} INFO - Started process (PID=3862) to work on /opt/airflow/dags/load_to_clickhouse.py
[2025-11-02T19:18:52.809+0000] {processor.py:830} INFO - Processing file /opt/airflow/dags/load_to_clickhouse.py for tasks to queue
[2025-11-02T19:18:52.812+0000] {logging_mixin.py:188} INFO - [2025-11-02T19:18:52.811+0000] {dagbag.py:538} INFO - Filling up the DagBag from /opt/airflow/dags/load_to_clickhouse.py
[2025-11-02T19:18:53.998+0000] {processor.py:840} INFO - DAG(s) 'load_csv_to_clickhouse' retrieved from /opt/airflow/dags/load_to_clickhouse.py
[2025-11-02T19:18:54.059+0000] {logging_mixin.py:188} INFO - [2025-11-02T19:18:54.058+0000] {dag.py:3036} INFO - Sync 1 DAGs
[2025-11-02T19:18:54.100+0000] {logging_mixin.py:188} INFO - [2025-11-02T19:18:54.099+0000] {dag.py:3823} INFO - Setting next_dagrun for load_csv_to_clickhouse to 2025-11-02 00:00:00+00:00, run_after=2025-11-09 00:00:00+00:00
[2025-11-02T19:18:54.139+0000] {processor.py:183} INFO - Processing /opt/airflow/dags/load_to_clickhouse.py took 1.341 seconds
[2025-11-02T19:19:24.440+0000] {processor.py:161} INFO - Started process (PID=3874) to work on /opt/airflow/dags/load_to_clickhouse.py
[2025-11-02T19:19:24.442+0000] {processor.py:830} INFO - Processing file /opt/airflow/dags/load_to_clickhouse.py for tasks to queue
[2025-11-02T19:19:24.445+0000] {logging_mixin.py:188} INFO - [2025-11-02T19:19:24.444+0000] {dagbag.py:538} INFO - Filling up the DagBag from /opt/airflow/dags/load_to_clickhouse.py
[2025-11-02T19:19:25.540+0000] {processor.py:840} INFO - DAG(s) 'load_csv_to_clickhouse' retrieved from /opt/airflow/dags/load_to_clickhouse.py
[2025-11-02T19:19:25.600+0000] {logging_mixin.py:188} INFO - [2025-11-02T19:19:25.599+0000] {dag.py:3036} INFO - Sync 1 DAGs
[2025-11-02T19:19:25.643+0000] {logging_mixin.py:188} INFO - [2025-11-02T19:19:25.643+0000] {dag.py:3823} INFO - Setting next_dagrun for load_csv_to_clickhouse to 2025-11-02 00:00:00+00:00, run_after=2025-11-09 00:00:00+00:00
[2025-11-02T19:19:25.696+0000] {processor.py:183} INFO - Processing /opt/airflow/dags/load_to_clickhouse.py took 1.263 seconds
[2025-11-02T19:19:55.949+0000] {processor.py:161} INFO - Started process (PID=3886) to work on /opt/airflow/dags/load_to_clickhouse.py
[2025-11-02T19:19:55.961+0000] {processor.py:830} INFO - Processing file /opt/airflow/dags/load_to_clickhouse.py for tasks to queue
[2025-11-02T19:19:55.979+0000] {logging_mixin.py:188} INFO - [2025-11-02T19:19:55.973+0000] {dagbag.py:538} INFO - Filling up the DagBag from /opt/airflow/dags/load_to_clickhouse.py
[2025-11-02T19:19:57.395+0000] {processor.py:840} INFO - DAG(s) 'load_csv_to_clickhouse' retrieved from /opt/airflow/dags/load_to_clickhouse.py
[2025-11-02T19:19:57.486+0000] {logging_mixin.py:188} INFO - [2025-11-02T19:19:57.485+0000] {dag.py:3036} INFO - Sync 1 DAGs
[2025-11-02T19:19:57.535+0000] {logging_mixin.py:188} INFO - [2025-11-02T19:19:57.535+0000] {dag.py:3823} INFO - Setting next_dagrun for load_csv_to_clickhouse to 2025-11-02 00:00:00+00:00, run_after=2025-11-09 00:00:00+00:00
[2025-11-02T19:19:57.577+0000] {processor.py:183} INFO - Processing /opt/airflow/dags/load_to_clickhouse.py took 1.643 seconds
[2025-11-02T19:20:27.786+0000] {processor.py:161} INFO - Started process (PID=3898) to work on /opt/airflow/dags/load_to_clickhouse.py
[2025-11-02T19:20:27.789+0000] {processor.py:830} INFO - Processing file /opt/airflow/dags/load_to_clickhouse.py for tasks to queue
[2025-11-02T19:20:27.791+0000] {logging_mixin.py:188} INFO - [2025-11-02T19:20:27.791+0000] {dagbag.py:538} INFO - Filling up the DagBag from /opt/airflow/dags/load_to_clickhouse.py
[2025-11-02T19:20:28.918+0000] {processor.py:840} INFO - DAG(s) 'load_csv_to_clickhouse' retrieved from /opt/airflow/dags/load_to_clickhouse.py
[2025-11-02T19:20:28.980+0000] {logging_mixin.py:188} INFO - [2025-11-02T19:20:28.979+0000] {dag.py:3036} INFO - Sync 1 DAGs
[2025-11-02T19:20:29.032+0000] {logging_mixin.py:188} INFO - [2025-11-02T19:20:29.032+0000] {dag.py:3823} INFO - Setting next_dagrun for load_csv_to_clickhouse to 2025-11-02 00:00:00+00:00, run_after=2025-11-09 00:00:00+00:00
[2025-11-02T19:20:29.067+0000] {processor.py:183} INFO - Processing /opt/airflow/dags/load_to_clickhouse.py took 1.338 seconds
[2025-11-02T19:20:59.548+0000] {processor.py:161} INFO - Started process (PID=3910) to work on /opt/airflow/dags/load_to_clickhouse.py
[2025-11-02T19:20:59.551+0000] {processor.py:830} INFO - Processing file /opt/airflow/dags/load_to_clickhouse.py for tasks to queue
[2025-11-02T19:20:59.553+0000] {logging_mixin.py:188} INFO - [2025-11-02T19:20:59.553+0000] {dagbag.py:538} INFO - Filling up the DagBag from /opt/airflow/dags/load_to_clickhouse.py
[2025-11-02T19:21:00.703+0000] {processor.py:840} INFO - DAG(s) 'load_csv_to_clickhouse' retrieved from /opt/airflow/dags/load_to_clickhouse.py
[2025-11-02T19:21:00.758+0000] {logging_mixin.py:188} INFO - [2025-11-02T19:21:00.757+0000] {dag.py:3036} INFO - Sync 1 DAGs
[2025-11-02T19:21:00.794+0000] {logging_mixin.py:188} INFO - [2025-11-02T19:21:00.793+0000] {dag.py:3823} INFO - Setting next_dagrun for load_csv_to_clickhouse to 2025-11-02 00:00:00+00:00, run_after=2025-11-09 00:00:00+00:00
[2025-11-02T19:21:00.840+0000] {processor.py:183} INFO - Processing /opt/airflow/dags/load_to_clickhouse.py took 1.298 seconds
[2025-11-02T19:21:31.049+0000] {processor.py:161} INFO - Started process (PID=3922) to work on /opt/airflow/dags/load_to_clickhouse.py
[2025-11-02T19:21:31.053+0000] {processor.py:830} INFO - Processing file /opt/airflow/dags/load_to_clickhouse.py for tasks to queue
[2025-11-02T19:21:31.057+0000] {logging_mixin.py:188} INFO - [2025-11-02T19:21:31.055+0000] {dagbag.py:538} INFO - Filling up the DagBag from /opt/airflow/dags/load_to_clickhouse.py
[2025-11-02T19:21:32.947+0000] {processor.py:840} INFO - DAG(s) 'load_csv_to_clickhouse' retrieved from /opt/airflow/dags/load_to_clickhouse.py
[2025-11-02T19:21:33.017+0000] {logging_mixin.py:188} INFO - [2025-11-02T19:21:33.015+0000] {dag.py:3036} INFO - Sync 1 DAGs
[2025-11-02T19:21:33.089+0000] {logging_mixin.py:188} INFO - [2025-11-02T19:21:33.088+0000] {dag.py:3823} INFO - Setting next_dagrun for load_csv_to_clickhouse to 2025-11-02 00:00:00+00:00, run_after=2025-11-09 00:00:00+00:00
[2025-11-02T19:21:33.147+0000] {processor.py:183} INFO - Processing /opt/airflow/dags/load_to_clickhouse.py took 2.109 seconds
[2025-11-02T19:22:03.391+0000] {processor.py:161} INFO - Started process (PID=3932) to work on /opt/airflow/dags/load_to_clickhouse.py
[2025-11-02T19:22:03.395+0000] {processor.py:830} INFO - Processing file /opt/airflow/dags/load_to_clickhouse.py for tasks to queue
[2025-11-02T19:22:03.398+0000] {logging_mixin.py:188} INFO - [2025-11-02T19:22:03.397+0000] {dagbag.py:538} INFO - Filling up the DagBag from /opt/airflow/dags/load_to_clickhouse.py
[2025-11-02T19:22:04.785+0000] {processor.py:840} INFO - DAG(s) 'load_csv_to_clickhouse' retrieved from /opt/airflow/dags/load_to_clickhouse.py
[2025-11-02T19:22:04.854+0000] {logging_mixin.py:188} INFO - [2025-11-02T19:22:04.853+0000] {dag.py:3036} INFO - Sync 1 DAGs
[2025-11-02T19:22:04.898+0000] {logging_mixin.py:188} INFO - [2025-11-02T19:22:04.898+0000] {dag.py:3823} INFO - Setting next_dagrun for load_csv_to_clickhouse to 2025-11-02 00:00:00+00:00, run_after=2025-11-09 00:00:00+00:00
[2025-11-02T19:22:04.950+0000] {processor.py:183} INFO - Processing /opt/airflow/dags/load_to_clickhouse.py took 1.570 seconds
[2025-11-02T19:22:35.422+0000] {processor.py:161} INFO - Started process (PID=3946) to work on /opt/airflow/dags/load_to_clickhouse.py
[2025-11-02T19:22:35.424+0000] {processor.py:830} INFO - Processing file /opt/airflow/dags/load_to_clickhouse.py for tasks to queue
[2025-11-02T19:22:35.427+0000] {logging_mixin.py:188} INFO - [2025-11-02T19:22:35.426+0000] {dagbag.py:538} INFO - Filling up the DagBag from /opt/airflow/dags/load_to_clickhouse.py
[2025-11-02T19:22:36.959+0000] {processor.py:840} INFO - DAG(s) 'load_csv_to_clickhouse' retrieved from /opt/airflow/dags/load_to_clickhouse.py
[2025-11-02T19:22:37.033+0000] {logging_mixin.py:188} INFO - [2025-11-02T19:22:37.032+0000] {dag.py:3036} INFO - Sync 1 DAGs
[2025-11-02T19:22:37.096+0000] {logging_mixin.py:188} INFO - [2025-11-02T19:22:37.095+0000] {dag.py:3823} INFO - Setting next_dagrun for load_csv_to_clickhouse to 2025-11-02 00:00:00+00:00, run_after=2025-11-09 00:00:00+00:00
[2025-11-02T19:22:37.152+0000] {processor.py:183} INFO - Processing /opt/airflow/dags/load_to_clickhouse.py took 1.738 seconds
[2025-11-02T19:23:07.542+0000] {processor.py:161} INFO - Started process (PID=3958) to work on /opt/airflow/dags/load_to_clickhouse.py
[2025-11-02T19:23:07.545+0000] {processor.py:830} INFO - Processing file /opt/airflow/dags/load_to_clickhouse.py for tasks to queue
[2025-11-02T19:23:07.549+0000] {logging_mixin.py:188} INFO - [2025-11-02T19:23:07.547+0000] {dagbag.py:538} INFO - Filling up the DagBag from /opt/airflow/dags/load_to_clickhouse.py
[2025-11-02T19:23:09.019+0000] {processor.py:840} INFO - DAG(s) 'load_csv_to_clickhouse' retrieved from /opt/airflow/dags/load_to_clickhouse.py
[2025-11-02T19:23:09.071+0000] {logging_mixin.py:188} INFO - [2025-11-02T19:23:09.070+0000] {dag.py:3036} INFO - Sync 1 DAGs
[2025-11-02T19:23:09.108+0000] {logging_mixin.py:188} INFO - [2025-11-02T19:23:09.108+0000] {dag.py:3823} INFO - Setting next_dagrun for load_csv_to_clickhouse to 2025-11-02 00:00:00+00:00, run_after=2025-11-09 00:00:00+00:00
[2025-11-02T19:23:09.150+0000] {processor.py:183} INFO - Processing /opt/airflow/dags/load_to_clickhouse.py took 1.619 seconds
[2025-11-02T19:23:39.427+0000] {processor.py:161} INFO - Started process (PID=3970) to work on /opt/airflow/dags/load_to_clickhouse.py
[2025-11-02T19:23:39.431+0000] {processor.py:830} INFO - Processing file /opt/airflow/dags/load_to_clickhouse.py for tasks to queue
[2025-11-02T19:23:39.439+0000] {logging_mixin.py:188} INFO - [2025-11-02T19:23:39.438+0000] {dagbag.py:538} INFO - Filling up the DagBag from /opt/airflow/dags/load_to_clickhouse.py
[2025-11-02T19:23:40.599+0000] {processor.py:840} INFO - DAG(s) 'load_csv_to_clickhouse' retrieved from /opt/airflow/dags/load_to_clickhouse.py
[2025-11-02T19:23:40.649+0000] {logging_mixin.py:188} INFO - [2025-11-02T19:23:40.648+0000] {dag.py:3036} INFO - Sync 1 DAGs
[2025-11-02T19:23:40.696+0000] {logging_mixin.py:188} INFO - [2025-11-02T19:23:40.695+0000] {dag.py:3823} INFO - Setting next_dagrun for load_csv_to_clickhouse to 2025-11-02 00:00:00+00:00, run_after=2025-11-09 00:00:00+00:00
[2025-11-02T19:23:40.744+0000] {processor.py:183} INFO - Processing /opt/airflow/dags/load_to_clickhouse.py took 1.328 seconds
[2025-11-02T19:24:11.323+0000] {processor.py:161} INFO - Started process (PID=3980) to work on /opt/airflow/dags/load_to_clickhouse.py
[2025-11-02T19:24:11.325+0000] {processor.py:830} INFO - Processing file /opt/airflow/dags/load_to_clickhouse.py for tasks to queue
[2025-11-02T19:24:11.328+0000] {logging_mixin.py:188} INFO - [2025-11-02T19:24:11.327+0000] {dagbag.py:538} INFO - Filling up the DagBag from /opt/airflow/dags/load_to_clickhouse.py
[2025-11-02T19:24:12.660+0000] {processor.py:840} INFO - DAG(s) 'load_csv_to_clickhouse' retrieved from /opt/airflow/dags/load_to_clickhouse.py
[2025-11-02T19:24:12.723+0000] {logging_mixin.py:188} INFO - [2025-11-02T19:24:12.722+0000] {dag.py:3036} INFO - Sync 1 DAGs
[2025-11-02T19:24:12.778+0000] {logging_mixin.py:188} INFO - [2025-11-02T19:24:12.777+0000] {dag.py:3823} INFO - Setting next_dagrun for load_csv_to_clickhouse to 2025-11-02 00:00:00+00:00, run_after=2025-11-09 00:00:00+00:00
[2025-11-02T19:24:12.824+0000] {processor.py:183} INFO - Processing /opt/airflow/dags/load_to_clickhouse.py took 1.511 seconds
[2025-11-02T19:24:43.093+0000] {processor.py:161} INFO - Started process (PID=3992) to work on /opt/airflow/dags/load_to_clickhouse.py
[2025-11-02T19:24:43.102+0000] {processor.py:830} INFO - Processing file /opt/airflow/dags/load_to_clickhouse.py for tasks to queue
[2025-11-02T19:24:43.107+0000] {logging_mixin.py:188} INFO - [2025-11-02T19:24:43.106+0000] {dagbag.py:538} INFO - Filling up the DagBag from /opt/airflow/dags/load_to_clickhouse.py
[2025-11-02T19:24:45.004+0000] {processor.py:840} INFO - DAG(s) 'load_csv_to_clickhouse' retrieved from /opt/airflow/dags/load_to_clickhouse.py
[2025-11-02T19:24:45.058+0000] {logging_mixin.py:188} INFO - [2025-11-02T19:24:45.057+0000] {dag.py:3036} INFO - Sync 1 DAGs
[2025-11-02T19:24:45.112+0000] {logging_mixin.py:188} INFO - [2025-11-02T19:24:45.112+0000] {dag.py:3823} INFO - Setting next_dagrun for load_csv_to_clickhouse to 2025-11-02 00:00:00+00:00, run_after=2025-11-09 00:00:00+00:00
[2025-11-02T19:24:45.150+0000] {processor.py:183} INFO - Processing /opt/airflow/dags/load_to_clickhouse.py took 2.078 seconds
[2025-11-02T19:25:15.805+0000] {processor.py:161} INFO - Started process (PID=4004) to work on /opt/airflow/dags/load_to_clickhouse.py
[2025-11-02T19:25:15.810+0000] {processor.py:830} INFO - Processing file /opt/airflow/dags/load_to_clickhouse.py for tasks to queue
[2025-11-02T19:25:15.818+0000] {logging_mixin.py:188} INFO - [2025-11-02T19:25:15.815+0000] {dagbag.py:538} INFO - Filling up the DagBag from /opt/airflow/dags/load_to_clickhouse.py
[2025-11-02T19:25:18.130+0000] {processor.py:840} INFO - DAG(s) 'load_csv_to_clickhouse' retrieved from /opt/airflow/dags/load_to_clickhouse.py
[2025-11-02T19:25:18.194+0000] {logging_mixin.py:188} INFO - [2025-11-02T19:25:18.193+0000] {dag.py:3036} INFO - Sync 1 DAGs
[2025-11-02T19:25:18.238+0000] {logging_mixin.py:188} INFO - [2025-11-02T19:25:18.238+0000] {dag.py:3823} INFO - Setting next_dagrun for load_csv_to_clickhouse to 2025-11-02 00:00:00+00:00, run_after=2025-11-09 00:00:00+00:00
[2025-11-02T19:25:18.279+0000] {processor.py:183} INFO - Processing /opt/airflow/dags/load_to_clickhouse.py took 2.495 seconds
[2025-11-02T19:25:50.090+0000] {processor.py:161} INFO - Started process (PID=4015) to work on /opt/airflow/dags/load_to_clickhouse.py
[2025-11-02T19:25:50.113+0000] {processor.py:830} INFO - Processing file /opt/airflow/dags/load_to_clickhouse.py for tasks to queue
[2025-11-02T19:25:50.163+0000] {logging_mixin.py:188} INFO - [2025-11-02T19:25:50.148+0000] {dagbag.py:538} INFO - Filling up the DagBag from /opt/airflow/dags/load_to_clickhouse.py
[2025-11-02T19:26:03.148+0000] {processor.py:840} INFO - DAG(s) 'load_csv_to_clickhouse' retrieved from /opt/airflow/dags/load_to_clickhouse.py
[2025-11-02T19:26:03.265+0000] {logging_mixin.py:188} INFO - [2025-11-02T19:26:03.264+0000] {dag.py:3036} INFO - Sync 1 DAGs
[2025-11-02T19:26:03.319+0000] {logging_mixin.py:188} INFO - [2025-11-02T19:26:03.318+0000] {dag.py:3823} INFO - Setting next_dagrun for load_csv_to_clickhouse to 2025-11-02 00:00:00+00:00, run_after=2025-11-09 00:00:00+00:00
[2025-11-02T19:26:03.380+0000] {processor.py:183} INFO - Processing /opt/airflow/dags/load_to_clickhouse.py took 13.469 seconds
[2025-11-02T19:26:40.375+0000] {processor.py:161} INFO - Started process (PID=4027) to work on /opt/airflow/dags/load_to_clickhouse.py
[2025-11-02T19:26:40.381+0000] {processor.py:830} INFO - Processing file /opt/airflow/dags/load_to_clickhouse.py for tasks to queue
[2025-11-02T19:26:40.396+0000] {logging_mixin.py:188} INFO - [2025-11-02T19:26:40.395+0000] {dagbag.py:538} INFO - Filling up the DagBag from /opt/airflow/dags/load_to_clickhouse.py
[2025-11-02T19:27:02.400+0000] {processor.py:840} INFO - DAG(s) 'load_csv_to_clickhouse' retrieved from /opt/airflow/dags/load_to_clickhouse.py
[2025-11-02T19:27:02.532+0000] {logging_mixin.py:188} INFO - [2025-11-02T19:27:02.531+0000] {dag.py:3036} INFO - Sync 1 DAGs
[2025-11-02T19:27:02.624+0000] {logging_mixin.py:188} INFO - [2025-11-02T19:27:02.623+0000] {dag.py:3823} INFO - Setting next_dagrun for load_csv_to_clickhouse to 2025-11-02 00:00:00+00:00, run_after=2025-11-09 00:00:00+00:00
[2025-11-02T19:27:02.679+0000] {processor.py:183} INFO - Processing /opt/airflow/dags/load_to_clickhouse.py took 22.437 seconds
[2025-11-02T19:27:33.663+0000] {processor.py:161} INFO - Started process (PID=4039) to work on /opt/airflow/dags/load_to_clickhouse.py
[2025-11-02T19:27:33.695+0000] {processor.py:830} INFO - Processing file /opt/airflow/dags/load_to_clickhouse.py for tasks to queue
[2025-11-02T19:27:33.780+0000] {logging_mixin.py:188} INFO - [2025-11-02T19:27:33.755+0000] {dagbag.py:538} INFO - Filling up the DagBag from /opt/airflow/dags/load_to_clickhouse.py
[2025-11-02T19:27:37.906+0000] {processor.py:840} INFO - DAG(s) 'load_csv_to_clickhouse' retrieved from /opt/airflow/dags/load_to_clickhouse.py
[2025-11-02T19:27:38.008+0000] {logging_mixin.py:188} INFO - [2025-11-02T19:27:38.007+0000] {dag.py:3036} INFO - Sync 1 DAGs
[2025-11-02T19:27:38.079+0000] {logging_mixin.py:188} INFO - [2025-11-02T19:27:38.079+0000] {dag.py:3823} INFO - Setting next_dagrun for load_csv_to_clickhouse to 2025-11-02 00:00:00+00:00, run_after=2025-11-09 00:00:00+00:00
[2025-11-02T19:27:38.158+0000] {processor.py:183} INFO - Processing /opt/airflow/dags/load_to_clickhouse.py took 4.547 seconds
[2025-11-02T19:28:14.509+0000] {processor.py:161} INFO - Started process (PID=4051) to work on /opt/airflow/dags/load_to_clickhouse.py
[2025-11-02T19:28:14.578+0000] {processor.py:830} INFO - Processing file /opt/airflow/dags/load_to_clickhouse.py for tasks to queue
[2025-11-02T19:28:14.663+0000] {logging_mixin.py:188} INFO - [2025-11-02T19:28:14.645+0000] {dagbag.py:538} INFO - Filling up the DagBag from /opt/airflow/dags/load_to_clickhouse.py
[2025-11-02T19:28:18.398+0000] {processor.py:840} INFO - DAG(s) 'load_csv_to_clickhouse' retrieved from /opt/airflow/dags/load_to_clickhouse.py
[2025-11-02T19:28:18.489+0000] {logging_mixin.py:188} INFO - [2025-11-02T19:28:18.488+0000] {dag.py:3036} INFO - Sync 1 DAGs
[2025-11-02T19:28:18.558+0000] {logging_mixin.py:188} INFO - [2025-11-02T19:28:18.557+0000] {dag.py:3823} INFO - Setting next_dagrun for load_csv_to_clickhouse to 2025-11-02 00:00:00+00:00, run_after=2025-11-09 00:00:00+00:00
[2025-11-02T19:28:18.621+0000] {processor.py:183} INFO - Processing /opt/airflow/dags/load_to_clickhouse.py took 4.344 seconds
[2025-11-02T19:28:49.092+0000] {processor.py:161} INFO - Started process (PID=4063) to work on /opt/airflow/dags/load_to_clickhouse.py
[2025-11-02T19:28:49.106+0000] {processor.py:830} INFO - Processing file /opt/airflow/dags/load_to_clickhouse.py for tasks to queue
[2025-11-02T19:28:49.110+0000] {logging_mixin.py:188} INFO - [2025-11-02T19:28:49.108+0000] {dagbag.py:538} INFO - Filling up the DagBag from /opt/airflow/dags/load_to_clickhouse.py
[2025-11-02T19:28:52.138+0000] {processor.py:840} INFO - DAG(s) 'load_csv_to_clickhouse' retrieved from /opt/airflow/dags/load_to_clickhouse.py
[2025-11-02T19:28:52.294+0000] {logging_mixin.py:188} INFO - [2025-11-02T19:28:52.292+0000] {dag.py:3036} INFO - Sync 1 DAGs
[2025-11-02T19:28:52.369+0000] {logging_mixin.py:188} INFO - [2025-11-02T19:28:52.368+0000] {dag.py:3823} INFO - Setting next_dagrun for load_csv_to_clickhouse to 2025-11-02 00:00:00+00:00, run_after=2025-11-09 00:00:00+00:00
[2025-11-02T19:28:52.446+0000] {processor.py:183} INFO - Processing /opt/airflow/dags/load_to_clickhouse.py took 3.401 seconds
[2025-11-02T19:29:23.124+0000] {processor.py:161} INFO - Started process (PID=4075) to work on /opt/airflow/dags/load_to_clickhouse.py
[2025-11-02T19:29:23.127+0000] {processor.py:830} INFO - Processing file /opt/airflow/dags/load_to_clickhouse.py for tasks to queue
[2025-11-02T19:29:23.130+0000] {logging_mixin.py:188} INFO - [2025-11-02T19:29:23.129+0000] {dagbag.py:538} INFO - Filling up the DagBag from /opt/airflow/dags/load_to_clickhouse.py
[2025-11-02T19:29:25.799+0000] {processor.py:840} INFO - DAG(s) 'load_csv_to_clickhouse' retrieved from /opt/airflow/dags/load_to_clickhouse.py
[2025-11-02T19:29:25.874+0000] {logging_mixin.py:188} INFO - [2025-11-02T19:29:25.873+0000] {dag.py:3036} INFO - Sync 1 DAGs
[2025-11-02T19:29:25.940+0000] {logging_mixin.py:188} INFO - [2025-11-02T19:29:25.939+0000] {dag.py:3823} INFO - Setting next_dagrun for load_csv_to_clickhouse to 2025-11-02 00:00:00+00:00, run_after=2025-11-09 00:00:00+00:00
[2025-11-02T19:29:26.013+0000] {processor.py:183} INFO - Processing /opt/airflow/dags/load_to_clickhouse.py took 2.903 seconds
[2025-11-02T19:29:58.625+0000] {processor.py:161} INFO - Started process (PID=4087) to work on /opt/airflow/dags/load_to_clickhouse.py
[2025-11-02T19:29:58.652+0000] {processor.py:830} INFO - Processing file /opt/airflow/dags/load_to_clickhouse.py for tasks to queue
[2025-11-02T19:29:58.705+0000] {logging_mixin.py:188} INFO - [2025-11-02T19:29:58.685+0000] {dagbag.py:538} INFO - Filling up the DagBag from /opt/airflow/dags/load_to_clickhouse.py
[2025-11-02T19:30:10.464+0000] {processor.py:840} INFO - DAG(s) 'load_csv_to_clickhouse' retrieved from /opt/airflow/dags/load_to_clickhouse.py
[2025-11-02T19:30:10.536+0000] {logging_mixin.py:188} INFO - [2025-11-02T19:30:10.534+0000] {dag.py:3036} INFO - Sync 1 DAGs
[2025-11-02T19:30:10.590+0000] {logging_mixin.py:188} INFO - [2025-11-02T19:30:10.589+0000] {dag.py:3823} INFO - Setting next_dagrun for load_csv_to_clickhouse to 2025-11-02 00:00:00+00:00, run_after=2025-11-09 00:00:00+00:00
[2025-11-02T19:30:10.647+0000] {processor.py:183} INFO - Processing /opt/airflow/dags/load_to_clickhouse.py took 12.344 seconds
[2025-11-02T19:30:46.052+0000] {processor.py:161} INFO - Started process (PID=4099) to work on /opt/airflow/dags/load_to_clickhouse.py
[2025-11-02T19:30:46.169+0000] {processor.py:830} INFO - Processing file /opt/airflow/dags/load_to_clickhouse.py for tasks to queue
[2025-11-02T19:30:46.313+0000] {logging_mixin.py:188} INFO - [2025-11-02T19:30:46.281+0000] {dagbag.py:538} INFO - Filling up the DagBag from /opt/airflow/dags/load_to_clickhouse.py
[2025-11-02T19:30:59.861+0000] {processor.py:840} INFO - DAG(s) 'load_csv_to_clickhouse' retrieved from /opt/airflow/dags/load_to_clickhouse.py
[2025-11-02T19:31:00.118+0000] {logging_mixin.py:188} INFO - [2025-11-02T19:31:00.116+0000] {dag.py:3036} INFO - Sync 1 DAGs
[2025-11-02T19:31:00.323+0000] {logging_mixin.py:188} INFO - [2025-11-02T19:31:00.308+0000] {dag.py:3823} INFO - Setting next_dagrun for load_csv_to_clickhouse to 2025-11-02 00:00:00+00:00, run_after=2025-11-09 00:00:00+00:00
[2025-11-02T19:31:00.453+0000] {processor.py:183} INFO - Processing /opt/airflow/dags/load_to_clickhouse.py took 14.757 seconds
[2025-11-02T19:31:31.219+0000] {processor.py:161} INFO - Started process (PID=4111) to work on /opt/airflow/dags/load_to_clickhouse.py
[2025-11-02T19:31:31.224+0000] {processor.py:830} INFO - Processing file /opt/airflow/dags/load_to_clickhouse.py for tasks to queue
[2025-11-02T19:31:31.232+0000] {logging_mixin.py:188} INFO - [2025-11-02T19:31:31.229+0000] {dagbag.py:538} INFO - Filling up the DagBag from /opt/airflow/dags/load_to_clickhouse.py
[2025-11-02T19:32:07.647+0000] {logging_mixin.py:188} INFO - [2025-11-02T19:32:07.627+0000] {timeout.py:68} ERROR - Process timed out, PID: 4111
[2025-11-02T19:32:07.655+0000] {logging_mixin.py:188} WARNING - Exception ignored in: <function _collection_gced at 0x7fc624542700>
[2025-11-02T19:32:07.659+0000] {logging_mixin.py:188} WARNING - Traceback (most recent call last):
[2025-11-02T19:32:07.661+0000] {logging_mixin.py:188} WARNING -   File "/home/airflow/.local/lib/python3.8/site-packages/sqlalchemy/event/registry.py", line 53, in _collection_gced
[2025-11-02T19:32:07.693+0000] {logging_mixin.py:188} WARNING -     def _collection_gced(ref):
[2025-11-02T19:32:07.694+0000] {logging_mixin.py:188} WARNING -   File "/home/airflow/.local/lib/python3.8/site-packages/airflow/utils/timeout.py", line 69, in handle_timeout
[2025-11-02T19:32:07.704+0000] {logging_mixin.py:188} WARNING -     raise AirflowTaskTimeout(self.error_message)
[2025-11-02T19:32:07.706+0000] {logging_mixin.py:188} WARNING - airflow.exceptions.AirflowTaskTimeout: DagBag import timeout for /opt/airflow/dags/load_to_clickhouse.py after 30.0s.
Please take a look at these docs to improve your DAG import time:
* https://airflow.apache.org/docs/apache-airflow/2.8.1/best-practices.html#top-level-python-code
* https://airflow.apache.org/docs/apache-airflow/2.8.1/best-practices.html#reducing-dag-complexity, PID: 4111
[2025-11-02T19:32:08.983+0000] {processor.py:840} INFO - DAG(s) 'load_csv_to_clickhouse' retrieved from /opt/airflow/dags/load_to_clickhouse.py
[2025-11-02T19:32:09.631+0000] {logging_mixin.py:188} INFO - [2025-11-02T19:32:09.626+0000] {dag.py:3036} INFO - Sync 1 DAGs
[2025-11-02T19:32:10.211+0000] {logging_mixin.py:188} INFO - [2025-11-02T19:32:10.210+0000] {dag.py:3823} INFO - Setting next_dagrun for load_csv_to_clickhouse to 2025-11-02 00:00:00+00:00, run_after=2025-11-09 00:00:00+00:00
[2025-11-02T19:32:10.621+0000] {processor.py:183} INFO - Processing /opt/airflow/dags/load_to_clickhouse.py took 39.700 seconds
[2025-11-02T19:32:42.738+0000] {processor.py:161} INFO - Started process (PID=4123) to work on /opt/airflow/dags/load_to_clickhouse.py
[2025-11-02T19:32:42.763+0000] {processor.py:830} INFO - Processing file /opt/airflow/dags/load_to_clickhouse.py for tasks to queue
[2025-11-02T19:32:42.778+0000] {logging_mixin.py:188} INFO - [2025-11-02T19:32:42.771+0000] {dagbag.py:538} INFO - Filling up the DagBag from /opt/airflow/dags/load_to_clickhouse.py
[2025-11-02T19:33:02.305+0000] {processor.py:840} INFO - DAG(s) 'load_csv_to_clickhouse' retrieved from /opt/airflow/dags/load_to_clickhouse.py
[2025-11-02T19:33:02.415+0000] {logging_mixin.py:188} INFO - [2025-11-02T19:33:02.414+0000] {dag.py:3036} INFO - Sync 1 DAGs
[2025-11-02T19:33:02.469+0000] {logging_mixin.py:188} INFO - [2025-11-02T19:33:02.468+0000] {dag.py:3823} INFO - Setting next_dagrun for load_csv_to_clickhouse to 2025-11-02 00:00:00+00:00, run_after=2025-11-09 00:00:00+00:00
[2025-11-02T19:33:02.517+0000] {processor.py:183} INFO - Processing /opt/airflow/dags/load_to_clickhouse.py took 19.875 seconds
[2025-11-02T19:33:38.368+0000] {processor.py:161} INFO - Started process (PID=4135) to work on /opt/airflow/dags/load_to_clickhouse.py
[2025-11-02T19:33:38.381+0000] {processor.py:830} INFO - Processing file /opt/airflow/dags/load_to_clickhouse.py for tasks to queue
[2025-11-02T19:33:38.386+0000] {logging_mixin.py:188} INFO - [2025-11-02T19:33:38.385+0000] {dagbag.py:538} INFO - Filling up the DagBag from /opt/airflow/dags/load_to_clickhouse.py
[2025-11-02T19:33:40.587+0000] {processor.py:840} INFO - DAG(s) 'load_csv_to_clickhouse' retrieved from /opt/airflow/dags/load_to_clickhouse.py
[2025-11-02T19:33:40.653+0000] {logging_mixin.py:188} INFO - [2025-11-02T19:33:40.651+0000] {dag.py:3036} INFO - Sync 1 DAGs
[2025-11-02T19:33:40.705+0000] {logging_mixin.py:188} INFO - [2025-11-02T19:33:40.704+0000] {dag.py:3823} INFO - Setting next_dagrun for load_csv_to_clickhouse to 2025-11-02 00:00:00+00:00, run_after=2025-11-09 00:00:00+00:00
[2025-11-02T19:33:40.757+0000] {processor.py:183} INFO - Processing /opt/airflow/dags/load_to_clickhouse.py took 2.428 seconds
[2025-11-02T19:34:11.487+0000] {processor.py:161} INFO - Started process (PID=4147) to work on /opt/airflow/dags/load_to_clickhouse.py
[2025-11-02T19:34:11.490+0000] {processor.py:830} INFO - Processing file /opt/airflow/dags/load_to_clickhouse.py for tasks to queue
[2025-11-02T19:34:11.493+0000] {logging_mixin.py:188} INFO - [2025-11-02T19:34:11.492+0000] {dagbag.py:538} INFO - Filling up the DagBag from /opt/airflow/dags/load_to_clickhouse.py
[2025-11-02T19:34:12.729+0000] {processor.py:840} INFO - DAG(s) 'load_csv_to_clickhouse' retrieved from /opt/airflow/dags/load_to_clickhouse.py
[2025-11-02T19:34:12.797+0000] {logging_mixin.py:188} INFO - [2025-11-02T19:34:12.796+0000] {dag.py:3036} INFO - Sync 1 DAGs
[2025-11-02T19:34:12.837+0000] {logging_mixin.py:188} INFO - [2025-11-02T19:34:12.836+0000] {dag.py:3823} INFO - Setting next_dagrun for load_csv_to_clickhouse to 2025-11-02 00:00:00+00:00, run_after=2025-11-09 00:00:00+00:00
[2025-11-02T19:34:12.883+0000] {processor.py:183} INFO - Processing /opt/airflow/dags/load_to_clickhouse.py took 1.404 seconds
[2025-11-02T19:34:43.123+0000] {processor.py:161} INFO - Started process (PID=4159) to work on /opt/airflow/dags/load_to_clickhouse.py
[2025-11-02T19:34:43.125+0000] {processor.py:830} INFO - Processing file /opt/airflow/dags/load_to_clickhouse.py for tasks to queue
[2025-11-02T19:34:43.127+0000] {logging_mixin.py:188} INFO - [2025-11-02T19:34:43.127+0000] {dagbag.py:538} INFO - Filling up the DagBag from /opt/airflow/dags/load_to_clickhouse.py
[2025-11-02T19:34:44.896+0000] {processor.py:840} INFO - DAG(s) 'load_csv_to_clickhouse' retrieved from /opt/airflow/dags/load_to_clickhouse.py
[2025-11-02T19:34:45.032+0000] {logging_mixin.py:188} INFO - [2025-11-02T19:34:45.031+0000] {dag.py:3036} INFO - Sync 1 DAGs
[2025-11-02T19:34:45.087+0000] {logging_mixin.py:188} INFO - [2025-11-02T19:34:45.086+0000] {dag.py:3823} INFO - Setting next_dagrun for load_csv_to_clickhouse to 2025-11-02 00:00:00+00:00, run_after=2025-11-09 00:00:00+00:00
[2025-11-02T19:34:45.147+0000] {processor.py:183} INFO - Processing /opt/airflow/dags/load_to_clickhouse.py took 2.032 seconds
[2025-11-02T19:35:15.589+0000] {processor.py:161} INFO - Started process (PID=4171) to work on /opt/airflow/dags/load_to_clickhouse.py
[2025-11-02T19:35:15.593+0000] {processor.py:830} INFO - Processing file /opt/airflow/dags/load_to_clickhouse.py for tasks to queue
[2025-11-02T19:35:15.595+0000] {logging_mixin.py:188} INFO - [2025-11-02T19:35:15.594+0000] {dagbag.py:538} INFO - Filling up the DagBag from /opt/airflow/dags/load_to_clickhouse.py
[2025-11-02T19:35:17.570+0000] {processor.py:840} INFO - DAG(s) 'load_csv_to_clickhouse' retrieved from /opt/airflow/dags/load_to_clickhouse.py
[2025-11-02T19:35:17.635+0000] {logging_mixin.py:188} INFO - [2025-11-02T19:35:17.634+0000] {dag.py:3036} INFO - Sync 1 DAGs
[2025-11-02T19:35:17.763+0000] {logging_mixin.py:188} INFO - [2025-11-02T19:35:17.762+0000] {dag.py:3823} INFO - Setting next_dagrun for load_csv_to_clickhouse to 2025-11-02 00:00:00+00:00, run_after=2025-11-09 00:00:00+00:00
[2025-11-02T19:35:17.852+0000] {processor.py:183} INFO - Processing /opt/airflow/dags/load_to_clickhouse.py took 2.269 seconds
[2025-11-02T19:35:48.102+0000] {processor.py:161} INFO - Started process (PID=4183) to work on /opt/airflow/dags/load_to_clickhouse.py
[2025-11-02T19:35:48.105+0000] {processor.py:830} INFO - Processing file /opt/airflow/dags/load_to_clickhouse.py for tasks to queue
[2025-11-02T19:35:48.107+0000] {logging_mixin.py:188} INFO - [2025-11-02T19:35:48.106+0000] {dagbag.py:538} INFO - Filling up the DagBag from /opt/airflow/dags/load_to_clickhouse.py
[2025-11-02T19:35:50.151+0000] {processor.py:840} INFO - DAG(s) 'load_csv_to_clickhouse' retrieved from /opt/airflow/dags/load_to_clickhouse.py
[2025-11-02T19:35:50.344+0000] {logging_mixin.py:188} INFO - [2025-11-02T19:35:50.343+0000] {dag.py:3036} INFO - Sync 1 DAGs
[2025-11-02T19:35:50.437+0000] {logging_mixin.py:188} INFO - [2025-11-02T19:35:50.437+0000] {dag.py:3823} INFO - Setting next_dagrun for load_csv_to_clickhouse to 2025-11-02 00:00:00+00:00, run_after=2025-11-09 00:00:00+00:00
[2025-11-02T19:35:50.501+0000] {processor.py:183} INFO - Processing /opt/airflow/dags/load_to_clickhouse.py took 2.408 seconds
[2025-11-02T19:36:21.018+0000] {processor.py:161} INFO - Started process (PID=4195) to work on /opt/airflow/dags/load_to_clickhouse.py
[2025-11-02T19:36:21.023+0000] {processor.py:830} INFO - Processing file /opt/airflow/dags/load_to_clickhouse.py for tasks to queue
[2025-11-02T19:36:21.025+0000] {logging_mixin.py:188} INFO - [2025-11-02T19:36:21.024+0000] {dagbag.py:538} INFO - Filling up the DagBag from /opt/airflow/dags/load_to_clickhouse.py
[2025-11-02T19:36:22.924+0000] {processor.py:840} INFO - DAG(s) 'load_csv_to_clickhouse' retrieved from /opt/airflow/dags/load_to_clickhouse.py
[2025-11-02T19:36:22.989+0000] {logging_mixin.py:188} INFO - [2025-11-02T19:36:22.987+0000] {dag.py:3036} INFO - Sync 1 DAGs
[2025-11-02T19:36:23.045+0000] {logging_mixin.py:188} INFO - [2025-11-02T19:36:23.045+0000] {dag.py:3823} INFO - Setting next_dagrun for load_csv_to_clickhouse to 2025-11-02 00:00:00+00:00, run_after=2025-11-09 00:00:00+00:00
[2025-11-02T19:36:23.095+0000] {processor.py:183} INFO - Processing /opt/airflow/dags/load_to_clickhouse.py took 2.231 seconds
[2025-11-02T19:36:53.297+0000] {processor.py:161} INFO - Started process (PID=4208) to work on /opt/airflow/dags/load_to_clickhouse.py
[2025-11-02T19:36:53.301+0000] {processor.py:830} INFO - Processing file /opt/airflow/dags/load_to_clickhouse.py for tasks to queue
[2025-11-02T19:36:53.303+0000] {logging_mixin.py:188} INFO - [2025-11-02T19:36:53.302+0000] {dagbag.py:538} INFO - Filling up the DagBag from /opt/airflow/dags/load_to_clickhouse.py
[2025-11-02T19:36:54.550+0000] {processor.py:840} INFO - DAG(s) 'load_csv_to_clickhouse' retrieved from /opt/airflow/dags/load_to_clickhouse.py
[2025-11-02T19:36:54.617+0000] {logging_mixin.py:188} INFO - [2025-11-02T19:36:54.616+0000] {dag.py:3036} INFO - Sync 1 DAGs
[2025-11-02T19:36:54.679+0000] {logging_mixin.py:188} INFO - [2025-11-02T19:36:54.678+0000] {dag.py:3823} INFO - Setting next_dagrun for load_csv_to_clickhouse to 2025-11-02 00:00:00+00:00, run_after=2025-11-09 00:00:00+00:00
[2025-11-02T19:36:54.732+0000] {processor.py:183} INFO - Processing /opt/airflow/dags/load_to_clickhouse.py took 1.445 seconds
[2025-11-02T19:37:25.120+0000] {processor.py:161} INFO - Started process (PID=4220) to work on /opt/airflow/dags/load_to_clickhouse.py
[2025-11-02T19:37:25.130+0000] {processor.py:830} INFO - Processing file /opt/airflow/dags/load_to_clickhouse.py for tasks to queue
[2025-11-02T19:37:25.137+0000] {logging_mixin.py:188} INFO - [2025-11-02T19:37:25.134+0000] {dagbag.py:538} INFO - Filling up the DagBag from /opt/airflow/dags/load_to_clickhouse.py
[2025-11-02T19:37:26.669+0000] {processor.py:840} INFO - DAG(s) 'load_csv_to_clickhouse' retrieved from /opt/airflow/dags/load_to_clickhouse.py
[2025-11-02T19:37:26.721+0000] {logging_mixin.py:188} INFO - [2025-11-02T19:37:26.721+0000] {dag.py:3036} INFO - Sync 1 DAGs
[2025-11-02T19:37:26.768+0000] {logging_mixin.py:188} INFO - [2025-11-02T19:37:26.768+0000] {dag.py:3823} INFO - Setting next_dagrun for load_csv_to_clickhouse to 2025-11-02 00:00:00+00:00, run_after=2025-11-09 00:00:00+00:00
[2025-11-02T19:37:26.823+0000] {processor.py:183} INFO - Processing /opt/airflow/dags/load_to_clickhouse.py took 1.751 seconds
[2025-11-02T19:37:59.028+0000] {processor.py:161} INFO - Started process (PID=4231) to work on /opt/airflow/dags/load_to_clickhouse.py
[2025-11-02T19:37:59.079+0000] {processor.py:830} INFO - Processing file /opt/airflow/dags/load_to_clickhouse.py for tasks to queue
[2025-11-02T19:37:59.125+0000] {logging_mixin.py:188} INFO - [2025-11-02T19:37:59.105+0000] {dagbag.py:538} INFO - Filling up the DagBag from /opt/airflow/dags/load_to_clickhouse.py
[2025-11-02T19:38:07.976+0000] {processor.py:840} INFO - DAG(s) 'load_csv_to_clickhouse' retrieved from /opt/airflow/dags/load_to_clickhouse.py
[2025-11-02T19:38:08.037+0000] {logging_mixin.py:188} INFO - [2025-11-02T19:38:08.036+0000] {dag.py:3036} INFO - Sync 1 DAGs
[2025-11-02T19:38:08.083+0000] {logging_mixin.py:188} INFO - [2025-11-02T19:38:08.083+0000] {dag.py:3823} INFO - Setting next_dagrun for load_csv_to_clickhouse to 2025-11-02 00:00:00+00:00, run_after=2025-11-09 00:00:00+00:00
[2025-11-02T19:38:08.137+0000] {processor.py:183} INFO - Processing /opt/airflow/dags/load_to_clickhouse.py took 9.335 seconds
[2025-11-02T19:38:38.671+0000] {processor.py:161} INFO - Started process (PID=4244) to work on /opt/airflow/dags/load_to_clickhouse.py
[2025-11-02T19:38:38.673+0000] {processor.py:830} INFO - Processing file /opt/airflow/dags/load_to_clickhouse.py for tasks to queue
[2025-11-02T19:38:38.676+0000] {logging_mixin.py:188} INFO - [2025-11-02T19:38:38.675+0000] {dagbag.py:538} INFO - Filling up the DagBag from /opt/airflow/dags/load_to_clickhouse.py
[2025-11-02T19:38:39.901+0000] {processor.py:840} INFO - DAG(s) 'load_csv_to_clickhouse' retrieved from /opt/airflow/dags/load_to_clickhouse.py
[2025-11-02T19:38:39.950+0000] {logging_mixin.py:188} INFO - [2025-11-02T19:38:39.949+0000] {dag.py:3036} INFO - Sync 1 DAGs
[2025-11-02T19:38:40.002+0000] {logging_mixin.py:188} INFO - [2025-11-02T19:38:40.001+0000] {dag.py:3823} INFO - Setting next_dagrun for load_csv_to_clickhouse to 2025-11-02 00:00:00+00:00, run_after=2025-11-09 00:00:00+00:00
[2025-11-02T19:38:40.055+0000] {processor.py:183} INFO - Processing /opt/airflow/dags/load_to_clickhouse.py took 1.394 seconds
[2025-11-02T19:39:10.592+0000] {processor.py:161} INFO - Started process (PID=4256) to work on /opt/airflow/dags/load_to_clickhouse.py
[2025-11-02T19:39:10.595+0000] {processor.py:830} INFO - Processing file /opt/airflow/dags/load_to_clickhouse.py for tasks to queue
[2025-11-02T19:39:10.598+0000] {logging_mixin.py:188} INFO - [2025-11-02T19:39:10.597+0000] {dagbag.py:538} INFO - Filling up the DagBag from /opt/airflow/dags/load_to_clickhouse.py
[2025-11-02T19:39:11.854+0000] {processor.py:840} INFO - DAG(s) 'load_csv_to_clickhouse' retrieved from /opt/airflow/dags/load_to_clickhouse.py
[2025-11-02T19:39:11.912+0000] {logging_mixin.py:188} INFO - [2025-11-02T19:39:11.912+0000] {dag.py:3036} INFO - Sync 1 DAGs
[2025-11-02T19:39:11.955+0000] {logging_mixin.py:188} INFO - [2025-11-02T19:39:11.955+0000] {dag.py:3823} INFO - Setting next_dagrun for load_csv_to_clickhouse to 2025-11-02 00:00:00+00:00, run_after=2025-11-09 00:00:00+00:00
[2025-11-02T19:39:12.012+0000] {processor.py:183} INFO - Processing /opt/airflow/dags/load_to_clickhouse.py took 1.429 seconds
[2025-11-02T19:39:42.201+0000] {processor.py:161} INFO - Started process (PID=4268) to work on /opt/airflow/dags/load_to_clickhouse.py
[2025-11-02T19:39:42.204+0000] {processor.py:830} INFO - Processing file /opt/airflow/dags/load_to_clickhouse.py for tasks to queue
[2025-11-02T19:39:42.208+0000] {logging_mixin.py:188} INFO - [2025-11-02T19:39:42.207+0000] {dagbag.py:538} INFO - Filling up the DagBag from /opt/airflow/dags/load_to_clickhouse.py
[2025-11-02T19:39:43.526+0000] {processor.py:840} INFO - DAG(s) 'load_csv_to_clickhouse' retrieved from /opt/airflow/dags/load_to_clickhouse.py
[2025-11-02T19:39:43.601+0000] {logging_mixin.py:188} INFO - [2025-11-02T19:39:43.600+0000] {dag.py:3036} INFO - Sync 1 DAGs
[2025-11-02T19:39:43.655+0000] {logging_mixin.py:188} INFO - [2025-11-02T19:39:43.654+0000] {dag.py:3823} INFO - Setting next_dagrun for load_csv_to_clickhouse to 2025-11-02 00:00:00+00:00, run_after=2025-11-09 00:00:00+00:00
[2025-11-02T19:39:43.711+0000] {processor.py:183} INFO - Processing /opt/airflow/dags/load_to_clickhouse.py took 1.518 seconds
[2025-11-02T19:40:14.052+0000] {processor.py:161} INFO - Started process (PID=4280) to work on /opt/airflow/dags/load_to_clickhouse.py
[2025-11-02T19:40:14.055+0000] {processor.py:830} INFO - Processing file /opt/airflow/dags/load_to_clickhouse.py for tasks to queue
[2025-11-02T19:40:14.057+0000] {logging_mixin.py:188} INFO - [2025-11-02T19:40:14.056+0000] {dagbag.py:538} INFO - Filling up the DagBag from /opt/airflow/dags/load_to_clickhouse.py
[2025-11-02T19:40:15.412+0000] {processor.py:840} INFO - DAG(s) 'load_csv_to_clickhouse' retrieved from /opt/airflow/dags/load_to_clickhouse.py
[2025-11-02T19:40:15.459+0000] {logging_mixin.py:188} INFO - [2025-11-02T19:40:15.458+0000] {dag.py:3036} INFO - Sync 1 DAGs
[2025-11-02T19:40:15.499+0000] {logging_mixin.py:188} INFO - [2025-11-02T19:40:15.499+0000] {dag.py:3823} INFO - Setting next_dagrun for load_csv_to_clickhouse to 2025-11-02 00:00:00+00:00, run_after=2025-11-09 00:00:00+00:00
[2025-11-02T19:40:15.542+0000] {processor.py:183} INFO - Processing /opt/airflow/dags/load_to_clickhouse.py took 1.501 seconds
[2025-11-02T19:40:46.600+0000] {processor.py:161} INFO - Started process (PID=4292) to work on /opt/airflow/dags/load_to_clickhouse.py
[2025-11-02T19:40:46.610+0000] {processor.py:830} INFO - Processing file /opt/airflow/dags/load_to_clickhouse.py for tasks to queue
[2025-11-02T19:40:46.618+0000] {logging_mixin.py:188} INFO - [2025-11-02T19:40:46.617+0000] {dagbag.py:538} INFO - Filling up the DagBag from /opt/airflow/dags/load_to_clickhouse.py
[2025-11-02T19:40:56.447+0000] {processor.py:840} INFO - DAG(s) 'load_csv_to_clickhouse' retrieved from /opt/airflow/dags/load_to_clickhouse.py
[2025-11-02T19:40:56.533+0000] {logging_mixin.py:188} INFO - [2025-11-02T19:40:56.532+0000] {dag.py:3036} INFO - Sync 1 DAGs
[2025-11-02T19:40:56.620+0000] {logging_mixin.py:188} INFO - [2025-11-02T19:40:56.620+0000] {dag.py:3823} INFO - Setting next_dagrun for load_csv_to_clickhouse to 2025-11-02 00:00:00+00:00, run_after=2025-11-09 00:00:00+00:00
[2025-11-02T19:40:56.689+0000] {processor.py:183} INFO - Processing /opt/airflow/dags/load_to_clickhouse.py took 10.110 seconds
[2025-11-02T19:41:27.498+0000] {processor.py:161} INFO - Started process (PID=4304) to work on /opt/airflow/dags/load_to_clickhouse.py
[2025-11-02T19:41:27.501+0000] {processor.py:830} INFO - Processing file /opt/airflow/dags/load_to_clickhouse.py for tasks to queue
[2025-11-02T19:41:27.512+0000] {logging_mixin.py:188} INFO - [2025-11-02T19:41:27.510+0000] {dagbag.py:538} INFO - Filling up the DagBag from /opt/airflow/dags/load_to_clickhouse.py
[2025-11-02T19:41:30.258+0000] {processor.py:840} INFO - DAG(s) 'load_csv_to_clickhouse' retrieved from /opt/airflow/dags/load_to_clickhouse.py
[2025-11-02T19:41:30.334+0000] {logging_mixin.py:188} INFO - [2025-11-02T19:41:30.333+0000] {dag.py:3036} INFO - Sync 1 DAGs
[2025-11-02T19:41:30.382+0000] {logging_mixin.py:188} INFO - [2025-11-02T19:41:30.382+0000] {dag.py:3823} INFO - Setting next_dagrun for load_csv_to_clickhouse to 2025-11-02 00:00:00+00:00, run_after=2025-11-09 00:00:00+00:00
[2025-11-02T19:41:30.430+0000] {processor.py:183} INFO - Processing /opt/airflow/dags/load_to_clickhouse.py took 2.940 seconds
[2025-11-02T19:42:01.219+0000] {processor.py:161} INFO - Started process (PID=4316) to work on /opt/airflow/dags/load_to_clickhouse.py
[2025-11-02T19:42:01.222+0000] {processor.py:830} INFO - Processing file /opt/airflow/dags/load_to_clickhouse.py for tasks to queue
[2025-11-02T19:42:01.225+0000] {logging_mixin.py:188} INFO - [2025-11-02T19:42:01.224+0000] {dagbag.py:538} INFO - Filling up the DagBag from /opt/airflow/dags/load_to_clickhouse.py
[2025-11-02T19:42:02.901+0000] {processor.py:840} INFO - DAG(s) 'load_csv_to_clickhouse' retrieved from /opt/airflow/dags/load_to_clickhouse.py
[2025-11-02T19:42:02.971+0000] {logging_mixin.py:188} INFO - [2025-11-02T19:42:02.970+0000] {dag.py:3036} INFO - Sync 1 DAGs
[2025-11-02T19:42:03.037+0000] {logging_mixin.py:188} INFO - [2025-11-02T19:42:03.036+0000] {dag.py:3823} INFO - Setting next_dagrun for load_csv_to_clickhouse to 2025-11-02 00:00:00+00:00, run_after=2025-11-09 00:00:00+00:00
[2025-11-02T19:42:03.097+0000] {processor.py:183} INFO - Processing /opt/airflow/dags/load_to_clickhouse.py took 1.887 seconds
[2025-11-02T19:42:33.351+0000] {processor.py:161} INFO - Started process (PID=4330) to work on /opt/airflow/dags/load_to_clickhouse.py
[2025-11-02T19:42:33.353+0000] {processor.py:830} INFO - Processing file /opt/airflow/dags/load_to_clickhouse.py for tasks to queue
[2025-11-02T19:42:33.355+0000] {logging_mixin.py:188} INFO - [2025-11-02T19:42:33.355+0000] {dagbag.py:538} INFO - Filling up the DagBag from /opt/airflow/dags/load_to_clickhouse.py
[2025-11-02T19:42:34.477+0000] {processor.py:840} INFO - DAG(s) 'load_csv_to_clickhouse' retrieved from /opt/airflow/dags/load_to_clickhouse.py
[2025-11-02T19:42:34.531+0000] {logging_mixin.py:188} INFO - [2025-11-02T19:42:34.530+0000] {dag.py:3036} INFO - Sync 1 DAGs
[2025-11-02T19:42:34.582+0000] {logging_mixin.py:188} INFO - [2025-11-02T19:42:34.582+0000] {dag.py:3823} INFO - Setting next_dagrun for load_csv_to_clickhouse to 2025-11-02 00:00:00+00:00, run_after=2025-11-09 00:00:00+00:00
[2025-11-02T19:42:34.640+0000] {processor.py:183} INFO - Processing /opt/airflow/dags/load_to_clickhouse.py took 1.297 seconds
[2025-11-02T19:43:06.038+0000] {processor.py:161} INFO - Started process (PID=4339) to work on /opt/airflow/dags/load_to_clickhouse.py
[2025-11-02T19:43:06.068+0000] {processor.py:830} INFO - Processing file /opt/airflow/dags/load_to_clickhouse.py for tasks to queue
[2025-11-02T19:43:06.107+0000] {logging_mixin.py:188} INFO - [2025-11-02T19:43:06.101+0000] {dagbag.py:538} INFO - Filling up the DagBag from /opt/airflow/dags/load_to_clickhouse.py
[2025-11-02T19:43:15.830+0000] {processor.py:840} INFO - DAG(s) 'load_csv_to_clickhouse' retrieved from /opt/airflow/dags/load_to_clickhouse.py
[2025-11-02T19:43:15.880+0000] {logging_mixin.py:188} INFO - [2025-11-02T19:43:15.879+0000] {dag.py:3036} INFO - Sync 1 DAGs
[2025-11-02T19:43:15.917+0000] {logging_mixin.py:188} INFO - [2025-11-02T19:43:15.917+0000] {dag.py:3823} INFO - Setting next_dagrun for load_csv_to_clickhouse to 2025-11-02 00:00:00+00:00, run_after=2025-11-09 00:00:00+00:00
[2025-11-02T19:43:15.963+0000] {processor.py:183} INFO - Processing /opt/airflow/dags/load_to_clickhouse.py took 10.043 seconds
[2025-11-02T19:48:06.619+0000] {processor.py:161} INFO - Started process (PID=4450) to work on /opt/airflow/dags/load_to_clickhouse.py
[2025-11-02T19:48:06.622+0000] {processor.py:830} INFO - Processing file /opt/airflow/dags/load_to_clickhouse.py for tasks to queue
[2025-11-02T19:48:06.624+0000] {logging_mixin.py:188} INFO - [2025-11-02T19:48:06.623+0000] {dagbag.py:538} INFO - Filling up the DagBag from /opt/airflow/dags/load_to_clickhouse.py
[2025-11-02T19:48:07.890+0000] {processor.py:840} INFO - DAG(s) 'load_csv_to_clickhouse' retrieved from /opt/airflow/dags/load_to_clickhouse.py
[2025-11-02T19:48:07.944+0000] {logging_mixin.py:188} INFO - [2025-11-02T19:48:07.943+0000] {dag.py:3036} INFO - Sync 1 DAGs
[2025-11-02T19:48:07.995+0000] {logging_mixin.py:188} INFO - [2025-11-02T19:48:07.994+0000] {dag.py:3823} INFO - Setting next_dagrun for load_csv_to_clickhouse to 2025-11-02 00:00:00+00:00, run_after=2025-11-09 00:00:00+00:00
[2025-11-02T19:48:08.045+0000] {processor.py:183} INFO - Processing /opt/airflow/dags/load_to_clickhouse.py took 1.434 seconds
[2025-11-02T19:48:38.510+0000] {processor.py:161} INFO - Started process (PID=4462) to work on /opt/airflow/dags/load_to_clickhouse.py
[2025-11-02T19:48:38.512+0000] {processor.py:830} INFO - Processing file /opt/airflow/dags/load_to_clickhouse.py for tasks to queue
[2025-11-02T19:48:38.515+0000] {logging_mixin.py:188} INFO - [2025-11-02T19:48:38.514+0000] {dagbag.py:538} INFO - Filling up the DagBag from /opt/airflow/dags/load_to_clickhouse.py
[2025-11-02T19:48:39.828+0000] {processor.py:840} INFO - DAG(s) 'load_csv_to_clickhouse' retrieved from /opt/airflow/dags/load_to_clickhouse.py
[2025-11-02T19:48:39.927+0000] {logging_mixin.py:188} INFO - [2025-11-02T19:48:39.927+0000] {dag.py:3036} INFO - Sync 1 DAGs
[2025-11-02T19:48:40.013+0000] {logging_mixin.py:188} INFO - [2025-11-02T19:48:40.012+0000] {dag.py:3823} INFO - Setting next_dagrun for load_csv_to_clickhouse to 2025-11-02 00:00:00+00:00, run_after=2025-11-09 00:00:00+00:00
[2025-11-02T19:48:40.061+0000] {processor.py:183} INFO - Processing /opt/airflow/dags/load_to_clickhouse.py took 1.559 seconds
